[2026-04-16 01:45:58.676] local.info: [59.397ms] [rows:1] SELECT * FROM "users" WHERE "email" = 'admin@askara.com' ORDER BY "users"."id" LIMIT 1
[2026-04-16 01:45:58.769] local.info: [25.555ms] [rows:1] SELECT * FROM "user_roles" WHERE user_id = '00000000-0000-0000-0000-000000000099'
[2026-04-16 01:45:58.799] local.info: [29.647ms] [rows:1] SELECT * FROM "roles" WHERE id IN ('68c46dfb-a565-4938-99d7-9fdd0acf8a7e')
[2026-04-16 01:45:58.827] local.info: [27.462ms] [rows:45] SELECT "role_permissions"."permission_id" FROM "role_permissions" WHERE role_id = '68c46dfb-a565-4938-99d7-9fdd0acf8a7e'
[2026-04-16 01:45:58.857] local.info: [29.958ms] [rows:45] SELECT * FROM "permissions" WHERE id IN ('ab6da9f5-8b11-4644-9aaa-009b3b28a4ec','5daf3519-8949-4d26-b4bc-00c8b03f04fe','91166846-7ec1-42de-b134-ce141c3a9d7d','28c919a4-3744-4931-805a-a219892adbe3','789e0c77-5a0c-4ea7-a2e1-606803a6e2bd','6cd9d7a8-34ac-4740-9bc1-aa386ae6de38','8d2454fc-6567-46f9-8527-5843c7142e3c','cf81b7d4-096a-435a-b515-ad3f779199b8','82188518-37d9-45c0-9bca-b0d202cc9449','c01ff63f-6e93-4a78-8e50-87af96ab4a89','a14b8e8b-3f32-475f-8a47-5d33dab3042e','653cb315-36f1-4697-90e4-329900532da2','217d2f9d-5606-432f-99aa-bd6fb720b45f','328bd207-61d6-40ab-9d1d-bbe31ba63a3e','9b3cb586-a24f-4353-8c5a-6a860eba7357','a9280ee9-eb73-4cfb-8092-80f4c2cc5529','e225de9e-e14e-4219-a638-44d136be5613','46c78359-bdb4-421e-9182-d1d095921f20','b0aabdc2-3a7f-496c-a902-ee468671cf24','f4e500e8-45dd-4eeb-8b47-c97d832f18b2','00f63f53-4009-405a-9736-eff543475f78','31cb98ec-4d68-460a-8a6b-1566b0356cb5','29033b15-df4d-4afe-b261-d9f9d978215b','770de03c-008e-4352-915b-dbad46394b3e','386b4440-e446-4a4c-bbf2-2df0b3d482e7','764434f1-f401-4cec-b0a5-94c50e4c10bb','f8315a47-3595-4af7-afca-831deb36ae44','16b41fad-47bb-456e-818a-0e17a10696d3','7dba2974-eed0-4a24-8090-13ce49e8ae9c','2107c201-e779-4d54-b9d8-e77e63506727','540fda97-9bb5-45a3-8677-e5494a35f98d','8db21bed-0a56-4384-b989-46c85bf60a4a','b64fe46a-25b2-4780-b910-8897bab331d1','04b0026e-ed12-4e5e-85e2-1ed905581184','c4b26668-789f-4117-b9af-34719df71955','06cf74d1-3ae5-4aee-8048-5fab3132f2ba','5ce4a39b-7e40-4486-b5d7-7f910cb36590','b23b7eaa-6c87-413b-b144-42b7afafd4df','f033f831-0ad6-4654-b9cc-9ad6f8c92e8c','af282aaf-606b-4d5f-9ef8-070dc205befb','24c1e762-e92d-485c-ab51-7bd8574e8cb1','2d68eaae-a710-43ae-b278-b376f0865788','21fdd8fe-78d5-4ce1-ae83-7df1ebfc6f56','23922b05-5fbd-49fd-8f6e-3847cabd2503','5c53b1b4-f8e2-4bd1-a376-d983f799cf4b')
[2026-04-16 01:45:58.906] local.info: [49.694ms] [rows:1] UPDATE "users" SET "last_login_at"='2026-04-16 08:45:58.857',"updated_at"='2026-04-16 01:45:58.857' WHERE "id" = '00000000-0000-0000-0000-000000000099'
[2026-04-16 01:45:58.946] local.info: [39.687ms] [rows:1] UPDATE "users" SET "last_login_ip"='127.0.0.1',"updated_at"='2026-04-16 01:45:58.906' WHERE "id" = '00000000-0000-0000-0000-000000000099'
[2026-04-16 01:45:58.977] local.info: [30.229ms] [rows:1] SELECT * FROM "companies" WHERE id = '00000000-0000-0000-0000-000000000001' ORDER BY "companies"."id" LIMIT 1
[2026-04-16 01:45:59.007] local.info: [29.568ms] [rows:1] SELECT * FROM "offices" WHERE id = '00000000-0000-0000-0000-000000000002' ORDER BY "offices"."id" LIMIT 1
[2026-04-16 01:45:59.026] local.info: [19.508ms] [rows:1] SELECT * FROM "departments" WHERE id = '00000000-0000-0000-0000-000000000003' ORDER BY "departments"."id" LIMIT 1
[2026-04-16 01:45:59.126] local.info: [23.005ms] [rows:1] SELECT * FROM "users" WHERE id = '00000000-0000-0000-0000-000000000099' ORDER BY "users"."id" LIMIT 1
[2026-04-16 01:45:59.137] local.info: [10.485ms] [rows:1] SELECT * FROM "user_roles" WHERE user_id = '00000000-0000-0000-0000-000000000099'
[2026-04-16 01:45:59.145] local.info: [8.379ms] [rows:1] SELECT * FROM "roles" WHERE id IN ('68c46dfb-a565-4938-99d7-9fdd0acf8a7e')
[2026-04-16 01:45:59.164] local.info: [18.592ms] [rows:45] SELECT * FROM "role_permissions" WHERE role_id IN ('68c46dfb-a565-4938-99d7-9fdd0acf8a7e')
[2026-04-16 01:45:59.172] local.info: [68.454ms] [rows:1] SELECT * FROM "users" WHERE id = '00000000-0000-0000-0000-000000000099' ORDER BY "users"."id" LIMIT 1
[2026-04-16 01:45:59.174] local.info: [9.884ms] [rows:45] SELECT * FROM "permissions" WHERE id IN ('ab6da9f5-8b11-4644-9aaa-009b3b28a4ec','5daf3519-8949-4d26-b4bc-00c8b03f04fe','91166846-7ec1-42de-b134-ce141c3a9d7d','28c919a4-3744-4931-805a-a219892adbe3','789e0c77-5a0c-4ea7-a2e1-606803a6e2bd','6cd9d7a8-34ac-4740-9bc1-aa386ae6de38','8d2454fc-6567-46f9-8527-5843c7142e3c','cf81b7d4-096a-435a-b515-ad3f779199b8','82188518-37d9-45c0-9bca-b0d202cc9449','c01ff63f-6e93-4a78-8e50-87af96ab4a89','a14b8e8b-3f32-475f-8a47-5d33dab3042e','653cb315-36f1-4697-90e4-329900532da2','217d2f9d-5606-432f-99aa-bd6fb720b45f','328bd207-61d6-40ab-9d1d-bbe31ba63a3e','9b3cb586-a24f-4353-8c5a-6a860eba7357','a9280ee9-eb73-4cfb-8092-80f4c2cc5529','e225de9e-e14e-4219-a638-44d136be5613','46c78359-bdb4-421e-9182-d1d095921f20','b0aabdc2-3a7f-496c-a902-ee468671cf24','f4e500e8-45dd-4eeb-8b47-c97d832f18b2','00f63f53-4009-405a-9736-eff543475f78','31cb98ec-4d68-460a-8a6b-1566b0356cb5','29033b15-df4d-4afe-b261-d9f9d978215b','770de03c-008e-4352-915b-dbad46394b3e','386b4440-e446-4a4c-bbf2-2df0b3d482e7','764434f1-f401-4cec-b0a5-94c50e4c10bb','f8315a47-3595-4af7-afca-831deb36ae44','16b41fad-47bb-456e-818a-0e17a10696d3','7dba2974-eed0-4a24-8090-13ce49e8ae9c','2107c201-e779-4d54-b9d8-e77e63506727','540fda97-9bb5-45a3-8677-e5494a35f98d','8db21bed-0a56-4384-b989-46c85bf60a4a','b64fe46a-25b2-4780-b910-8897bab331d1','04b0026e-ed12-4e5e-85e2-1ed905581184','c4b26668-789f-4117-b9af-34719df71955','06cf74d1-3ae5-4aee-8048-5fab3132f2ba','5ce4a39b-7e40-4486-b5d7-7f910cb36590','b23b7eaa-6c87-413b-b144-42b7afafd4df','f033f831-0ad6-4654-b9cc-9ad6f8c92e8c','af282aaf-606b-4d5f-9ef8-070dc205befb','24c1e762-e92d-485c-ab51-7bd8574e8cb1','2d68eaae-a710-43ae-b278-b376f0865788','21fdd8fe-78d5-4ce1-ae83-7df1ebfc6f56','23922b05-5fbd-49fd-8f6e-3847cabd2503','5c53b1b4-f8e2-4bd1-a376-d983f799cf4b')
[2026-04-16 01:45:59.175] local.info: [54.599ms] [rows:1] SELECT * FROM "users" WHERE id = '00000000-0000-0000-0000-000000000099' ORDER BY "users"."id" LIMIT 1
[2026-04-16 01:45:59.175] local.info: [53.968ms] [rows:1] SELECT * FROM "users" WHERE id = '00000000-0000-0000-0000-000000000099' ORDER BY "users"."id" LIMIT 1
[2026-04-16 01:45:59.183] local.info: [62.365ms] [rows:1] SELECT * FROM "users" WHERE id = '00000000-0000-0000-0000-000000000099' ORDER BY "users"."id" LIMIT 1
[2026-04-16 01:45:59.183] local.info: [61.980ms] [rows:1] SELECT * FROM "users" WHERE id = '00000000-0000-0000-0000-000000000099' ORDER BY "users"."id" LIMIT 1
[2026-04-16 01:45:59.19] local.info: [16.080ms] [rows:1] SELECT count(*) FROM "notifications" WHERE user_id = '00000000-0000-0000-0000-000000000099' AND is_read = false
[2026-04-16 01:45:59.2] local.info: [27.796ms] [rows:1] SELECT * FROM "user_roles" WHERE user_id = '00000000-0000-0000-0000-000000000099'
[2026-04-16 01:45:59.2] local.info: [17.142ms] [rows:1] SELECT * FROM "user_roles" WHERE user_id = '00000000-0000-0000-0000-000000000099'
[2026-04-16 01:45:59.2] local.info: [8.923ms] [rows:1] SELECT * FROM "users" WHERE id = '00000000-0000-0000-0000-000000000099' ORDER BY "users"."id" LIMIT 1
[2026-04-16 01:45:59.2] local.info: [17.128ms] [rows:1] SELECT * FROM "user_roles" WHERE user_id = '00000000-0000-0000-0000-000000000099'
[2026-04-16 01:45:59.2] local.info: [25.514ms] [rows:1] SELECT * FROM "user_roles" WHERE user_id = '00000000-0000-0000-0000-000000000099'
[2026-04-16 01:45:59.209] local.info: [34.706ms] [rows:1] SELECT * FROM "user_roles" WHERE user_id = '00000000-0000-0000-0000-000000000099'
[2026-04-16 01:45:59.209] local.info: [9.177ms] [rows:1] SELECT * FROM "roles" WHERE id IN ('68c46dfb-a565-4938-99d7-9fdd0acf8a7e')
[2026-04-16 01:45:59.209] local.info: [9.190ms] [rows:1] SELECT * FROM "user_roles" WHERE user_id = '00000000-0000-0000-0000-000000000099'
[2026-04-16 01:45:59.209] local.info: [9.140ms] [rows:1] SELECT * FROM "roles" WHERE id IN ('68c46dfb-a565-4938-99d7-9fdd0acf8a7e')
[2026-04-16 01:45:59.219] local.info: [18.668ms] [rows:1] SELECT * FROM "roles" WHERE id IN ('68c46dfb-a565-4938-99d7-9fdd0acf8a7e')
[2026-04-16 01:45:59.219] local.info: [18.500ms] [rows:1] SELECT * FROM "roles" WHERE id IN ('68c46dfb-a565-4938-99d7-9fdd0acf8a7e')
[2026-04-16 01:45:59.219] local.info: [9.349ms] [rows:1] SELECT * FROM "roles" WHERE id IN ('68c46dfb-a565-4938-99d7-9fdd0acf8a7e')
[2026-04-16 01:45:59.219] local.info: [9.238ms] [rows:1] SELECT * FROM "roles" WHERE id IN ('68c46dfb-a565-4938-99d7-9fdd0acf8a7e')
[2026-04-16 01:45:59.226] local.info: [16.644ms] [rows:45] SELECT * FROM "role_permissions" WHERE role_id IN ('68c46dfb-a565-4938-99d7-9fdd0acf8a7e')
[2026-04-16 01:45:59.226] local.info: [16.678ms] [rows:45] SELECT * FROM "role_permissions" WHERE role_id IN ('68c46dfb-a565-4938-99d7-9fdd0acf8a7e')
[2026-04-16 01:45:59.228] local.info: [9.284ms] [rows:45] SELECT * FROM "role_permissions" WHERE role_id IN ('68c46dfb-a565-4938-99d7-9fdd0acf8a7e')
[2026-04-16 01:45:59.234] local.info: [15.133ms] [rows:45] SELECT * FROM "role_permissions" WHERE role_id IN ('68c46dfb-a565-4938-99d7-9fdd0acf8a7e')
[2026-04-16 01:45:59.234] local.info: [15.161ms] [rows:45] SELECT * FROM "role_permissions" WHERE role_id IN ('68c46dfb-a565-4938-99d7-9fdd0acf8a7e')
[2026-04-16 01:45:59.237] local.info: [17.922ms] [rows:45] SELECT * FROM "role_permissions" WHERE role_id IN ('68c46dfb-a565-4938-99d7-9fdd0acf8a7e')
[2026-04-16 01:45:59.239] local.info: [12.529ms] [rows:45] SELECT * FROM "permissions" WHERE id IN ('ab6da9f5-8b11-4644-9aaa-009b3b28a4ec','5daf3519-8949-4d26-b4bc-00c8b03f04fe','91166846-7ec1-42de-b134-ce141c3a9d7d','28c919a4-3744-4931-805a-a219892adbe3','789e0c77-5a0c-4ea7-a2e1-606803a6e2bd','6cd9d7a8-34ac-4740-9bc1-aa386ae6de38','8d2454fc-6567-46f9-8527-5843c7142e3c','cf81b7d4-096a-435a-b515-ad3f779199b8','82188518-37d9-45c0-9bca-b0d202cc9449','c01ff63f-6e93-4a78-8e50-87af96ab4a89','a14b8e8b-3f32-475f-8a47-5d33dab3042e','653cb315-36f1-4697-90e4-329900532da2','217d2f9d-5606-432f-99aa-bd6fb720b45f','328bd207-61d6-40ab-9d1d-bbe31ba63a3e','9b3cb586-a24f-4353-8c5a-6a860eba7357','a9280ee9-eb73-4cfb-8092-80f4c2cc5529','e225de9e-e14e-4219-a638-44d136be5613','46c78359-bdb4-421e-9182-d1d095921f20','b0aabdc2-3a7f-496c-a902-ee468671cf24','f4e500e8-45dd-4eeb-8b47-c97d832f18b2','00f63f53-4009-405a-9736-eff543475f78','31cb98ec-4d68-460a-8a6b-1566b0356cb5','29033b15-df4d-4afe-b261-d9f9d978215b','770de03c-008e-4352-915b-dbad46394b3e','386b4440-e446-4a4c-bbf2-2df0b3d482e7','764434f1-f401-4cec-b0a5-94c50e4c10bb','f8315a47-3595-4af7-afca-831deb36ae44','16b41fad-47bb-456e-818a-0e17a10696d3','7dba2974-eed0-4a24-8090-13ce49e8ae9c','2107c201-e779-4d54-b9d8-e77e63506727','540fda97-9bb5-45a3-8677-e5494a35f98d','8db21bed-0a56-4384-b989-46c85bf60a4a','b64fe46a-25b2-4780-b910-8897bab331d1','04b0026e-ed12-4e5e-85e2-1ed905581184','c4b26668-789f-4117-b9af-34719df71955','06cf74d1-3ae5-4aee-8048-5fab3132f2ba','5ce4a39b-7e40-4486-b5d7-7f910cb36590','b23b7eaa-6c87-413b-b144-42b7afafd4df','f033f831-0ad6-4654-b9cc-9ad6f8c92e8c','af282aaf-606b-4d5f-9ef8-070dc205befb','24c1e762-e92d-485c-ab51-7bd8574e8cb1','2d68eaae-a710-43ae-b278-b376f0865788','21fdd8fe-78d5-4ce1-ae83-7df1ebfc6f56','23922b05-5fbd-49fd-8f6e-3847cabd2503','5c53b1b4-f8e2-4bd1-a376-d983f799cf4b')
[2026-04-16 01:45:59.239] local.info: [12.633ms] [rows:45] SELECT * FROM "permissions" WHERE id IN ('ab6da9f5-8b11-4644-9aaa-009b3b28a4ec','5daf3519-8949-4d26-b4bc-00c8b03f04fe','91166846-7ec1-42de-b134-ce141c3a9d7d','28c919a4-3744-4931-805a-a219892adbe3','789e0c77-5a0c-4ea7-a2e1-606803a6e2bd','6cd9d7a8-34ac-4740-9bc1-aa386ae6de38','8d2454fc-6567-46f9-8527-5843c7142e3c','cf81b7d4-096a-435a-b515-ad3f779199b8','82188518-37d9-45c0-9bca-b0d202cc9449','c01ff63f-6e93-4a78-8e50-87af96ab4a89','a14b8e8b-3f32-475f-8a47-5d33dab3042e','653cb315-36f1-4697-90e4-329900532da2','217d2f9d-5606-432f-99aa-bd6fb720b45f','328bd207-61d6-40ab-9d1d-bbe31ba63a3e','9b3cb586-a24f-4353-8c5a-6a860eba7357','a9280ee9-eb73-4cfb-8092-80f4c2cc5529','e225de9e-e14e-4219-a638-44d136be5613','46c78359-bdb4-421e-9182-d1d095921f20','b0aabdc2-3a7f-496c-a902-ee468671cf24','f4e500e8-45dd-4eeb-8b47-c97d832f18b2','00f63f53-4009-405a-9736-eff543475f78','31cb98ec-4d68-460a-8a6b-1566b0356cb5','29033b15-df4d-4afe-b261-d9f9d978215b','770de03c-008e-4352-915b-dbad46394b3e','386b4440-e446-4a4c-bbf2-2df0b3d482e7','764434f1-f401-4cec-b0a5-94c50e4c10bb','f8315a47-3595-4af7-afca-831deb36ae44','16b41fad-47bb-456e-818a-0e17a10696d3','7dba2974-eed0-4a24-8090-13ce49e8ae9c','2107c201-e779-4d54-b9d8-e77e63506727','540fda97-9bb5-45a3-8677-e5494a35f98d','8db21bed-0a56-4384-b989-46c85bf60a4a','b64fe46a-25b2-4780-b910-8897bab331d1','04b0026e-ed12-4e5e-85e2-1ed905581184','c4b26668-789f-4117-b9af-34719df71955','06cf74d1-3ae5-4aee-8048-5fab3132f2ba','5ce4a39b-7e40-4486-b5d7-7f910cb36590','b23b7eaa-6c87-413b-b144-42b7afafd4df','f033f831-0ad6-4654-b9cc-9ad6f8c92e8c','af282aaf-606b-4d5f-9ef8-070dc205befb','24c1e762-e92d-485c-ab51-7bd8574e8cb1','2d68eaae-a710-43ae-b278-b376f0865788','21fdd8fe-78d5-4ce1-ae83-7df1ebfc6f56','23922b05-5fbd-49fd-8f6e-3847cabd2503','5c53b1b4-f8e2-4bd1-a376-d983f799cf4b')
[2026-04-16 01:45:59.242] local.info: [14.013ms] [rows:45] SELECT * FROM "permissions" WHERE id IN ('ab6da9f5-8b11-4644-9aaa-009b3b28a4ec','5daf3519-8949-4d26-b4bc-00c8b03f04fe','91166846-7ec1-42de-b134-ce141c3a9d7d','28c919a4-3744-4931-805a-a219892adbe3','789e0c77-5a0c-4ea7-a2e1-606803a6e2bd','6cd9d7a8-34ac-4740-9bc1-aa386ae6de38','8d2454fc-6567-46f9-8527-5843c7142e3c','cf81b7d4-096a-435a-b515-ad3f779199b8','82188518-37d9-45c0-9bca-b0d202cc9449','c01ff63f-6e93-4a78-8e50-87af96ab4a89','a14b8e8b-3f32-475f-8a47-5d33dab3042e','653cb315-36f1-4697-90e4-329900532da2','217d2f9d-5606-432f-99aa-bd6fb720b45f','328bd207-61d6-40ab-9d1d-bbe31ba63a3e','9b3cb586-a24f-4353-8c5a-6a860eba7357','a9280ee9-eb73-4cfb-8092-80f4c2cc5529','e225de9e-e14e-4219-a638-44d136be5613','46c78359-bdb4-421e-9182-d1d095921f20','b0aabdc2-3a7f-496c-a902-ee468671cf24','f4e500e8-45dd-4eeb-8b47-c97d832f18b2','00f63f53-4009-405a-9736-eff543475f78','31cb98ec-4d68-460a-8a6b-1566b0356cb5','29033b15-df4d-4afe-b261-d9f9d978215b','770de03c-008e-4352-915b-dbad46394b3e','386b4440-e446-4a4c-bbf2-2df0b3d482e7','764434f1-f401-4cec-b0a5-94c50e4c10bb','f8315a47-3595-4af7-afca-831deb36ae44','16b41fad-47bb-456e-818a-0e17a10696d3','7dba2974-eed0-4a24-8090-13ce49e8ae9c','2107c201-e779-4d54-b9d8-e77e63506727','540fda97-9bb5-45a3-8677-e5494a35f98d','8db21bed-0a56-4384-b989-46c85bf60a4a','b64fe46a-25b2-4780-b910-8897bab331d1','04b0026e-ed12-4e5e-85e2-1ed905581184','c4b26668-789f-4117-b9af-34719df71955','06cf74d1-3ae5-4aee-8048-5fab3132f2ba','5ce4a39b-7e40-4486-b5d7-7f910cb36590','b23b7eaa-6c87-413b-b144-42b7afafd4df','f033f831-0ad6-4654-b9cc-9ad6f8c92e8c','af282aaf-606b-4d5f-9ef8-070dc205befb','24c1e762-e92d-485c-ab51-7bd8574e8cb1','2d68eaae-a710-43ae-b278-b376f0865788','21fdd8fe-78d5-4ce1-ae83-7df1ebfc6f56','23922b05-5fbd-49fd-8f6e-3847cabd2503','5c53b1b4-f8e2-4bd1-a376-d983f799cf4b')
[2026-04-16 01:45:59.246] local.info: [11.848ms] [rows:45] SELECT * FROM "permissions" WHERE id IN ('ab6da9f5-8b11-4644-9aaa-009b3b28a4ec','5daf3519-8949-4d26-b4bc-00c8b03f04fe','91166846-7ec1-42de-b134-ce141c3a9d7d','28c919a4-3744-4931-805a-a219892adbe3','789e0c77-5a0c-4ea7-a2e1-606803a6e2bd','6cd9d7a8-34ac-4740-9bc1-aa386ae6de38','8d2454fc-6567-46f9-8527-5843c7142e3c','cf81b7d4-096a-435a-b515-ad3f779199b8','82188518-37d9-45c0-9bca-b0d202cc9449','c01ff63f-6e93-4a78-8e50-87af96ab4a89','a14b8e8b-3f32-475f-8a47-5d33dab3042e','653cb315-36f1-4697-90e4-329900532da2','217d2f9d-5606-432f-99aa-bd6fb720b45f','328bd207-61d6-40ab-9d1d-bbe31ba63a3e','9b3cb586-a24f-4353-8c5a-6a860eba7357','a9280ee9-eb73-4cfb-8092-80f4c2cc5529','e225de9e-e14e-4219-a638-44d136be5613','46c78359-bdb4-421e-9182-d1d095921f20','b0aabdc2-3a7f-496c-a902-ee468671cf24','f4e500e8-45dd-4eeb-8b47-c97d832f18b2','00f63f53-4009-405a-9736-eff543475f78','31cb98ec-4d68-460a-8a6b-1566b0356cb5','29033b15-df4d-4afe-b261-d9f9d978215b','770de03c-008e-4352-915b-dbad46394b3e','386b4440-e446-4a4c-bbf2-2df0b3d482e7','764434f1-f401-4cec-b0a5-94c50e4c10bb','f8315a47-3595-4af7-afca-831deb36ae44','16b41fad-47bb-456e-818a-0e17a10696d3','7dba2974-eed0-4a24-8090-13ce49e8ae9c','2107c201-e779-4d54-b9d8-e77e63506727','540fda97-9bb5-45a3-8677-e5494a35f98d','8db21bed-0a56-4384-b989-46c85bf60a4a','b64fe46a-25b2-4780-b910-8897bab331d1','04b0026e-ed12-4e5e-85e2-1ed905581184','c4b26668-789f-4117-b9af-34719df71955','06cf74d1-3ae5-4aee-8048-5fab3132f2ba','5ce4a39b-7e40-4486-b5d7-7f910cb36590','b23b7eaa-6c87-413b-b144-42b7afafd4df','f033f831-0ad6-4654-b9cc-9ad6f8c92e8c','af282aaf-606b-4d5f-9ef8-070dc205befb','24c1e762-e92d-485c-ab51-7bd8574e8cb1','2d68eaae-a710-43ae-b278-b376f0865788','21fdd8fe-78d5-4ce1-ae83-7df1ebfc6f56','23922b05-5fbd-49fd-8f6e-3847cabd2503','5c53b1b4-f8e2-4bd1-a376-d983f799cf4b')
[2026-04-16 01:45:59.246] local.info: [11.851ms] [rows:45] SELECT * FROM "permissions" WHERE id IN ('ab6da9f5-8b11-4644-9aaa-009b3b28a4ec','5daf3519-8949-4d26-b4bc-00c8b03f04fe','91166846-7ec1-42de-b134-ce141c3a9d7d','28c919a4-3744-4931-805a-a219892adbe3','789e0c77-5a0c-4ea7-a2e1-606803a6e2bd','6cd9d7a8-34ac-4740-9bc1-aa386ae6de38','8d2454fc-6567-46f9-8527-5843c7142e3c','cf81b7d4-096a-435a-b515-ad3f779199b8','82188518-37d9-45c0-9bca-b0d202cc9449','c01ff63f-6e93-4a78-8e50-87af96ab4a89','a14b8e8b-3f32-475f-8a47-5d33dab3042e','653cb315-36f1-4697-90e4-329900532da2','217d2f9d-5606-432f-99aa-bd6fb720b45f','328bd207-61d6-40ab-9d1d-bbe31ba63a3e','9b3cb586-a24f-4353-8c5a-6a860eba7357','a9280ee9-eb73-4cfb-8092-80f4c2cc5529','e225de9e-e14e-4219-a638-44d136be5613','46c78359-bdb4-421e-9182-d1d095921f20','b0aabdc2-3a7f-496c-a902-ee468671cf24','f4e500e8-45dd-4eeb-8b47-c97d832f18b2','00f63f53-4009-405a-9736-eff543475f78','31cb98ec-4d68-460a-8a6b-1566b0356cb5','29033b15-df4d-4afe-b261-d9f9d978215b','770de03c-008e-4352-915b-dbad46394b3e','386b4440-e446-4a4c-bbf2-2df0b3d482e7','764434f1-f401-4cec-b0a5-94c50e4c10bb','f8315a47-3595-4af7-afca-831deb36ae44','16b41fad-47bb-456e-818a-0e17a10696d3','7dba2974-eed0-4a24-8090-13ce49e8ae9c','2107c201-e779-4d54-b9d8-e77e63506727','540fda97-9bb5-45a3-8677-e5494a35f98d','8db21bed-0a56-4384-b989-46c85bf60a4a','b64fe46a-25b2-4780-b910-8897bab331d1','04b0026e-ed12-4e5e-85e2-1ed905581184','c4b26668-789f-4117-b9af-34719df71955','06cf74d1-3ae5-4aee-8048-5fab3132f2ba','5ce4a39b-7e40-4486-b5d7-7f910cb36590','b23b7eaa-6c87-413b-b144-42b7afafd4df','f033f831-0ad6-4654-b9cc-9ad6f8c92e8c','af282aaf-606b-4d5f-9ef8-070dc205befb','24c1e762-e92d-485c-ab51-7bd8574e8cb1','2d68eaae-a710-43ae-b278-b376f0865788','21fdd8fe-78d5-4ce1-ae83-7df1ebfc6f56','23922b05-5fbd-49fd-8f6e-3847cabd2503','5c53b1b4-f8e2-4bd1-a376-d983f799cf4b')
[2026-04-16 01:45:59.246] local.info: [9.119ms] [rows:45] SELECT * FROM "permissions" WHERE id IN ('ab6da9f5-8b11-4644-9aaa-009b3b28a4ec','5daf3519-8949-4d26-b4bc-00c8b03f04fe','91166846-7ec1-42de-b134-ce141c3a9d7d','28c919a4-3744-4931-805a-a219892adbe3','789e0c77-5a0c-4ea7-a2e1-606803a6e2bd','6cd9d7a8-34ac-4740-9bc1-aa386ae6de38','8d2454fc-6567-46f9-8527-5843c7142e3c','cf81b7d4-096a-435a-b515-ad3f779199b8','82188518-37d9-45c0-9bca-b0d202cc9449','c01ff63f-6e93-4a78-8e50-87af96ab4a89','a14b8e8b-3f32-475f-8a47-5d33dab3042e','653cb315-36f1-4697-90e4-329900532da2','217d2f9d-5606-432f-99aa-bd6fb720b45f','328bd207-61d6-40ab-9d1d-bbe31ba63a3e','9b3cb586-a24f-4353-8c5a-6a860eba7357','a9280ee9-eb73-4cfb-8092-80f4c2cc5529','e225de9e-e14e-4219-a638-44d136be5613','46c78359-bdb4-421e-9182-d1d095921f20','b0aabdc2-3a7f-496c-a902-ee468671cf24','f4e500e8-45dd-4eeb-8b47-c97d832f18b2','00f63f53-4009-405a-9736-eff543475f78','31cb98ec-4d68-460a-8a6b-1566b0356cb5','29033b15-df4d-4afe-b261-d9f9d978215b','770de03c-008e-4352-915b-dbad46394b3e','386b4440-e446-4a4c-bbf2-2df0b3d482e7','764434f1-f401-4cec-b0a5-94c50e4c10bb','f8315a47-3595-4af7-afca-831deb36ae44','16b41fad-47bb-456e-818a-0e17a10696d3','7dba2974-eed0-4a24-8090-13ce49e8ae9c','2107c201-e779-4d54-b9d8-e77e63506727','540fda97-9bb5-45a3-8677-e5494a35f98d','8db21bed-0a56-4384-b989-46c85bf60a4a','b64fe46a-25b2-4780-b910-8897bab331d1','04b0026e-ed12-4e5e-85e2-1ed905581184','c4b26668-789f-4117-b9af-34719df71955','06cf74d1-3ae5-4aee-8048-5fab3132f2ba','5ce4a39b-7e40-4486-b5d7-7f910cb36590','b23b7eaa-6c87-413b-b144-42b7afafd4df','f033f831-0ad6-4654-b9cc-9ad6f8c92e8c','af282aaf-606b-4d5f-9ef8-070dc205befb','24c1e762-e92d-485c-ab51-7bd8574e8cb1','2d68eaae-a710-43ae-b278-b376f0865788','21fdd8fe-78d5-4ce1-ae83-7df1ebfc6f56','23922b05-5fbd-49fd-8f6e-3847cabd2503','5c53b1b4-f8e2-4bd1-a376-d983f799cf4b')
[2026-04-16 01:45:59.249] local.info: [10.420ms] [rows:1] SELECT count(*) FROM "documents" WHERE deleted_at IS NULL AND status IN ('in_review')
[2026-04-16 01:45:59.253] local.info: [11.146ms] [rows:2] SELECT * FROM "users"
[2026-04-16 01:45:59.254] local.info: [7.468ms] [rows:1] SELECT count(*) FROM "documents" WHERE deleted_at IS NULL
[2026-04-16 01:45:59.254] local.info: [7.666ms] [rows:1] SELECT count(*) FROM "document_types"
[2026-04-16 01:45:59.257] local.info: [10.968ms] [rows:1] SELECT count(*) FROM "documents" WHERE deleted_at IS NULL
[2026-04-16 01:45:59.257] local.info: [7.516ms] [rows:1] SELECT * FROM "user_roles" WHERE "user_roles"."user_id" = '00000000-0000-0000-0000-000000000099'
[2026-04-16 01:45:59.263] local.info: [13.713ms] [rows:0] SELECT * FROM "documents" WHERE deleted_at IS NULL AND status IN ('in_review') ORDER BY created_at desc LIMIT 1
[2026-04-16 01:45:59.264] local.info: [9.870ms] [rows:5] SELECT * FROM "document_types" ORDER BY sort_order asc, created_at desc LIMIT 20
[2026-04-16 01:45:59.264] local.info: [7.274ms] [rows:1] SELECT * FROM "roles" WHERE "roles"."id" = '68c46dfb-a565-4938-99d7-9fdd0acf8a7e'
[2026-04-16 01:45:59.265] local.info: [25.610ms] [rows:1] SELECT * FROM "users" WHERE id = '00000000-0000-0000-0000-000000000099' ORDER BY "users"."id" LIMIT 1
[2026-04-16 01:45:59.272] local.info: [8.672ms] [rows:1] SELECT * FROM "companies" WHERE "companies"."id" = '00000000-0000-0000-0000-000000000001'
[2026-04-16 01:45:59.272] local.info: [7.710ms] [rows:1] SELECT * FROM "document_categories" WHERE "document_categories"."id" = '1de6dcb1-c46b-466f-af65-bc4b8d75de05'
[2026-04-16 01:45:59.276] local.info: [11.757ms] [rows:1] SELECT * FROM "users" WHERE id = '00000000-0000-0000-0000-000000000099' ORDER BY "users"."id" LIMIT 1
[2026-04-16 01:45:59.276] local.info: [11.640ms] [rows:1] SELECT * FROM "users" WHERE id = '00000000-0000-0000-0000-000000000099' ORDER BY "users"."id" LIMIT 1
[2026-04-16 01:45:59.277] local.info: [11.880ms] [rows:0] SELECT * FROM "workflow_step_instances" WHERE status = 'active'
[2026-04-16 01:45:59.279] local.info: [7.105ms] [rows:1] SELECT * FROM "document_categories" WHERE "document_categories"."id" = '1de6dcb1-c46b-466f-af65-bc4b8d75de05'
[2026-04-16 01:45:59.279] local.info: [6.962ms] [rows:1] SELECT * FROM "offices" WHERE "offices"."id" = '00000000-0000-0000-0000-000000000002'
[2026-04-16 01:45:59.284] local.info: [11.464ms] [rows:1] SELECT * FROM "users" WHERE "users"."id" = '00000000-0000-0000-0000-000000000099'
[2026-04-16 01:45:59.284] local.info: [7.506ms] [rows:1] SELECT * FROM "user_roles" WHERE user_id = '00000000-0000-0000-0000-000000000099'
[2026-04-16 01:45:59.286] local.info: [9.418ms] [rows:1] SELECT * FROM "user_roles" WHERE user_id = '00000000-0000-0000-0000-000000000099'
[2026-04-16 01:45:59.286] local.error: [9.390ms] [rows:0] SELECT * FROM "workflow_delegations" WHERE delegated_to = '00000000-0000-0000-0000-000000000099' AND status = 'accepted'	ERROR: relation "workflow_delegations" does not exist (SQLSTATE 42P01)
[Trace] /Users/arivin29macmini/go/pkg/mod/github.com/goravel/framework@v1.17.2/log/writer.go:202 [log.(*Writer).withStackTrace]
/Users/arivin29macmini/go/pkg/mod/github.com/goravel/framework@v1.17.2/log/writer.go:65 [log.(*Writer).Errorf]
/Users/arivin29macmini/go/pkg/mod/github.com/goravel/framework@v1.17.2/database/db/logger.go:79 [db.(*Logger).Errorf]
/Users/arivin29macmini/go/pkg/mod/github.com/goravel/framework@v1.17.2/database/db/logger.go:102 [db.(*Logger).Trace]
/Users/arivin29macmini/go/pkg/mod/github.com/goravel/framework@v1.17.2/database/db/logger.go:153 [db.(*Gorm).Trace]
/Users/arivin29macmini/go/pkg/mod/gorm.io/gorm@v1.31.1/callbacks.go:140 [gorm.(*processor).Execute]
/Users/arivin29macmini/go/pkg/mod/gorm.io/gorm@v1.31.1/finisher_api.go:172 [gorm.(*DB).Find]
/Users/arivin29macmini/go/pkg/mod/github.com/goravel/framework@v1.17.2/database/gorm/query.go:270 [gorm.(*Query).Find]
/Users/arivin29macmini/go/pkg/mod/github.com/goravel/framework@v1.17.2/database/gorm/query.go:417 [gorm.(*Query).Get]
/Users/arivin29macmini/Documents/DEVETEK/BMS/dms/app/repositories/workflow_instance_repository.go:321 [repositories.(*workflowInstanceRepository).GetPendingTasksForUser]
/Users/arivin29macmini/Documents/DEVETEK/BMS/dms/app/services/workflow_action_service.go:634 [services.(*WorkflowActionService).GetPendingTasks]
/Users/arivin29macmini/Documents/DEVETEK/BMS/dms/app/http/controllers/workflow_action_controller.go:141 [controllers.(*WorkflowActionController).GetPendingTasks]
/Users/arivin29macmini/go/pkg/mod/github.com/goravel/gin@v1.17.0/utils.go:37 [gin.(*Group).Get.handlerToGinHandler.func1]
/Users/arivin29macmini/go/pkg/mod/github.com/gin-gonic/gin@v1.11.0/context.go:192 [gin.(*Context).Next]
/Users/arivin29macmini/go/pkg/mod/github.com/goravel/gin@v1.17.0/context_request.go:230 [gin.(*ContextRequest).Next]
/Users/arivin29macmini/go/pkg/mod/github.com/goravel/gin@v1.17.0/context_response.go:157 [gin.(*Route).init.ResponseMiddleware.func2]
/Users/arivin29macmini/go/pkg/mod/github.com/goravel/gin@v1.17.0/utils.go:54 [gin.(*Group).WithMiddlewares.middlewaresToGinHandlers.middlewareToGinHandler.func1]
/Users/arivin29macmini/go/pkg/mod/github.com/gin-gonic/gin@v1.11.0/context.go:192 [gin.(*Context).Next]
/Users/arivin29macmini/go/pkg/mod/github.com/goravel/gin@v1.17.0/context_request.go:230 [gin.(*ContextRequest).Next]
/Users/arivin29macmini/Documents/DEVETEK/BMS/dms/app/http/middleware/scope.go:63 [routes.Api.func2.DataScope.5]
/Users/arivin29macmini/go/pkg/mod/github.com/goravel/gin@v1.17.0/utils.go:54 [gin.(*Group).WithMiddlewares.middlewaresToGinHandlers.middlewareToGinHandler.func1]
/Users/arivin29macmini/go/pkg/mod/github.com/gin-gonic/gin@v1.11.0/context.go:192 [gin.(*Context).Next]
/Users/arivin29macmini/go/pkg/mod/github.com/goravel/gin@v1.17.0/context_request.go:230 [gin.(*ContextRequest).Next]
/Users/arivin29macmini/Documents/DEVETEK/BMS/dms/app/http/middleware/auth.go:50 [routes.Api.func2.Auth.4]
/Users/arivin29macmini/go/pkg/mod/github.com/goravel/gin@v1.17.0/utils.go:54 [gin.(*Group).WithMiddlewares.middlewaresToGinHandlers.middlewareToGinHandler.func1]
/Users/arivin29macmini/go/pkg/mod/github.com/gin-gonic/gin@v1.11.0/context.go:192 [gin.(*Context).Next]
/Users/arivin29macmini/go/pkg/mod/github.com/goravel/gin@v1.17.0/context_request.go:230 [gin.(*ContextRequest).Next]
/Users/arivin29macmini/Documents/DEVETEK/BMS/dms/app/http/middleware/cors.go:27 [routes.Api.Cors.func5]
/Users/arivin29macmini/go/pkg/mod/github.com/goravel/gin@v1.17.0/utils.go:54 [gin.(*Group).WithMiddlewares.middlewaresToGinHandlers.middlewareToGinHandler.func1]
/Users/arivin29macmini/go/pkg/mod/github.com/gin-gonic/gin@v1.11.0/context.go:192 [gin.(*Context).Next]
/Users/arivin29macmini/go/pkg/mod/github.com/goravel/gin@v1.17.0/context_request.go:230 [gin.(*ContextRequest).Next]
/Users/arivin29macmini/go/pkg/mod/github.com/goravel/gin@v1.17.0/middleware_tls.go:18 [gin.NewRoute.Tls.func3]
/Users/arivin29macmini/go/pkg/mod/github.com/goravel/gin@v1.17.0/utils.go:54 [gin.(*Route).init.middlewaresToGinHandlers.middlewareToGinHandler.func3]
/Users/arivin29macmini/go/pkg/mod/github.com/gin-gonic/gin@v1.11.0/context.go:192 [gin.(*Context).Next]
/Users/arivin29macmini/go/pkg/mod/github.com/goravel/gin@v1.17.0/context_request.go:230 [gin.(*ContextRequest).Next]
/Users/arivin29macmini/go/pkg/mod/github.com/goravel/gin@v1.17.0/middleware_cors.go:63 [gin.NewRoute.Cors.func2]
/Users/arivin29macmini/go/pkg/mod/github.com/goravel/gin@v1.17.0/utils.go:54 [gin.(*Route).init.middlewaresToGinHandlers.middlewareToGinHandler.func3]
/Users/arivin29macmini/go/pkg/mod/github.com/gin-gonic/gin@v1.11.0/context.go:192 [gin.(*Context).Next]
/Users/arivin29macmini/go/pkg/mod/github.com/goravel/gin@v1.17.0/context_request.go:230 [gin.(*ContextRequest).Next]
[2026-04-16 01:45:59.308] local.info: [21.779ms] [rows:1] SELECT * FROM "roles" WHERE id IN ('68c46dfb-a565-4938-99d7-9fdd0acf8a7e')
[2026-04-16 01:45:59.308] local.info: [28.426ms] [rows:1] SELECT * FROM "user_roles" WHERE "user_roles"."user_id" = '00000000-0000-0000-0000-000000000099'
[2026-04-16 01:45:59.308] local.info: [28.462ms] [rows:1] SELECT * FROM "users" WHERE "users"."id" = '00000000-0000-0000-0000-000000000099'
[2026-04-16 01:45:59.308] local.info: [23.778ms] [rows:1] SELECT * FROM "roles" WHERE id IN ('68c46dfb-a565-4938-99d7-9fdd0acf8a7e')
[2026-04-16 01:45:59.308] local.info: [23.960ms] [rows:1] SELECT * FROM "document_types" WHERE "document_types"."id" = '7367ca3d-eb1d-43dd-a115-cf3d2ceecdfa'
[2026-04-16 01:45:59.308] local.info: [54.470ms] [rows:1] SELECT * FROM "documents" WHERE deleted_at IS NULL ORDER BY created_at desc LIMIT 5
[2026-04-16 01:45:59.315] local.info: [7.459ms] [rows:1] SELECT * FROM "roles" WHERE "roles"."id" = '68c46dfb-a565-4938-99d7-9fdd0acf8a7e'
[2026-04-16 01:45:59.316] local.info: [62.012ms] [rows:1] SELECT * FROM "users" ORDER BY created_at desc LIMIT 1
[2026-04-16 01:45:59.318] local.info: [9.814ms] [rows:45] SELECT * FROM "role_permissions" WHERE role_id IN ('68c46dfb-a565-4938-99d7-9fdd0acf8a7e')
[2026-04-16 01:45:59.318] local.info: [9.863ms] [rows:1] SELECT * FROM "document_types" WHERE "document_types"."id" = '7367ca3d-eb1d-43dd-a115-cf3d2ceecdfa'
[2026-04-16 01:45:59.318] local.info: [60.894ms] [rows:1] SELECT * FROM "documents" WHERE deleted_at IS NULL ORDER BY created_at desc LIMIT 1
[2026-04-16 01:45:59.326] local.info: [17.672ms] [rows:45] SELECT * FROM "role_permissions" WHERE role_id IN ('68c46dfb-a565-4938-99d7-9fdd0acf8a7e')
[2026-04-16 01:45:59.334] local.info: [15.926ms] [rows:45] SELECT * FROM "permissions" WHERE id IN ('ab6da9f5-8b11-4644-9aaa-009b3b28a4ec','5daf3519-8949-4d26-b4bc-00c8b03f04fe','91166846-7ec1-42de-b134-ce141c3a9d7d','28c919a4-3744-4931-805a-a219892adbe3','789e0c77-5a0c-4ea7-a2e1-606803a6e2bd','6cd9d7a8-34ac-4740-9bc1-aa386ae6de38','8d2454fc-6567-46f9-8527-5843c7142e3c','cf81b7d4-096a-435a-b515-ad3f779199b8','82188518-37d9-45c0-9bca-b0d202cc9449','c01ff63f-6e93-4a78-8e50-87af96ab4a89','a14b8e8b-3f32-475f-8a47-5d33dab3042e','653cb315-36f1-4697-90e4-329900532da2','217d2f9d-5606-432f-99aa-bd6fb720b45f','328bd207-61d6-40ab-9d1d-bbe31ba63a3e','9b3cb586-a24f-4353-8c5a-6a860eba7357','a9280ee9-eb73-4cfb-8092-80f4c2cc5529','e225de9e-e14e-4219-a638-44d136be5613','46c78359-bdb4-421e-9182-d1d095921f20','b0aabdc2-3a7f-496c-a902-ee468671cf24','f4e500e8-45dd-4eeb-8b47-c97d832f18b2','00f63f53-4009-405a-9736-eff543475f78','31cb98ec-4d68-460a-8a6b-1566b0356cb5','29033b15-df4d-4afe-b261-d9f9d978215b','770de03c-008e-4352-915b-dbad46394b3e','386b4440-e446-4a4c-bbf2-2df0b3d482e7','764434f1-f401-4cec-b0a5-94c50e4c10bb','f8315a47-3595-4af7-afca-831deb36ae44','16b41fad-47bb-456e-818a-0e17a10696d3','7dba2974-eed0-4a24-8090-13ce49e8ae9c','2107c201-e779-4d54-b9d8-e77e63506727','540fda97-9bb5-45a3-8677-e5494a35f98d','8db21bed-0a56-4384-b989-46c85bf60a4a','b64fe46a-25b2-4780-b910-8897bab331d1','04b0026e-ed12-4e5e-85e2-1ed905581184','c4b26668-789f-4117-b9af-34719df71955','06cf74d1-3ae5-4aee-8048-5fab3132f2ba','5ce4a39b-7e40-4486-b5d7-7f910cb36590','b23b7eaa-6c87-413b-b144-42b7afafd4df','f033f831-0ad6-4654-b9cc-9ad6f8c92e8c','af282aaf-606b-4d5f-9ef8-070dc205befb','24c1e762-e92d-485c-ab51-7bd8574e8cb1','2d68eaae-a710-43ae-b278-b376f0865788','21fdd8fe-78d5-4ce1-ae83-7df1ebfc6f56','23922b05-5fbd-49fd-8f6e-3847cabd2503','5c53b1b4-f8e2-4bd1-a376-d983f799cf4b')
[2026-04-16 01:45:59.336] local.info: [10.001ms] [rows:45] SELECT * FROM "permissions" WHERE id IN ('ab6da9f5-8b11-4644-9aaa-009b3b28a4ec','5daf3519-8949-4d26-b4bc-00c8b03f04fe','91166846-7ec1-42de-b134-ce141c3a9d7d','28c919a4-3744-4931-805a-a219892adbe3','789e0c77-5a0c-4ea7-a2e1-606803a6e2bd','6cd9d7a8-34ac-4740-9bc1-aa386ae6de38','8d2454fc-6567-46f9-8527-5843c7142e3c','cf81b7d4-096a-435a-b515-ad3f779199b8','82188518-37d9-45c0-9bca-b0d202cc9449','c01ff63f-6e93-4a78-8e50-87af96ab4a89','a14b8e8b-3f32-475f-8a47-5d33dab3042e','653cb315-36f1-4697-90e4-329900532da2','217d2f9d-5606-432f-99aa-bd6fb720b45f','328bd207-61d6-40ab-9d1d-bbe31ba63a3e','9b3cb586-a24f-4353-8c5a-6a860eba7357','a9280ee9-eb73-4cfb-8092-80f4c2cc5529','e225de9e-e14e-4219-a638-44d136be5613','46c78359-bdb4-421e-9182-d1d095921f20','b0aabdc2-3a7f-496c-a902-ee468671cf24','f4e500e8-45dd-4eeb-8b47-c97d832f18b2','00f63f53-4009-405a-9736-eff543475f78','31cb98ec-4d68-460a-8a6b-1566b0356cb5','29033b15-df4d-4afe-b261-d9f9d978215b','770de03c-008e-4352-915b-dbad46394b3e','386b4440-e446-4a4c-bbf2-2df0b3d482e7','764434f1-f401-4cec-b0a5-94c50e4c10bb','f8315a47-3595-4af7-afca-831deb36ae44','16b41fad-47bb-456e-818a-0e17a10696d3','7dba2974-eed0-4a24-8090-13ce49e8ae9c','2107c201-e779-4d54-b9d8-e77e63506727','540fda97-9bb5-45a3-8677-e5494a35f98d','8db21bed-0a56-4384-b989-46c85bf60a4a','b64fe46a-25b2-4780-b910-8897bab331d1','04b0026e-ed12-4e5e-85e2-1ed905581184','c4b26668-789f-4117-b9af-34719df71955','06cf74d1-3ae5-4aee-8048-5fab3132f2ba','5ce4a39b-7e40-4486-b5d7-7f910cb36590','b23b7eaa-6c87-413b-b144-42b7afafd4df','f033f831-0ad6-4654-b9cc-9ad6f8c92e8c','af282aaf-606b-4d5f-9ef8-070dc205befb','24c1e762-e92d-485c-ab51-7bd8574e8cb1','2d68eaae-a710-43ae-b278-b376f0865788','21fdd8fe-78d5-4ce1-ae83-7df1ebfc6f56','23922b05-5fbd-49fd-8f6e-3847cabd2503','5c53b1b4-f8e2-4bd1-a376-d983f799cf4b')
[2026-04-16 01:45:59.346] local.info: [11.662ms] [rows:1] SELECT count(*) FROM "notifications" WHERE user_id = '00000000-0000-0000-0000-000000000099'
[2026-04-16 01:45:59.366] local.info: [20.406ms] [rows:0] SELECT * FROM "notifications" WHERE user_id = '00000000-0000-0000-0000-000000000099' ORDER BY created_at desc LIMIT 5
[2026-04-16 01:45:59.366] local.info: [20.525ms] [rows:1] SELECT * FROM "user_roles" WHERE "user_roles"."user_id" = '00000000-0000-0000-0000-000000000099'
[2026-04-16 01:45:59.386] local.info: [19.874ms] [rows:1] SELECT * FROM "roles" WHERE "roles"."id" = '68c46dfb-a565-4938-99d7-9fdd0acf8a7e'
[2026-04-16 01:45:59.386] local.info: [50.454ms] [rows:1] SELECT * FROM "users" WHERE id = '00000000-0000-0000-0000-000000000099' ORDER BY "users"."id" LIMIT 1
[2026-04-16 01:45:59.406] local.info: [19.739ms] [rows:0] SELECT * FROM "workflow_step_instances" WHERE status = 'active'
[2026-04-16 01:45:59.426] local.error: [19.742ms] [rows:0] SELECT * FROM "workflow_delegations" WHERE delegated_to = '00000000-0000-0000-0000-000000000099' AND status = 'accepted'	ERROR: relation "workflow_delegations" does not exist (SQLSTATE 42P01)
[Trace] /Users/arivin29macmini/go/pkg/mod/github.com/goravel/framework@v1.17.2/log/writer.go:202 [log.(*Writer).withStackTrace]
/Users/arivin29macmini/go/pkg/mod/github.com/goravel/framework@v1.17.2/log/writer.go:65 [log.(*Writer).Errorf]
/Users/arivin29macmini/go/pkg/mod/github.com/goravel/framework@v1.17.2/database/db/logger.go:79 [db.(*Logger).Errorf]
/Users/arivin29macmini/go/pkg/mod/github.com/goravel/framework@v1.17.2/database/db/logger.go:102 [db.(*Logger).Trace]
/Users/arivin29macmini/go/pkg/mod/github.com/goravel/framework@v1.17.2/database/db/logger.go:153 [db.(*Gorm).Trace]
/Users/arivin29macmini/go/pkg/mod/gorm.io/gorm@v1.31.1/callbacks.go:140 [gorm.(*processor).Execute]
/Users/arivin29macmini/go/pkg/mod/gorm.io/gorm@v1.31.1/finisher_api.go:172 [gorm.(*DB).Find]
/Users/arivin29macmini/go/pkg/mod/github.com/goravel/framework@v1.17.2/database/gorm/query.go:270 [gorm.(*Query).Find]
/Users/arivin29macmini/go/pkg/mod/github.com/goravel/framework@v1.17.2/database/gorm/query.go:417 [gorm.(*Query).Get]
/Users/arivin29macmini/Documents/DEVETEK/BMS/dms/app/repositories/workflow_instance_repository.go:321 [repositories.(*workflowInstanceRepository).GetPendingTasksForUser]
/Users/arivin29macmini/Documents/DEVETEK/BMS/dms/app/services/workflow_action_service.go:634 [services.(*WorkflowActionService).GetPendingTasks]
/Users/arivin29macmini/Documents/DEVETEK/BMS/dms/app/http/controllers/workflow_action_controller.go:141 [controllers.(*WorkflowActionController).GetPendingTasks]
/Users/arivin29macmini/go/pkg/mod/github.com/goravel/gin@v1.17.0/utils.go:37 [gin.(*Group).Get.handlerToGinHandler.func1]
/Users/arivin29macmini/go/pkg/mod/github.com/gin-gonic/gin@v1.11.0/context.go:192 [gin.(*Context).Next]
/Users/arivin29macmini/go/pkg/mod/github.com/goravel/gin@v1.17.0/context_request.go:230 [gin.(*ContextRequest).Next]
/Users/arivin29macmini/go/pkg/mod/github.com/goravel/gin@v1.17.0/context_response.go:157 [gin.(*Route).init.ResponseMiddleware.func2]
/Users/arivin29macmini/go/pkg/mod/github.com/goravel/gin@v1.17.0/utils.go:54 [gin.(*Group).WithMiddlewares.middlewaresToGinHandlers.middlewareToGinHandler.func1]
/Users/arivin29macmini/go/pkg/mod/github.com/gin-gonic/gin@v1.11.0/context.go:192 [gin.(*Context).Next]
/Users/arivin29macmini/go/pkg/mod/github.com/goravel/gin@v1.17.0/context_request.go:230 [gin.(*ContextRequest).Next]
/Users/arivin29macmini/Documents/DEVETEK/BMS/dms/app/http/middleware/scope.go:63 [routes.Api.func2.DataScope.5]
/Users/arivin29macmini/go/pkg/mod/github.com/goravel/gin@v1.17.0/utils.go:54 [gin.(*Group).WithMiddlewares.middlewaresToGinHandlers.middlewareToGinHandler.func1]
/Users/arivin29macmini/go/pkg/mod/github.com/gin-gonic/gin@v1.11.0/context.go:192 [gin.(*Context).Next]
/Users/arivin29macmini/go/pkg/mod/github.com/goravel/gin@v1.17.0/context_request.go:230 [gin.(*ContextRequest).Next]
/Users/arivin29macmini/Documents/DEVETEK/BMS/dms/app/http/middleware/auth.go:50 [routes.Api.func2.Auth.4]
/Users/arivin29macmini/go/pkg/mod/github.com/goravel/gin@v1.17.0/utils.go:54 [gin.(*Group).WithMiddlewares.middlewaresToGinHandlers.middlewareToGinHandler.func1]
/Users/arivin29macmini/go/pkg/mod/github.com/gin-gonic/gin@v1.11.0/context.go:192 [gin.(*Context).Next]
/Users/arivin29macmini/go/pkg/mod/github.com/goravel/gin@v1.17.0/context_request.go:230 [gin.(*ContextRequest).Next]
/Users/arivin29macmini/Documents/DEVETEK/BMS/dms/app/http/middleware/cors.go:27 [routes.Api.Cors.func5]
/Users/arivin29macmini/go/pkg/mod/github.com/goravel/gin@v1.17.0/utils.go:54 [gin.(*Group).WithMiddlewares.middlewaresToGinHandlers.middlewareToGinHandler.func1]
/Users/arivin29macmini/go/pkg/mod/github.com/gin-gonic/gin@v1.11.0/context.go:192 [gin.(*Context).Next]
/Users/arivin29macmini/go/pkg/mod/github.com/goravel/gin@v1.17.0/context_request.go:230 [gin.(*ContextRequest).Next]
/Users/arivin29macmini/go/pkg/mod/github.com/goravel/gin@v1.17.0/middleware_tls.go:18 [gin.NewRoute.Tls.func3]
/Users/arivin29macmini/go/pkg/mod/github.com/goravel/gin@v1.17.0/utils.go:54 [gin.(*Route).init.middlewaresToGinHandlers.middlewareToGinHandler.func3]
/Users/arivin29macmini/go/pkg/mod/github.com/gin-gonic/gin@v1.11.0/context.go:192 [gin.(*Context).Next]
/Users/arivin29macmini/go/pkg/mod/github.com/goravel/gin@v1.17.0/context_request.go:230 [gin.(*ContextRequest).Next]
/Users/arivin29macmini/go/pkg/mod/github.com/goravel/gin@v1.17.0/middleware_cors.go:63 [gin.NewRoute.Cors.func2]
/Users/arivin29macmini/go/pkg/mod/github.com/goravel/gin@v1.17.0/utils.go:54 [gin.(*Route).init.middlewaresToGinHandlers.middlewareToGinHandler.func3]
/Users/arivin29macmini/go/pkg/mod/github.com/gin-gonic/gin@v1.11.0/context.go:192 [gin.(*Context).Next]
/Users/arivin29macmini/go/pkg/mod/github.com/goravel/gin@v1.17.0/context_request.go:230 [gin.(*ContextRequest).Next]
[2026-04-16 01:46:01.941] local.info: [14.665ms] [rows:1] SELECT * FROM "users" WHERE id = '00000000-0000-0000-0000-000000000099' ORDER BY "users"."id" LIMIT 1
[2026-04-16 01:46:01.941] local.info: [14.798ms] [rows:1] SELECT * FROM "users" WHERE id = '00000000-0000-0000-0000-000000000099' ORDER BY "users"."id" LIMIT 1
[2026-04-16 01:46:01.941] local.info: [14.959ms] [rows:1] SELECT * FROM "users" WHERE id = '00000000-0000-0000-0000-000000000099' ORDER BY "users"."id" LIMIT 1
[2026-04-16 01:46:01.948] local.info: [20.554ms] [rows:1] SELECT * FROM "users" WHERE id = '00000000-0000-0000-0000-000000000099' ORDER BY "users"."id" LIMIT 1
[2026-04-16 01:46:01.948] local.info: [20.326ms] [rows:1] SELECT * FROM "users" WHERE id = '00000000-0000-0000-0000-000000000099' ORDER BY "users"."id" LIMIT 1
[2026-04-16 01:46:01.948] local.info: [19.782ms] [rows:1] SELECT * FROM "users" WHERE id = '00000000-0000-0000-0000-000000000099' ORDER BY "users"."id" LIMIT 1
[2026-04-16 01:46:01.949] local.info: [7.186ms] [rows:1] SELECT * FROM "user_roles" WHERE user_id = '00000000-0000-0000-0000-000000000099'
[2026-04-16 01:46:01.949] local.info: [7.093ms] [rows:1] SELECT * FROM "user_roles" WHERE user_id = '00000000-0000-0000-0000-000000000099'
[2026-04-16 01:46:01.959] local.info: [17.280ms] [rows:1] SELECT * FROM "user_roles" WHERE user_id = '00000000-0000-0000-0000-000000000099'
[2026-04-16 01:46:01.959] local.info: [10.375ms] [rows:1] SELECT * FROM "user_roles" WHERE user_id = '00000000-0000-0000-0000-000000000099'
[2026-04-16 01:46:01.959] local.info: [10.318ms] [rows:1] SELECT * FROM "roles" WHERE id IN ('68c46dfb-a565-4938-99d7-9fdd0acf8a7e')
[2026-04-16 01:46:01.966] local.info: [17.096ms] [rows:1] SELECT * FROM "user_roles" WHERE user_id = '00000000-0000-0000-0000-000000000099'
[2026-04-16 01:46:01.966] local.info: [17.140ms] [rows:1] SELECT * FROM "user_roles" WHERE user_id = '00000000-0000-0000-0000-000000000099'
[2026-04-16 01:46:01.966] local.info: [17.084ms] [rows:1] SELECT * FROM "roles" WHERE id IN ('68c46dfb-a565-4938-99d7-9fdd0acf8a7e')
[2026-04-16 01:46:01.975] local.info: [16.101ms] [rows:45] SELECT * FROM "role_permissions" WHERE role_id IN ('68c46dfb-a565-4938-99d7-9fdd0acf8a7e')
[2026-04-16 01:46:01.975] local.info: [9.711ms] [rows:1] SELECT * FROM "roles" WHERE id IN ('68c46dfb-a565-4938-99d7-9fdd0acf8a7e')
[2026-04-16 01:46:01.975] local.info: [16.529ms] [rows:1] SELECT * FROM "roles" WHERE id IN ('68c46dfb-a565-4938-99d7-9fdd0acf8a7e')
[2026-04-16 01:46:01.975] local.info: [9.608ms] [rows:1] SELECT * FROM "roles" WHERE id IN ('68c46dfb-a565-4938-99d7-9fdd0acf8a7e')
[2026-04-16 01:46:01.975] local.info: [16.447ms] [rows:1] SELECT * FROM "roles" WHERE id IN ('68c46dfb-a565-4938-99d7-9fdd0acf8a7e')
[2026-04-16 01:46:01.984] local.info: [18.001ms] [rows:45] SELECT * FROM "role_permissions" WHERE role_id IN ('68c46dfb-a565-4938-99d7-9fdd0acf8a7e')
[2026-04-16 01:46:01.99] local.info: [14.105ms] [rows:45] SELECT * FROM "role_permissions" WHERE role_id IN ('68c46dfb-a565-4938-99d7-9fdd0acf8a7e')
[2026-04-16 01:46:01.99] local.info: [14.454ms] [rows:45] SELECT * FROM "role_permissions" WHERE role_id IN ('68c46dfb-a565-4938-99d7-9fdd0acf8a7e')
[2026-04-16 01:46:01.99] local.info: [14.661ms] [rows:45] SELECT * FROM "permissions" WHERE id IN ('ab6da9f5-8b11-4644-9aaa-009b3b28a4ec','5daf3519-8949-4d26-b4bc-00c8b03f04fe','91166846-7ec1-42de-b134-ce141c3a9d7d','28c919a4-3744-4931-805a-a219892adbe3','789e0c77-5a0c-4ea7-a2e1-606803a6e2bd','6cd9d7a8-34ac-4740-9bc1-aa386ae6de38','8d2454fc-6567-46f9-8527-5843c7142e3c','cf81b7d4-096a-435a-b515-ad3f779199b8','82188518-37d9-45c0-9bca-b0d202cc9449','c01ff63f-6e93-4a78-8e50-87af96ab4a89','a14b8e8b-3f32-475f-8a47-5d33dab3042e','653cb315-36f1-4697-90e4-329900532da2','217d2f9d-5606-432f-99aa-bd6fb720b45f','328bd207-61d6-40ab-9d1d-bbe31ba63a3e','9b3cb586-a24f-4353-8c5a-6a860eba7357','a9280ee9-eb73-4cfb-8092-80f4c2cc5529','e225de9e-e14e-4219-a638-44d136be5613','46c78359-bdb4-421e-9182-d1d095921f20','b0aabdc2-3a7f-496c-a902-ee468671cf24','f4e500e8-45dd-4eeb-8b47-c97d832f18b2','00f63f53-4009-405a-9736-eff543475f78','31cb98ec-4d68-460a-8a6b-1566b0356cb5','29033b15-df4d-4afe-b261-d9f9d978215b','770de03c-008e-4352-915b-dbad46394b3e','386b4440-e446-4a4c-bbf2-2df0b3d482e7','764434f1-f401-4cec-b0a5-94c50e4c10bb','f8315a47-3595-4af7-afca-831deb36ae44','16b41fad-47bb-456e-818a-0e17a10696d3','7dba2974-eed0-4a24-8090-13ce49e8ae9c','2107c201-e779-4d54-b9d8-e77e63506727','540fda97-9bb5-45a3-8677-e5494a35f98d','8db21bed-0a56-4384-b989-46c85bf60a4a','b64fe46a-25b2-4780-b910-8897bab331d1','04b0026e-ed12-4e5e-85e2-1ed905581184','c4b26668-789f-4117-b9af-34719df71955','06cf74d1-3ae5-4aee-8048-5fab3132f2ba','5ce4a39b-7e40-4486-b5d7-7f910cb36590','b23b7eaa-6c87-413b-b144-42b7afafd4df','f033f831-0ad6-4654-b9cc-9ad6f8c92e8c','af282aaf-606b-4d5f-9ef8-070dc205befb','24c1e762-e92d-485c-ab51-7bd8574e8cb1','2d68eaae-a710-43ae-b278-b376f0865788','21fdd8fe-78d5-4ce1-ae83-7df1ebfc6f56','23922b05-5fbd-49fd-8f6e-3847cabd2503','5c53b1b4-f8e2-4bd1-a376-d983f799cf4b')
[2026-04-16 01:46:01.99] local.info: [14.377ms] [rows:45] SELECT * FROM "role_permissions" WHERE role_id IN ('68c46dfb-a565-4938-99d7-9fdd0acf8a7e')
[2026-04-16 01:46:01.99] local.info: [14.470ms] [rows:45] SELECT * FROM "role_permissions" WHERE role_id IN ('68c46dfb-a565-4938-99d7-9fdd0acf8a7e')
[2026-04-16 01:46:01.999] local.info: [15.551ms] [rows:45] SELECT * FROM "permissions" WHERE id IN ('ab6da9f5-8b11-4644-9aaa-009b3b28a4ec','5daf3519-8949-4d26-b4bc-00c8b03f04fe','91166846-7ec1-42de-b134-ce141c3a9d7d','28c919a4-3744-4931-805a-a219892adbe3','789e0c77-5a0c-4ea7-a2e1-606803a6e2bd','6cd9d7a8-34ac-4740-9bc1-aa386ae6de38','8d2454fc-6567-46f9-8527-5843c7142e3c','cf81b7d4-096a-435a-b515-ad3f779199b8','82188518-37d9-45c0-9bca-b0d202cc9449','c01ff63f-6e93-4a78-8e50-87af96ab4a89','a14b8e8b-3f32-475f-8a47-5d33dab3042e','653cb315-36f1-4697-90e4-329900532da2','217d2f9d-5606-432f-99aa-bd6fb720b45f','328bd207-61d6-40ab-9d1d-bbe31ba63a3e','9b3cb586-a24f-4353-8c5a-6a860eba7357','a9280ee9-eb73-4cfb-8092-80f4c2cc5529','e225de9e-e14e-4219-a638-44d136be5613','46c78359-bdb4-421e-9182-d1d095921f20','b0aabdc2-3a7f-496c-a902-ee468671cf24','f4e500e8-45dd-4eeb-8b47-c97d832f18b2','00f63f53-4009-405a-9736-eff543475f78','31cb98ec-4d68-460a-8a6b-1566b0356cb5','29033b15-df4d-4afe-b261-d9f9d978215b','770de03c-008e-4352-915b-dbad46394b3e','386b4440-e446-4a4c-bbf2-2df0b3d482e7','764434f1-f401-4cec-b0a5-94c50e4c10bb','f8315a47-3595-4af7-afca-831deb36ae44','16b41fad-47bb-456e-818a-0e17a10696d3','7dba2974-eed0-4a24-8090-13ce49e8ae9c','2107c201-e779-4d54-b9d8-e77e63506727','540fda97-9bb5-45a3-8677-e5494a35f98d','8db21bed-0a56-4384-b989-46c85bf60a4a','b64fe46a-25b2-4780-b910-8897bab331d1','04b0026e-ed12-4e5e-85e2-1ed905581184','c4b26668-789f-4117-b9af-34719df71955','06cf74d1-3ae5-4aee-8048-5fab3132f2ba','5ce4a39b-7e40-4486-b5d7-7f910cb36590','b23b7eaa-6c87-413b-b144-42b7afafd4df','f033f831-0ad6-4654-b9cc-9ad6f8c92e8c','af282aaf-606b-4d5f-9ef8-070dc205befb','24c1e762-e92d-485c-ab51-7bd8574e8cb1','2d68eaae-a710-43ae-b278-b376f0865788','21fdd8fe-78d5-4ce1-ae83-7df1ebfc6f56','23922b05-5fbd-49fd-8f6e-3847cabd2503','5c53b1b4-f8e2-4bd1-a376-d983f799cf4b')
[2026-04-16 01:46:02] local.info: [9.849ms] [rows:45] SELECT * FROM "permissions" WHERE id IN ('ab6da9f5-8b11-4644-9aaa-009b3b28a4ec','5daf3519-8949-4d26-b4bc-00c8b03f04fe','91166846-7ec1-42de-b134-ce141c3a9d7d','28c919a4-3744-4931-805a-a219892adbe3','789e0c77-5a0c-4ea7-a2e1-606803a6e2bd','6cd9d7a8-34ac-4740-9bc1-aa386ae6de38','8d2454fc-6567-46f9-8527-5843c7142e3c','cf81b7d4-096a-435a-b515-ad3f779199b8','82188518-37d9-45c0-9bca-b0d202cc9449','c01ff63f-6e93-4a78-8e50-87af96ab4a89','a14b8e8b-3f32-475f-8a47-5d33dab3042e','653cb315-36f1-4697-90e4-329900532da2','217d2f9d-5606-432f-99aa-bd6fb720b45f','328bd207-61d6-40ab-9d1d-bbe31ba63a3e','9b3cb586-a24f-4353-8c5a-6a860eba7357','a9280ee9-eb73-4cfb-8092-80f4c2cc5529','e225de9e-e14e-4219-a638-44d136be5613','46c78359-bdb4-421e-9182-d1d095921f20','b0aabdc2-3a7f-496c-a902-ee468671cf24','f4e500e8-45dd-4eeb-8b47-c97d832f18b2','00f63f53-4009-405a-9736-eff543475f78','31cb98ec-4d68-460a-8a6b-1566b0356cb5','29033b15-df4d-4afe-b261-d9f9d978215b','770de03c-008e-4352-915b-dbad46394b3e','386b4440-e446-4a4c-bbf2-2df0b3d482e7','764434f1-f401-4cec-b0a5-94c50e4c10bb','f8315a47-3595-4af7-afca-831deb36ae44','16b41fad-47bb-456e-818a-0e17a10696d3','7dba2974-eed0-4a24-8090-13ce49e8ae9c','2107c201-e779-4d54-b9d8-e77e63506727','540fda97-9bb5-45a3-8677-e5494a35f98d','8db21bed-0a56-4384-b989-46c85bf60a4a','b64fe46a-25b2-4780-b910-8897bab331d1','04b0026e-ed12-4e5e-85e2-1ed905581184','c4b26668-789f-4117-b9af-34719df71955','06cf74d1-3ae5-4aee-8048-5fab3132f2ba','5ce4a39b-7e40-4486-b5d7-7f910cb36590','b23b7eaa-6c87-413b-b144-42b7afafd4df','f033f831-0ad6-4654-b9cc-9ad6f8c92e8c','af282aaf-606b-4d5f-9ef8-070dc205befb','24c1e762-e92d-485c-ab51-7bd8574e8cb1','2d68eaae-a710-43ae-b278-b376f0865788','21fdd8fe-78d5-4ce1-ae83-7df1ebfc6f56','23922b05-5fbd-49fd-8f6e-3847cabd2503','5c53b1b4-f8e2-4bd1-a376-d983f799cf4b')
[2026-04-16 01:46:02.001] local.info: [10.816ms] [rows:45] SELECT * FROM "permissions" WHERE id IN ('ab6da9f5-8b11-4644-9aaa-009b3b28a4ec','5daf3519-8949-4d26-b4bc-00c8b03f04fe','91166846-7ec1-42de-b134-ce141c3a9d7d','28c919a4-3744-4931-805a-a219892adbe3','789e0c77-5a0c-4ea7-a2e1-606803a6e2bd','6cd9d7a8-34ac-4740-9bc1-aa386ae6de38','8d2454fc-6567-46f9-8527-5843c7142e3c','cf81b7d4-096a-435a-b515-ad3f779199b8','82188518-37d9-45c0-9bca-b0d202cc9449','c01ff63f-6e93-4a78-8e50-87af96ab4a89','a14b8e8b-3f32-475f-8a47-5d33dab3042e','653cb315-36f1-4697-90e4-329900532da2','217d2f9d-5606-432f-99aa-bd6fb720b45f','328bd207-61d6-40ab-9d1d-bbe31ba63a3e','9b3cb586-a24f-4353-8c5a-6a860eba7357','a9280ee9-eb73-4cfb-8092-80f4c2cc5529','e225de9e-e14e-4219-a638-44d136be5613','46c78359-bdb4-421e-9182-d1d095921f20','b0aabdc2-3a7f-496c-a902-ee468671cf24','f4e500e8-45dd-4eeb-8b47-c97d832f18b2','00f63f53-4009-405a-9736-eff543475f78','31cb98ec-4d68-460a-8a6b-1566b0356cb5','29033b15-df4d-4afe-b261-d9f9d978215b','770de03c-008e-4352-915b-dbad46394b3e','386b4440-e446-4a4c-bbf2-2df0b3d482e7','764434f1-f401-4cec-b0a5-94c50e4c10bb','f8315a47-3595-4af7-afca-831deb36ae44','16b41fad-47bb-456e-818a-0e17a10696d3','7dba2974-eed0-4a24-8090-13ce49e8ae9c','2107c201-e779-4d54-b9d8-e77e63506727','540fda97-9bb5-45a3-8677-e5494a35f98d','8db21bed-0a56-4384-b989-46c85bf60a4a','b64fe46a-25b2-4780-b910-8897bab331d1','04b0026e-ed12-4e5e-85e2-1ed905581184','c4b26668-789f-4117-b9af-34719df71955','06cf74d1-3ae5-4aee-8048-5fab3132f2ba','5ce4a39b-7e40-4486-b5d7-7f910cb36590','b23b7eaa-6c87-413b-b144-42b7afafd4df','f033f831-0ad6-4654-b9cc-9ad6f8c92e8c','af282aaf-606b-4d5f-9ef8-070dc205befb','24c1e762-e92d-485c-ab51-7bd8574e8cb1','2d68eaae-a710-43ae-b278-b376f0865788','21fdd8fe-78d5-4ce1-ae83-7df1ebfc6f56','23922b05-5fbd-49fd-8f6e-3847cabd2503','5c53b1b4-f8e2-4bd1-a376-d983f799cf4b')
[2026-04-16 01:46:02.001] local.info: [10.878ms] [rows:1] SELECT count(*) FROM "documents" WHERE deleted_at IS NULL AND status IN ('draft')
[2026-04-16 01:46:02.001] local.info: [10.877ms] [rows:45] SELECT * FROM "permissions" WHERE id IN ('ab6da9f5-8b11-4644-9aaa-009b3b28a4ec','5daf3519-8949-4d26-b4bc-00c8b03f04fe','91166846-7ec1-42de-b134-ce141c3a9d7d','28c919a4-3744-4931-805a-a219892adbe3','789e0c77-5a0c-4ea7-a2e1-606803a6e2bd','6cd9d7a8-34ac-4740-9bc1-aa386ae6de38','8d2454fc-6567-46f9-8527-5843c7142e3c','cf81b7d4-096a-435a-b515-ad3f779199b8','82188518-37d9-45c0-9bca-b0d202cc9449','c01ff63f-6e93-4a78-8e50-87af96ab4a89','a14b8e8b-3f32-475f-8a47-5d33dab3042e','653cb315-36f1-4697-90e4-329900532da2','217d2f9d-5606-432f-99aa-bd6fb720b45f','328bd207-61d6-40ab-9d1d-bbe31ba63a3e','9b3cb586-a24f-4353-8c5a-6a860eba7357','a9280ee9-eb73-4cfb-8092-80f4c2cc5529','e225de9e-e14e-4219-a638-44d136be5613','46c78359-bdb4-421e-9182-d1d095921f20','b0aabdc2-3a7f-496c-a902-ee468671cf24','f4e500e8-45dd-4eeb-8b47-c97d832f18b2','00f63f53-4009-405a-9736-eff543475f78','31cb98ec-4d68-460a-8a6b-1566b0356cb5','29033b15-df4d-4afe-b261-d9f9d978215b','770de03c-008e-4352-915b-dbad46394b3e','386b4440-e446-4a4c-bbf2-2df0b3d482e7','764434f1-f401-4cec-b0a5-94c50e4c10bb','f8315a47-3595-4af7-afca-831deb36ae44','16b41fad-47bb-456e-818a-0e17a10696d3','7dba2974-eed0-4a24-8090-13ce49e8ae9c','2107c201-e779-4d54-b9d8-e77e63506727','540fda97-9bb5-45a3-8677-e5494a35f98d','8db21bed-0a56-4384-b989-46c85bf60a4a','b64fe46a-25b2-4780-b910-8897bab331d1','04b0026e-ed12-4e5e-85e2-1ed905581184','c4b26668-789f-4117-b9af-34719df71955','06cf74d1-3ae5-4aee-8048-5fab3132f2ba','5ce4a39b-7e40-4486-b5d7-7f910cb36590','b23b7eaa-6c87-413b-b144-42b7afafd4df','f033f831-0ad6-4654-b9cc-9ad6f8c92e8c','af282aaf-606b-4d5f-9ef8-070dc205befb','24c1e762-e92d-485c-ab51-7bd8574e8cb1','2d68eaae-a710-43ae-b278-b376f0865788','21fdd8fe-78d5-4ce1-ae83-7df1ebfc6f56','23922b05-5fbd-49fd-8f6e-3847cabd2503','5c53b1b4-f8e2-4bd1-a376-d983f799cf4b')
[2026-04-16 01:46:02.01] local.info: [20.209ms] [rows:45] SELECT * FROM "permissions" WHERE id IN ('ab6da9f5-8b11-4644-9aaa-009b3b28a4ec','5daf3519-8949-4d26-b4bc-00c8b03f04fe','91166846-7ec1-42de-b134-ce141c3a9d7d','28c919a4-3744-4931-805a-a219892adbe3','789e0c77-5a0c-4ea7-a2e1-606803a6e2bd','6cd9d7a8-34ac-4740-9bc1-aa386ae6de38','8d2454fc-6567-46f9-8527-5843c7142e3c','cf81b7d4-096a-435a-b515-ad3f779199b8','82188518-37d9-45c0-9bca-b0d202cc9449','c01ff63f-6e93-4a78-8e50-87af96ab4a89','a14b8e8b-3f32-475f-8a47-5d33dab3042e','653cb315-36f1-4697-90e4-329900532da2','217d2f9d-5606-432f-99aa-bd6fb720b45f','328bd207-61d6-40ab-9d1d-bbe31ba63a3e','9b3cb586-a24f-4353-8c5a-6a860eba7357','a9280ee9-eb73-4cfb-8092-80f4c2cc5529','e225de9e-e14e-4219-a638-44d136be5613','46c78359-bdb4-421e-9182-d1d095921f20','b0aabdc2-3a7f-496c-a902-ee468671cf24','f4e500e8-45dd-4eeb-8b47-c97d832f18b2','00f63f53-4009-405a-9736-eff543475f78','31cb98ec-4d68-460a-8a6b-1566b0356cb5','29033b15-df4d-4afe-b261-d9f9d978215b','770de03c-008e-4352-915b-dbad46394b3e','386b4440-e446-4a4c-bbf2-2df0b3d482e7','764434f1-f401-4cec-b0a5-94c50e4c10bb','f8315a47-3595-4af7-afca-831deb36ae44','16b41fad-47bb-456e-818a-0e17a10696d3','7dba2974-eed0-4a24-8090-13ce49e8ae9c','2107c201-e779-4d54-b9d8-e77e63506727','540fda97-9bb5-45a3-8677-e5494a35f98d','8db21bed-0a56-4384-b989-46c85bf60a4a','b64fe46a-25b2-4780-b910-8897bab331d1','04b0026e-ed12-4e5e-85e2-1ed905581184','c4b26668-789f-4117-b9af-34719df71955','06cf74d1-3ae5-4aee-8048-5fab3132f2ba','5ce4a39b-7e40-4486-b5d7-7f910cb36590','b23b7eaa-6c87-413b-b144-42b7afafd4df','f033f831-0ad6-4654-b9cc-9ad6f8c92e8c','af282aaf-606b-4d5f-9ef8-070dc205befb','24c1e762-e92d-485c-ab51-7bd8574e8cb1','2d68eaae-a710-43ae-b278-b376f0865788','21fdd8fe-78d5-4ce1-ae83-7df1ebfc6f56','23922b05-5fbd-49fd-8f6e-3847cabd2503','5c53b1b4-f8e2-4bd1-a376-d983f799cf4b')
[2026-04-16 01:46:02.01] local.info: [10.873ms] [rows:1] SELECT count(*) FROM "document_categories" WHERE deleted_at IS NULL
[2026-04-16 01:46:02.01] local.info: [10.719ms] [rows:1] SELECT count(*) FROM "documents" WHERE deleted_at IS NULL AND status IN ('approved')
[2026-04-16 01:46:02.01] local.info: [9.384ms] [rows:1] SELECT count(*) FROM "document_types"
[2026-04-16 01:46:02.019] local.info: [18.385ms] [rows:1] SELECT count(*) FROM "documents" WHERE deleted_at IS NULL AND status IN ('in_review')
[2026-04-16 01:46:02.019] local.info: [8.918ms] [rows:1] SELECT count(*) FROM "documents" WHERE deleted_at IS NULL
[2026-04-16 01:46:02.019] local.info: [8.848ms] [rows:1] SELECT * FROM "document_categories" WHERE deleted_at IS NULL ORDER BY sort_order asc, created_at desc LIMIT 20
[2026-04-16 01:46:02.029] local.info: [18.823ms] [rows:0] SELECT * FROM "documents" WHERE deleted_at IS NULL AND status IN ('approved') ORDER BY created_at desc LIMIT 1
[2026-04-16 01:46:02.029] local.info: [8.886ms] [rows:1] SELECT * FROM "users" WHERE id = '00000000-0000-0000-0000-000000000099' ORDER BY "users"."id" LIMIT 1
[2026-04-16 01:46:02.029] local.info: [10.091ms] [rows:0] SELECT * FROM "documents" WHERE deleted_at IS NULL AND status IN ('in_review') ORDER BY created_at desc LIMIT 1
[2026-04-16 01:46:02.029] local.info: [10.325ms] [rows:1] SELECT * FROM "document_categories" WHERE "document_categories"."id" = '1de6dcb1-c46b-466f-af65-bc4b8d75de05'
[2026-04-16 01:46:02.029] local.info: [19.022ms] [rows:5] SELECT * FROM "document_types" ORDER BY sort_order asc, created_at desc LIMIT 20
[2026-04-16 01:46:02.038] local.info: [8.511ms] [rows:1] SELECT * FROM "user_roles" WHERE user_id = '00000000-0000-0000-0000-000000000099'
[2026-04-16 01:46:02.056] local.info: [26.560ms] [rows:1] SELECT * FROM "users" WHERE "users"."id" = '00000000-0000-0000-0000-000000000099'
[2026-04-16 01:46:02.056] local.info: [18.190ms] [rows:1] SELECT * FROM "roles" WHERE id IN ('68c46dfb-a565-4938-99d7-9fdd0acf8a7e')
[2026-04-16 01:46:02.056] local.info: [18.359ms] [rows:1] SELECT * FROM "document_categories" WHERE "document_categories"."id" = '1de6dcb1-c46b-466f-af65-bc4b8d75de05'
[2026-04-16 01:46:02.087] local.info: [31.181ms] [rows:45] SELECT * FROM "role_permissions" WHERE role_id IN ('68c46dfb-a565-4938-99d7-9fdd0acf8a7e')
[2026-04-16 01:46:02.088] local.info: [31.468ms] [rows:1] SELECT * FROM "document_types" WHERE "document_types"."id" = '7367ca3d-eb1d-43dd-a115-cf3d2ceecdfa'
[2026-04-16 01:46:02.088] local.info: [31.315ms] [rows:1] SELECT * FROM "users" WHERE "users"."id" = '00000000-0000-0000-0000-000000000099'
[2026-04-16 01:46:02.088] local.info: [86.822ms] [rows:1] SELECT * FROM "documents" WHERE deleted_at IS NULL AND status IN ('draft') ORDER BY created_at desc LIMIT 1
[2026-04-16 01:46:02.095] local.info: [7.090ms] [rows:1] SELECT * FROM "document_types" WHERE "document_types"."id" = '7367ca3d-eb1d-43dd-a115-cf3d2ceecdfa'
[2026-04-16 01:46:02.095] local.info: [75.503ms] [rows:1] SELECT * FROM "documents" WHERE deleted_at IS NULL ORDER BY created_at desc LIMIT 15
[2026-04-16 01:46:02.106] local.info: [18.576ms] [rows:45] SELECT * FROM "permissions" WHERE id IN ('ab6da9f5-8b11-4644-9aaa-009b3b28a4ec','5daf3519-8949-4d26-b4bc-00c8b03f04fe','91166846-7ec1-42de-b134-ce141c3a9d7d','28c919a4-3744-4931-805a-a219892adbe3','789e0c77-5a0c-4ea7-a2e1-606803a6e2bd','6cd9d7a8-34ac-4740-9bc1-aa386ae6de38','8d2454fc-6567-46f9-8527-5843c7142e3c','cf81b7d4-096a-435a-b515-ad3f779199b8','82188518-37d9-45c0-9bca-b0d202cc9449','c01ff63f-6e93-4a78-8e50-87af96ab4a89','a14b8e8b-3f32-475f-8a47-5d33dab3042e','653cb315-36f1-4697-90e4-329900532da2','217d2f9d-5606-432f-99aa-bd6fb720b45f','328bd207-61d6-40ab-9d1d-bbe31ba63a3e','9b3cb586-a24f-4353-8c5a-6a860eba7357','a9280ee9-eb73-4cfb-8092-80f4c2cc5529','e225de9e-e14e-4219-a638-44d136be5613','46c78359-bdb4-421e-9182-d1d095921f20','b0aabdc2-3a7f-496c-a902-ee468671cf24','f4e500e8-45dd-4eeb-8b47-c97d832f18b2','00f63f53-4009-405a-9736-eff543475f78','31cb98ec-4d68-460a-8a6b-1566b0356cb5','29033b15-df4d-4afe-b261-d9f9d978215b','770de03c-008e-4352-915b-dbad46394b3e','386b4440-e446-4a4c-bbf2-2df0b3d482e7','764434f1-f401-4cec-b0a5-94c50e4c10bb','f8315a47-3595-4af7-afca-831deb36ae44','16b41fad-47bb-456e-818a-0e17a10696d3','7dba2974-eed0-4a24-8090-13ce49e8ae9c','2107c201-e779-4d54-b9d8-e77e63506727','540fda97-9bb5-45a3-8677-e5494a35f98d','8db21bed-0a56-4384-b989-46c85bf60a4a','b64fe46a-25b2-4780-b910-8897bab331d1','04b0026e-ed12-4e5e-85e2-1ed905581184','c4b26668-789f-4117-b9af-34719df71955','06cf74d1-3ae5-4aee-8048-5fab3132f2ba','5ce4a39b-7e40-4486-b5d7-7f910cb36590','b23b7eaa-6c87-413b-b144-42b7afafd4df','f033f831-0ad6-4654-b9cc-9ad6f8c92e8c','af282aaf-606b-4d5f-9ef8-070dc205befb','24c1e762-e92d-485c-ab51-7bd8574e8cb1','2d68eaae-a710-43ae-b278-b376f0865788','21fdd8fe-78d5-4ce1-ae83-7df1ebfc6f56','23922b05-5fbd-49fd-8f6e-3847cabd2503','5c53b1b4-f8e2-4bd1-a376-d983f799cf4b')
[2026-04-16 01:46:02.126] local.info: [19.825ms] [rows:1] SELECT count(*) FROM "documents" WHERE deleted_at IS NULL AND status IN ('final')
[2026-04-16 01:46:02.146] local.info: [19.983ms] [rows:0] SELECT * FROM "documents" WHERE deleted_at IS NULL AND status IN ('final') ORDER BY created_at desc LIMIT 1
[2026-04-16 01:46:04.46] local.info: [24.805ms] [rows:1] SELECT * FROM "users" WHERE id = '00000000-0000-0000-0000-000000000099' ORDER BY "users"."id" LIMIT 1
[2026-04-16 01:46:04.46] local.info: [24.639ms] [rows:1] SELECT * FROM "users" WHERE id = '00000000-0000-0000-0000-000000000099' ORDER BY "users"."id" LIMIT 1
[2026-04-16 01:46:04.46] local.info: [27.807ms] [rows:1] SELECT * FROM "users" WHERE id = '00000000-0000-0000-0000-000000000099' ORDER BY "users"."id" LIMIT 1
[2026-04-16 01:46:04.468] local.info: [32.547ms] [rows:1] SELECT * FROM "users" WHERE id = '00000000-0000-0000-0000-000000000099' ORDER BY "users"."id" LIMIT 1
[2026-04-16 01:46:04.468] local.info: [7.654ms] [rows:1] SELECT * FROM "user_roles" WHERE user_id = '00000000-0000-0000-0000-000000000099'
[2026-04-16 01:46:04.468] local.info: [7.585ms] [rows:1] SELECT * FROM "user_roles" WHERE user_id = '00000000-0000-0000-0000-000000000099'
[2026-04-16 01:46:04.475] local.info: [14.775ms] [rows:1] SELECT * FROM "user_roles" WHERE user_id = '00000000-0000-0000-0000-000000000099'
[2026-04-16 01:46:04.475] local.info: [7.135ms] [rows:1] SELECT * FROM "user_roles" WHERE user_id = '00000000-0000-0000-0000-000000000099'
[2026-04-16 01:46:04.487] local.info: [19.381ms] [rows:1] SELECT * FROM "roles" WHERE id IN ('68c46dfb-a565-4938-99d7-9fdd0acf8a7e')
[2026-04-16 01:46:04.487] local.info: [19.470ms] [rows:1] SELECT * FROM "roles" WHERE id IN ('68c46dfb-a565-4938-99d7-9fdd0acf8a7e')
[2026-04-16 01:46:04.487] local.info: [12.528ms] [rows:1] SELECT * FROM "roles" WHERE id IN ('68c46dfb-a565-4938-99d7-9fdd0acf8a7e')
[2026-04-16 01:46:04.488] local.info: [12.432ms] [rows:1] SELECT * FROM "roles" WHERE id IN ('68c46dfb-a565-4938-99d7-9fdd0acf8a7e')
[2026-04-16 01:46:04.502] local.info: [13.910ms] [rows:45] SELECT * FROM "role_permissions" WHERE role_id IN ('68c46dfb-a565-4938-99d7-9fdd0acf8a7e')
[2026-04-16 01:46:04.502] local.info: [14.039ms] [rows:45] SELECT * FROM "role_permissions" WHERE role_id IN ('68c46dfb-a565-4938-99d7-9fdd0acf8a7e')
[2026-04-16 01:46:04.506] local.info: [17.977ms] [rows:45] SELECT * FROM "role_permissions" WHERE role_id IN ('68c46dfb-a565-4938-99d7-9fdd0acf8a7e')
[2026-04-16 01:46:04.506] local.info: [18.494ms] [rows:45] SELECT * FROM "role_permissions" WHERE role_id IN ('68c46dfb-a565-4938-99d7-9fdd0acf8a7e')
[2026-04-16 01:46:04.517] local.info: [14.889ms] [rows:45] SELECT * FROM "permissions" WHERE id IN ('ab6da9f5-8b11-4644-9aaa-009b3b28a4ec','5daf3519-8949-4d26-b4bc-00c8b03f04fe','91166846-7ec1-42de-b134-ce141c3a9d7d','28c919a4-3744-4931-805a-a219892adbe3','789e0c77-5a0c-4ea7-a2e1-606803a6e2bd','6cd9d7a8-34ac-4740-9bc1-aa386ae6de38','8d2454fc-6567-46f9-8527-5843c7142e3c','cf81b7d4-096a-435a-b515-ad3f779199b8','82188518-37d9-45c0-9bca-b0d202cc9449','c01ff63f-6e93-4a78-8e50-87af96ab4a89','a14b8e8b-3f32-475f-8a47-5d33dab3042e','653cb315-36f1-4697-90e4-329900532da2','217d2f9d-5606-432f-99aa-bd6fb720b45f','328bd207-61d6-40ab-9d1d-bbe31ba63a3e','9b3cb586-a24f-4353-8c5a-6a860eba7357','a9280ee9-eb73-4cfb-8092-80f4c2cc5529','e225de9e-e14e-4219-a638-44d136be5613','46c78359-bdb4-421e-9182-d1d095921f20','b0aabdc2-3a7f-496c-a902-ee468671cf24','f4e500e8-45dd-4eeb-8b47-c97d832f18b2','00f63f53-4009-405a-9736-eff543475f78','31cb98ec-4d68-460a-8a6b-1566b0356cb5','29033b15-df4d-4afe-b261-d9f9d978215b','770de03c-008e-4352-915b-dbad46394b3e','386b4440-e446-4a4c-bbf2-2df0b3d482e7','764434f1-f401-4cec-b0a5-94c50e4c10bb','f8315a47-3595-4af7-afca-831deb36ae44','16b41fad-47bb-456e-818a-0e17a10696d3','7dba2974-eed0-4a24-8090-13ce49e8ae9c','2107c201-e779-4d54-b9d8-e77e63506727','540fda97-9bb5-45a3-8677-e5494a35f98d','8db21bed-0a56-4384-b989-46c85bf60a4a','b64fe46a-25b2-4780-b910-8897bab331d1','04b0026e-ed12-4e5e-85e2-1ed905581184','c4b26668-789f-4117-b9af-34719df71955','06cf74d1-3ae5-4aee-8048-5fab3132f2ba','5ce4a39b-7e40-4486-b5d7-7f910cb36590','b23b7eaa-6c87-413b-b144-42b7afafd4df','f033f831-0ad6-4654-b9cc-9ad6f8c92e8c','af282aaf-606b-4d5f-9ef8-070dc205befb','24c1e762-e92d-485c-ab51-7bd8574e8cb1','2d68eaae-a710-43ae-b278-b376f0865788','21fdd8fe-78d5-4ce1-ae83-7df1ebfc6f56','23922b05-5fbd-49fd-8f6e-3847cabd2503','5c53b1b4-f8e2-4bd1-a376-d983f799cf4b')
[2026-04-16 01:46:04.517] local.info: [15.054ms] [rows:45] SELECT * FROM "permissions" WHERE id IN ('ab6da9f5-8b11-4644-9aaa-009b3b28a4ec','5daf3519-8949-4d26-b4bc-00c8b03f04fe','91166846-7ec1-42de-b134-ce141c3a9d7d','28c919a4-3744-4931-805a-a219892adbe3','789e0c77-5a0c-4ea7-a2e1-606803a6e2bd','6cd9d7a8-34ac-4740-9bc1-aa386ae6de38','8d2454fc-6567-46f9-8527-5843c7142e3c','cf81b7d4-096a-435a-b515-ad3f779199b8','82188518-37d9-45c0-9bca-b0d202cc9449','c01ff63f-6e93-4a78-8e50-87af96ab4a89','a14b8e8b-3f32-475f-8a47-5d33dab3042e','653cb315-36f1-4697-90e4-329900532da2','217d2f9d-5606-432f-99aa-bd6fb720b45f','328bd207-61d6-40ab-9d1d-bbe31ba63a3e','9b3cb586-a24f-4353-8c5a-6a860eba7357','a9280ee9-eb73-4cfb-8092-80f4c2cc5529','e225de9e-e14e-4219-a638-44d136be5613','46c78359-bdb4-421e-9182-d1d095921f20','b0aabdc2-3a7f-496c-a902-ee468671cf24','f4e500e8-45dd-4eeb-8b47-c97d832f18b2','00f63f53-4009-405a-9736-eff543475f78','31cb98ec-4d68-460a-8a6b-1566b0356cb5','29033b15-df4d-4afe-b261-d9f9d978215b','770de03c-008e-4352-915b-dbad46394b3e','386b4440-e446-4a4c-bbf2-2df0b3d482e7','764434f1-f401-4cec-b0a5-94c50e4c10bb','f8315a47-3595-4af7-afca-831deb36ae44','16b41fad-47bb-456e-818a-0e17a10696d3','7dba2974-eed0-4a24-8090-13ce49e8ae9c','2107c201-e779-4d54-b9d8-e77e63506727','540fda97-9bb5-45a3-8677-e5494a35f98d','8db21bed-0a56-4384-b989-46c85bf60a4a','b64fe46a-25b2-4780-b910-8897bab331d1','04b0026e-ed12-4e5e-85e2-1ed905581184','c4b26668-789f-4117-b9af-34719df71955','06cf74d1-3ae5-4aee-8048-5fab3132f2ba','5ce4a39b-7e40-4486-b5d7-7f910cb36590','b23b7eaa-6c87-413b-b144-42b7afafd4df','f033f831-0ad6-4654-b9cc-9ad6f8c92e8c','af282aaf-606b-4d5f-9ef8-070dc205befb','24c1e762-e92d-485c-ab51-7bd8574e8cb1','2d68eaae-a710-43ae-b278-b376f0865788','21fdd8fe-78d5-4ce1-ae83-7df1ebfc6f56','23922b05-5fbd-49fd-8f6e-3847cabd2503','5c53b1b4-f8e2-4bd1-a376-d983f799cf4b')
[2026-04-16 01:46:04.52] local.info: [14.283ms] [rows:45] SELECT * FROM "permissions" WHERE id IN ('ab6da9f5-8b11-4644-9aaa-009b3b28a4ec','5daf3519-8949-4d26-b4bc-00c8b03f04fe','91166846-7ec1-42de-b134-ce141c3a9d7d','28c919a4-3744-4931-805a-a219892adbe3','789e0c77-5a0c-4ea7-a2e1-606803a6e2bd','6cd9d7a8-34ac-4740-9bc1-aa386ae6de38','8d2454fc-6567-46f9-8527-5843c7142e3c','cf81b7d4-096a-435a-b515-ad3f779199b8','82188518-37d9-45c0-9bca-b0d202cc9449','c01ff63f-6e93-4a78-8e50-87af96ab4a89','a14b8e8b-3f32-475f-8a47-5d33dab3042e','653cb315-36f1-4697-90e4-329900532da2','217d2f9d-5606-432f-99aa-bd6fb720b45f','328bd207-61d6-40ab-9d1d-bbe31ba63a3e','9b3cb586-a24f-4353-8c5a-6a860eba7357','a9280ee9-eb73-4cfb-8092-80f4c2cc5529','e225de9e-e14e-4219-a638-44d136be5613','46c78359-bdb4-421e-9182-d1d095921f20','b0aabdc2-3a7f-496c-a902-ee468671cf24','f4e500e8-45dd-4eeb-8b47-c97d832f18b2','00f63f53-4009-405a-9736-eff543475f78','31cb98ec-4d68-460a-8a6b-1566b0356cb5','29033b15-df4d-4afe-b261-d9f9d978215b','770de03c-008e-4352-915b-dbad46394b3e','386b4440-e446-4a4c-bbf2-2df0b3d482e7','764434f1-f401-4cec-b0a5-94c50e4c10bb','f8315a47-3595-4af7-afca-831deb36ae44','16b41fad-47bb-456e-818a-0e17a10696d3','7dba2974-eed0-4a24-8090-13ce49e8ae9c','2107c201-e779-4d54-b9d8-e77e63506727','540fda97-9bb5-45a3-8677-e5494a35f98d','8db21bed-0a56-4384-b989-46c85bf60a4a','b64fe46a-25b2-4780-b910-8897bab331d1','04b0026e-ed12-4e5e-85e2-1ed905581184','c4b26668-789f-4117-b9af-34719df71955','06cf74d1-3ae5-4aee-8048-5fab3132f2ba','5ce4a39b-7e40-4486-b5d7-7f910cb36590','b23b7eaa-6c87-413b-b144-42b7afafd4df','f033f831-0ad6-4654-b9cc-9ad6f8c92e8c','af282aaf-606b-4d5f-9ef8-070dc205befb','24c1e762-e92d-485c-ab51-7bd8574e8cb1','2d68eaae-a710-43ae-b278-b376f0865788','21fdd8fe-78d5-4ce1-ae83-7df1ebfc6f56','23922b05-5fbd-49fd-8f6e-3847cabd2503','5c53b1b4-f8e2-4bd1-a376-d983f799cf4b')
[2026-04-16 01:46:04.527] local.info: [21.012ms] [rows:45] SELECT * FROM "permissions" WHERE id IN ('ab6da9f5-8b11-4644-9aaa-009b3b28a4ec','5daf3519-8949-4d26-b4bc-00c8b03f04fe','91166846-7ec1-42de-b134-ce141c3a9d7d','28c919a4-3744-4931-805a-a219892adbe3','789e0c77-5a0c-4ea7-a2e1-606803a6e2bd','6cd9d7a8-34ac-4740-9bc1-aa386ae6de38','8d2454fc-6567-46f9-8527-5843c7142e3c','cf81b7d4-096a-435a-b515-ad3f779199b8','82188518-37d9-45c0-9bca-b0d202cc9449','c01ff63f-6e93-4a78-8e50-87af96ab4a89','a14b8e8b-3f32-475f-8a47-5d33dab3042e','653cb315-36f1-4697-90e4-329900532da2','217d2f9d-5606-432f-99aa-bd6fb720b45f','328bd207-61d6-40ab-9d1d-bbe31ba63a3e','9b3cb586-a24f-4353-8c5a-6a860eba7357','a9280ee9-eb73-4cfb-8092-80f4c2cc5529','e225de9e-e14e-4219-a638-44d136be5613','46c78359-bdb4-421e-9182-d1d095921f20','b0aabdc2-3a7f-496c-a902-ee468671cf24','f4e500e8-45dd-4eeb-8b47-c97d832f18b2','00f63f53-4009-405a-9736-eff543475f78','31cb98ec-4d68-460a-8a6b-1566b0356cb5','29033b15-df4d-4afe-b261-d9f9d978215b','770de03c-008e-4352-915b-dbad46394b3e','386b4440-e446-4a4c-bbf2-2df0b3d482e7','764434f1-f401-4cec-b0a5-94c50e4c10bb','f8315a47-3595-4af7-afca-831deb36ae44','16b41fad-47bb-456e-818a-0e17a10696d3','7dba2974-eed0-4a24-8090-13ce49e8ae9c','2107c201-e779-4d54-b9d8-e77e63506727','540fda97-9bb5-45a3-8677-e5494a35f98d','8db21bed-0a56-4384-b989-46c85bf60a4a','b64fe46a-25b2-4780-b910-8897bab331d1','04b0026e-ed12-4e5e-85e2-1ed905581184','c4b26668-789f-4117-b9af-34719df71955','06cf74d1-3ae5-4aee-8048-5fab3132f2ba','5ce4a39b-7e40-4486-b5d7-7f910cb36590','b23b7eaa-6c87-413b-b144-42b7afafd4df','f033f831-0ad6-4654-b9cc-9ad6f8c92e8c','af282aaf-606b-4d5f-9ef8-070dc205befb','24c1e762-e92d-485c-ab51-7bd8574e8cb1','2d68eaae-a710-43ae-b278-b376f0865788','21fdd8fe-78d5-4ce1-ae83-7df1ebfc6f56','23922b05-5fbd-49fd-8f6e-3847cabd2503','5c53b1b4-f8e2-4bd1-a376-d983f799cf4b')
[2026-04-16 01:46:04.53] local.info: [12.831ms] [rows:1] SELECT * FROM "documents" WHERE id = '1cb5293d-d875-4bab-865b-85e18ccee4aa' AND deleted_at IS NULL ORDER BY "documents"."id" LIMIT 1
[2026-04-16 01:46:04.538] local.info: [18.051ms] [rows:1] SELECT * FROM "documents" WHERE id = '1cb5293d-d875-4bab-865b-85e18ccee4aa' AND deleted_at IS NULL ORDER BY "documents"."id" LIMIT 1
[2026-04-16 01:46:04.539] local.info: [11.427ms] [rows:0] SELECT * FROM "workflow_instances" WHERE document_id = '1cb5293d-d875-4bab-865b-85e18ccee4aa' AND status = 'active' ORDER BY "workflow_instances"."id" LIMIT 1
[2026-04-16 01:46:04.539] local.info: [8.829ms] [rows:1] SELECT * FROM "document_categories" WHERE "document_categories"."id" = '1de6dcb1-c46b-466f-af65-bc4b8d75de05'
[2026-04-16 01:46:04.549] local.info: [10.787ms] [rows:1] SELECT * FROM "companies" WHERE "companies"."id" = '00000000-0000-0000-0000-000000000001'
[2026-04-16 01:46:04.572] local.error: [33.773ms] [rows:0] SELECT * FROM "document_comments" WHERE (document_id = '1cb5293d-d875-4bab-865b-85e18ccee4aa' AND deleted_at IS NULL) AND parent_id IS NULL ORDER BY created_at desc	ERROR: column "parent_id" does not exist (SQLSTATE 42703)
[Trace] /Users/arivin29macmini/go/pkg/mod/github.com/goravel/framework@v1.17.2/log/writer.go:202 [log.(*Writer).withStackTrace]
/Users/arivin29macmini/go/pkg/mod/github.com/goravel/framework@v1.17.2/log/writer.go:65 [log.(*Writer).Errorf]
/Users/arivin29macmini/go/pkg/mod/github.com/goravel/framework@v1.17.2/database/db/logger.go:79 [db.(*Logger).Errorf]
/Users/arivin29macmini/go/pkg/mod/github.com/goravel/framework@v1.17.2/database/db/logger.go:102 [db.(*Logger).Trace]
/Users/arivin29macmini/go/pkg/mod/github.com/goravel/framework@v1.17.2/database/db/logger.go:153 [db.(*Gorm).Trace]
/Users/arivin29macmini/go/pkg/mod/gorm.io/gorm@v1.31.1/callbacks.go:140 [gorm.(*processor).Execute]
/Users/arivin29macmini/go/pkg/mod/gorm.io/gorm@v1.31.1/finisher_api.go:172 [gorm.(*DB).Find]
/Users/arivin29macmini/go/pkg/mod/github.com/goravel/framework@v1.17.2/database/gorm/query.go:270 [gorm.(*Query).Find]
/Users/arivin29macmini/go/pkg/mod/github.com/goravel/framework@v1.17.2/database/gorm/query.go:417 [gorm.(*Query).Get]
/Users/arivin29macmini/Documents/DEVETEK/BMS/dms/app/repositories/comment_repository.go:83 [repositories.(*commentRepository).List]
/Users/arivin29macmini/Documents/DEVETEK/BMS/dms/app/services/comment_service.go:73 [services.(*CommentService).List]
/Users/arivin29macmini/Documents/DEVETEK/BMS/dms/app/http/controllers/comment_controller.go:29 [controllers.(*CommentController).Index]
/Users/arivin29macmini/go/pkg/mod/github.com/goravel/gin@v1.17.0/utils.go:37 [gin.(*Group).Get.handlerToGinHandler.func1]
/Users/arivin29macmini/go/pkg/mod/github.com/gin-gonic/gin@v1.11.0/context.go:192 [gin.(*Context).Next]
/Users/arivin29macmini/go/pkg/mod/github.com/goravel/gin@v1.17.0/context_request.go:230 [gin.(*ContextRequest).Next]
/Users/arivin29macmini/go/pkg/mod/github.com/goravel/gin@v1.17.0/context_response.go:157 [gin.(*Route).init.ResponseMiddleware.func2]
/Users/arivin29macmini/go/pkg/mod/github.com/goravel/gin@v1.17.0/utils.go:54 [gin.(*Group).WithMiddlewares.middlewaresToGinHandlers.middlewareToGinHandler.func1]
/Users/arivin29macmini/go/pkg/mod/github.com/gin-gonic/gin@v1.11.0/context.go:192 [gin.(*Context).Next]
/Users/arivin29macmini/go/pkg/mod/github.com/goravel/gin@v1.17.0/context_request.go:230 [gin.(*ContextRequest).Next]
/Users/arivin29macmini/Documents/DEVETEK/BMS/dms/app/http/middleware/rbac.go:30 [routes.Api.func2.2.RequirePermission.85]
/Users/arivin29macmini/go/pkg/mod/github.com/goravel/gin@v1.17.0/utils.go:54 [gin.(*Group).WithMiddlewares.middlewaresToGinHandlers.middlewareToGinHandler.func1]
/Users/arivin29macmini/go/pkg/mod/github.com/gin-gonic/gin@v1.11.0/context.go:192 [gin.(*Context).Next]
/Users/arivin29macmini/go/pkg/mod/github.com/goravel/gin@v1.17.0/context_request.go:230 [gin.(*ContextRequest).Next]
/Users/arivin29macmini/Documents/DEVETEK/BMS/dms/app/http/middleware/scope.go:63 [routes.Api.func2.DataScope.5]
/Users/arivin29macmini/go/pkg/mod/github.com/goravel/gin@v1.17.0/utils.go:54 [gin.(*Group).WithMiddlewares.middlewaresToGinHandlers.middlewareToGinHandler.func1]
/Users/arivin29macmini/go/pkg/mod/github.com/gin-gonic/gin@v1.11.0/context.go:192 [gin.(*Context).Next]
/Users/arivin29macmini/go/pkg/mod/github.com/goravel/gin@v1.17.0/context_request.go:230 [gin.(*ContextRequest).Next]
/Users/arivin29macmini/Documents/DEVETEK/BMS/dms/app/http/middleware/auth.go:50 [routes.Api.func2.Auth.4]
/Users/arivin29macmini/go/pkg/mod/github.com/goravel/gin@v1.17.0/utils.go:54 [gin.(*Group).WithMiddlewares.middlewaresToGinHandlers.middlewareToGinHandler.func1]
/Users/arivin29macmini/go/pkg/mod/github.com/gin-gonic/gin@v1.11.0/context.go:192 [gin.(*Context).Next]
/Users/arivin29macmini/go/pkg/mod/github.com/goravel/gin@v1.17.0/context_request.go:230 [gin.(*ContextRequest).Next]
/Users/arivin29macmini/Documents/DEVETEK/BMS/dms/app/http/middleware/cors.go:27 [routes.Api.Cors.func5]
/Users/arivin29macmini/go/pkg/mod/github.com/goravel/gin@v1.17.0/utils.go:54 [gin.(*Group).WithMiddlewares.middlewaresToGinHandlers.middlewareToGinHandler.func1]
/Users/arivin29macmini/go/pkg/mod/github.com/gin-gonic/gin@v1.11.0/context.go:192 [gin.(*Context).Next]
/Users/arivin29macmini/go/pkg/mod/github.com/goravel/gin@v1.17.0/context_request.go:230 [gin.(*ContextRequest).Next]
/Users/arivin29macmini/go/pkg/mod/github.com/goravel/gin@v1.17.0/middleware_tls.go:18 [gin.NewRoute.Tls.func3]
/Users/arivin29macmini/go/pkg/mod/github.com/goravel/gin@v1.17.0/utils.go:54 [gin.(*Route).init.middlewaresToGinHandlers.middlewareToGinHandler.func3]
/Users/arivin29macmini/go/pkg/mod/github.com/gin-gonic/gin@v1.11.0/context.go:192 [gin.(*Context).Next]
/Users/arivin29macmini/go/pkg/mod/github.com/goravel/gin@v1.17.0/context_request.go:230 [gin.(*ContextRequest).Next]
/Users/arivin29macmini/go/pkg/mod/github.com/goravel/gin@v1.17.0/middleware_cors.go:63 [gin.NewRoute.Cors.func2]
/Users/arivin29macmini/go/pkg/mod/github.com/goravel/gin@v1.17.0/utils.go:54 [gin.(*Route).init.middlewaresToGinHandlers.middlewareToGinHandler.func3]
/Users/arivin29macmini/go/pkg/mod/github.com/gin-gonic/gin@v1.11.0/context.go:192 [gin.(*Context).Next]
/Users/arivin29macmini/go/pkg/mod/github.com/goravel/gin@v1.17.0/context_request.go:230 [gin.(*ContextRequest).Next]
[2026-04-16 01:46:04.572] local.info: [22.951ms] [rows:1] SELECT * FROM "users" WHERE "users"."id" = '00000000-0000-0000-0000-000000000099'
[2026-04-16 01:46:04.572] local.info: [23.125ms] [rows:1] SELECT * FROM "users" WHERE "users"."id" = '00000000-0000-0000-0000-000000000099'
[2026-04-16 01:46:04.573] local.info: [42.819ms] [rows:3] SELECT * FROM "document_versions" WHERE document_id = '1cb5293d-d875-4bab-865b-85e18ccee4aa' ORDER BY version_number desc
[2026-04-16 01:46:04.596] local.info: [23.497ms] [rows:1] SELECT * FROM "departments" WHERE "departments"."id" = '00000000-0000-0000-0000-000000000003'
[2026-04-16 01:46:04.616] local.info: [19.924ms] [rows:1] SELECT * FROM "document_types" WHERE "document_types"."id" = '7367ca3d-eb1d-43dd-a115-cf3d2ceecdfa'
[2026-04-16 01:46:04.636] local.info: [19.920ms] [rows:1] SELECT * FROM "offices" WHERE "offices"."id" = '00000000-0000-0000-0000-000000000002'
[2026-04-16 01:46:04.656] local.info: [20.048ms] [rows:1] SELECT * FROM "document_templates" WHERE "document_templates"."id" = 'ef6ad65a-07d2-444b-951d-d197ee14c8a0'
[2026-04-16 01:46:04.656] local.info: [139.396ms] [rows:1] SELECT * FROM "documents" WHERE id = '1cb5293d-d875-4bab-865b-85e18ccee4aa' AND deleted_at IS NULL ORDER BY "documents"."id" LIMIT 1
[2026-04-16 01:46:29.159] local.info: [52.430ms] [rows:1] SELECT * FROM "users" WHERE id = '00000000-0000-0000-0000-000000000099' ORDER BY "users"."id" LIMIT 1
[2026-04-16 01:46:29.186] local.info: [23.959ms] [rows:1] SELECT * FROM "user_roles" WHERE user_id = '00000000-0000-0000-0000-000000000099'
[2026-04-16 01:46:29.206] local.info: [19.924ms] [rows:1] SELECT * FROM "roles" WHERE id IN ('68c46dfb-a565-4938-99d7-9fdd0acf8a7e')
[2026-04-16 01:46:29.226] local.info: [19.625ms] [rows:45] SELECT * FROM "role_permissions" WHERE role_id IN ('68c46dfb-a565-4938-99d7-9fdd0acf8a7e')
[2026-04-16 01:46:29.246] local.info: [20.097ms] [rows:45] SELECT * FROM "permissions" WHERE id IN ('ab6da9f5-8b11-4644-9aaa-009b3b28a4ec','5daf3519-8949-4d26-b4bc-00c8b03f04fe','91166846-7ec1-42de-b134-ce141c3a9d7d','28c919a4-3744-4931-805a-a219892adbe3','789e0c77-5a0c-4ea7-a2e1-606803a6e2bd','6cd9d7a8-34ac-4740-9bc1-aa386ae6de38','8d2454fc-6567-46f9-8527-5843c7142e3c','cf81b7d4-096a-435a-b515-ad3f779199b8','82188518-37d9-45c0-9bca-b0d202cc9449','c01ff63f-6e93-4a78-8e50-87af96ab4a89','a14b8e8b-3f32-475f-8a47-5d33dab3042e','653cb315-36f1-4697-90e4-329900532da2','217d2f9d-5606-432f-99aa-bd6fb720b45f','328bd207-61d6-40ab-9d1d-bbe31ba63a3e','9b3cb586-a24f-4353-8c5a-6a860eba7357','a9280ee9-eb73-4cfb-8092-80f4c2cc5529','e225de9e-e14e-4219-a638-44d136be5613','46c78359-bdb4-421e-9182-d1d095921f20','b0aabdc2-3a7f-496c-a902-ee468671cf24','f4e500e8-45dd-4eeb-8b47-c97d832f18b2','00f63f53-4009-405a-9736-eff543475f78','31cb98ec-4d68-460a-8a6b-1566b0356cb5','29033b15-df4d-4afe-b261-d9f9d978215b','770de03c-008e-4352-915b-dbad46394b3e','386b4440-e446-4a4c-bbf2-2df0b3d482e7','764434f1-f401-4cec-b0a5-94c50e4c10bb','f8315a47-3595-4af7-afca-831deb36ae44','16b41fad-47bb-456e-818a-0e17a10696d3','7dba2974-eed0-4a24-8090-13ce49e8ae9c','2107c201-e779-4d54-b9d8-e77e63506727','540fda97-9bb5-45a3-8677-e5494a35f98d','8db21bed-0a56-4384-b989-46c85bf60a4a','b64fe46a-25b2-4780-b910-8897bab331d1','04b0026e-ed12-4e5e-85e2-1ed905581184','c4b26668-789f-4117-b9af-34719df71955','06cf74d1-3ae5-4aee-8048-5fab3132f2ba','5ce4a39b-7e40-4486-b5d7-7f910cb36590','b23b7eaa-6c87-413b-b144-42b7afafd4df','f033f831-0ad6-4654-b9cc-9ad6f8c92e8c','af282aaf-606b-4d5f-9ef8-070dc205befb','24c1e762-e92d-485c-ab51-7bd8574e8cb1','2d68eaae-a710-43ae-b278-b376f0865788','21fdd8fe-78d5-4ce1-ae83-7df1ebfc6f56','23922b05-5fbd-49fd-8f6e-3847cabd2503','5c53b1b4-f8e2-4bd1-a376-d983f799cf4b')
[2026-04-16 01:46:29.266] local.info: [19.481ms] [rows:1] SELECT count(*) FROM "notifications" WHERE user_id = '00000000-0000-0000-0000-000000000099' AND is_read = false
[2026-04-16 01:46:59.166] local.info: [58.756ms] [rows:1] SELECT * FROM "users" WHERE id = '00000000-0000-0000-0000-000000000099' ORDER BY "users"."id" LIMIT 1
[2026-04-16 01:46:59.185] local.info: [18.894ms] [rows:1] SELECT * FROM "user_roles" WHERE user_id = '00000000-0000-0000-0000-000000000099'
[2026-04-16 01:46:59.207] local.info: [21.672ms] [rows:1] SELECT * FROM "roles" WHERE id IN ('68c46dfb-a565-4938-99d7-9fdd0acf8a7e')
[2026-04-16 01:46:59.225] local.info: [17.926ms] [rows:45] SELECT * FROM "role_permissions" WHERE role_id IN ('68c46dfb-a565-4938-99d7-9fdd0acf8a7e')
[2026-04-16 01:46:59.246] local.info: [20.500ms] [rows:45] SELECT * FROM "permissions" WHERE id IN ('ab6da9f5-8b11-4644-9aaa-009b3b28a4ec','5daf3519-8949-4d26-b4bc-00c8b03f04fe','91166846-7ec1-42de-b134-ce141c3a9d7d','28c919a4-3744-4931-805a-a219892adbe3','789e0c77-5a0c-4ea7-a2e1-606803a6e2bd','6cd9d7a8-34ac-4740-9bc1-aa386ae6de38','8d2454fc-6567-46f9-8527-5843c7142e3c','cf81b7d4-096a-435a-b515-ad3f779199b8','82188518-37d9-45c0-9bca-b0d202cc9449','c01ff63f-6e93-4a78-8e50-87af96ab4a89','a14b8e8b-3f32-475f-8a47-5d33dab3042e','653cb315-36f1-4697-90e4-329900532da2','217d2f9d-5606-432f-99aa-bd6fb720b45f','328bd207-61d6-40ab-9d1d-bbe31ba63a3e','9b3cb586-a24f-4353-8c5a-6a860eba7357','a9280ee9-eb73-4cfb-8092-80f4c2cc5529','e225de9e-e14e-4219-a638-44d136be5613','46c78359-bdb4-421e-9182-d1d095921f20','b0aabdc2-3a7f-496c-a902-ee468671cf24','f4e500e8-45dd-4eeb-8b47-c97d832f18b2','00f63f53-4009-405a-9736-eff543475f78','31cb98ec-4d68-460a-8a6b-1566b0356cb5','29033b15-df4d-4afe-b261-d9f9d978215b','770de03c-008e-4352-915b-dbad46394b3e','386b4440-e446-4a4c-bbf2-2df0b3d482e7','764434f1-f401-4cec-b0a5-94c50e4c10bb','f8315a47-3595-4af7-afca-831deb36ae44','16b41fad-47bb-456e-818a-0e17a10696d3','7dba2974-eed0-4a24-8090-13ce49e8ae9c','2107c201-e779-4d54-b9d8-e77e63506727','540fda97-9bb5-45a3-8677-e5494a35f98d','8db21bed-0a56-4384-b989-46c85bf60a4a','b64fe46a-25b2-4780-b910-8897bab331d1','04b0026e-ed12-4e5e-85e2-1ed905581184','c4b26668-789f-4117-b9af-34719df71955','06cf74d1-3ae5-4aee-8048-5fab3132f2ba','5ce4a39b-7e40-4486-b5d7-7f910cb36590','b23b7eaa-6c87-413b-b144-42b7afafd4df','f033f831-0ad6-4654-b9cc-9ad6f8c92e8c','af282aaf-606b-4d5f-9ef8-070dc205befb','24c1e762-e92d-485c-ab51-7bd8574e8cb1','2d68eaae-a710-43ae-b278-b376f0865788','21fdd8fe-78d5-4ce1-ae83-7df1ebfc6f56','23922b05-5fbd-49fd-8f6e-3847cabd2503','5c53b1b4-f8e2-4bd1-a376-d983f799cf4b')
[2026-04-16 01:46:59.265] local.info: [18.840ms] [rows:1] SELECT count(*) FROM "notifications" WHERE user_id = '00000000-0000-0000-0000-000000000099' AND is_read = false
[2026-04-16 01:47:29.175] local.info: [72.000ms] [rows:1] SELECT * FROM "users" WHERE id = '00000000-0000-0000-0000-000000000099' ORDER BY "users"."id" LIMIT 1
[2026-04-16 01:47:29.225] local.info: [49.135ms] [rows:1] SELECT * FROM "user_roles" WHERE user_id = '00000000-0000-0000-0000-000000000099'
[2026-04-16 01:47:29.245] local.info: [19.768ms] [rows:1] SELECT * FROM "roles" WHERE id IN ('68c46dfb-a565-4938-99d7-9fdd0acf8a7e')
[2026-04-16 01:47:29.265] local.info: [19.195ms] [rows:45] SELECT * FROM "role_permissions" WHERE role_id IN ('68c46dfb-a565-4938-99d7-9fdd0acf8a7e')
[2026-04-16 01:47:29.285] local.info: [20.040ms] [rows:45] SELECT * FROM "permissions" WHERE id IN ('ab6da9f5-8b11-4644-9aaa-009b3b28a4ec','5daf3519-8949-4d26-b4bc-00c8b03f04fe','91166846-7ec1-42de-b134-ce141c3a9d7d','28c919a4-3744-4931-805a-a219892adbe3','789e0c77-5a0c-4ea7-a2e1-606803a6e2bd','6cd9d7a8-34ac-4740-9bc1-aa386ae6de38','8d2454fc-6567-46f9-8527-5843c7142e3c','cf81b7d4-096a-435a-b515-ad3f779199b8','82188518-37d9-45c0-9bca-b0d202cc9449','c01ff63f-6e93-4a78-8e50-87af96ab4a89','a14b8e8b-3f32-475f-8a47-5d33dab3042e','653cb315-36f1-4697-90e4-329900532da2','217d2f9d-5606-432f-99aa-bd6fb720b45f','328bd207-61d6-40ab-9d1d-bbe31ba63a3e','9b3cb586-a24f-4353-8c5a-6a860eba7357','a9280ee9-eb73-4cfb-8092-80f4c2cc5529','e225de9e-e14e-4219-a638-44d136be5613','46c78359-bdb4-421e-9182-d1d095921f20','b0aabdc2-3a7f-496c-a902-ee468671cf24','f4e500e8-45dd-4eeb-8b47-c97d832f18b2','00f63f53-4009-405a-9736-eff543475f78','31cb98ec-4d68-460a-8a6b-1566b0356cb5','29033b15-df4d-4afe-b261-d9f9d978215b','770de03c-008e-4352-915b-dbad46394b3e','386b4440-e446-4a4c-bbf2-2df0b3d482e7','764434f1-f401-4cec-b0a5-94c50e4c10bb','f8315a47-3595-4af7-afca-831deb36ae44','16b41fad-47bb-456e-818a-0e17a10696d3','7dba2974-eed0-4a24-8090-13ce49e8ae9c','2107c201-e779-4d54-b9d8-e77e63506727','540fda97-9bb5-45a3-8677-e5494a35f98d','8db21bed-0a56-4384-b989-46c85bf60a4a','b64fe46a-25b2-4780-b910-8897bab331d1','04b0026e-ed12-4e5e-85e2-1ed905581184','c4b26668-789f-4117-b9af-34719df71955','06cf74d1-3ae5-4aee-8048-5fab3132f2ba','5ce4a39b-7e40-4486-b5d7-7f910cb36590','b23b7eaa-6c87-413b-b144-42b7afafd4df','f033f831-0ad6-4654-b9cc-9ad6f8c92e8c','af282aaf-606b-4d5f-9ef8-070dc205befb','24c1e762-e92d-485c-ab51-7bd8574e8cb1','2d68eaae-a710-43ae-b278-b376f0865788','21fdd8fe-78d5-4ce1-ae83-7df1ebfc6f56','23922b05-5fbd-49fd-8f6e-3847cabd2503','5c53b1b4-f8e2-4bd1-a376-d983f799cf4b')
[2026-04-16 01:47:29.308] local.info: [22.205ms] [rows:1] SELECT count(*) FROM "notifications" WHERE user_id = '00000000-0000-0000-0000-000000000099' AND is_read = false
[2026-04-16 01:47:59.134] local.info: [29.695ms] [rows:1] SELECT * FROM "users" WHERE id = '00000000-0000-0000-0000-000000000099' ORDER BY "users"."id" LIMIT 1
[2026-04-16 01:47:59.151] local.info: [16.790ms] [rows:1] SELECT * FROM "user_roles" WHERE user_id = '00000000-0000-0000-0000-000000000099'
[2026-04-16 01:47:59.164] local.info: [13.016ms] [rows:1] SELECT * FROM "roles" WHERE id IN ('68c46dfb-a565-4938-99d7-9fdd0acf8a7e')
[2026-04-16 01:47:59.184] local.info: [20.031ms] [rows:45] SELECT * FROM "role_permissions" WHERE role_id IN ('68c46dfb-a565-4938-99d7-9fdd0acf8a7e')
[2026-04-16 01:47:59.203] local.info: [18.538ms] [rows:45] SELECT * FROM "permissions" WHERE id IN ('ab6da9f5-8b11-4644-9aaa-009b3b28a4ec','5daf3519-8949-4d26-b4bc-00c8b03f04fe','91166846-7ec1-42de-b134-ce141c3a9d7d','28c919a4-3744-4931-805a-a219892adbe3','789e0c77-5a0c-4ea7-a2e1-606803a6e2bd','6cd9d7a8-34ac-4740-9bc1-aa386ae6de38','8d2454fc-6567-46f9-8527-5843c7142e3c','cf81b7d4-096a-435a-b515-ad3f779199b8','82188518-37d9-45c0-9bca-b0d202cc9449','c01ff63f-6e93-4a78-8e50-87af96ab4a89','a14b8e8b-3f32-475f-8a47-5d33dab3042e','653cb315-36f1-4697-90e4-329900532da2','217d2f9d-5606-432f-99aa-bd6fb720b45f','328bd207-61d6-40ab-9d1d-bbe31ba63a3e','9b3cb586-a24f-4353-8c5a-6a860eba7357','a9280ee9-eb73-4cfb-8092-80f4c2cc5529','e225de9e-e14e-4219-a638-44d136be5613','46c78359-bdb4-421e-9182-d1d095921f20','b0aabdc2-3a7f-496c-a902-ee468671cf24','f4e500e8-45dd-4eeb-8b47-c97d832f18b2','00f63f53-4009-405a-9736-eff543475f78','31cb98ec-4d68-460a-8a6b-1566b0356cb5','29033b15-df4d-4afe-b261-d9f9d978215b','770de03c-008e-4352-915b-dbad46394b3e','386b4440-e446-4a4c-bbf2-2df0b3d482e7','764434f1-f401-4cec-b0a5-94c50e4c10bb','f8315a47-3595-4af7-afca-831deb36ae44','16b41fad-47bb-456e-818a-0e17a10696d3','7dba2974-eed0-4a24-8090-13ce49e8ae9c','2107c201-e779-4d54-b9d8-e77e63506727','540fda97-9bb5-45a3-8677-e5494a35f98d','8db21bed-0a56-4384-b989-46c85bf60a4a','b64fe46a-25b2-4780-b910-8897bab331d1','04b0026e-ed12-4e5e-85e2-1ed905581184','c4b26668-789f-4117-b9af-34719df71955','06cf74d1-3ae5-4aee-8048-5fab3132f2ba','5ce4a39b-7e40-4486-b5d7-7f910cb36590','b23b7eaa-6c87-413b-b144-42b7afafd4df','f033f831-0ad6-4654-b9cc-9ad6f8c92e8c','af282aaf-606b-4d5f-9ef8-070dc205befb','24c1e762-e92d-485c-ab51-7bd8574e8cb1','2d68eaae-a710-43ae-b278-b376f0865788','21fdd8fe-78d5-4ce1-ae83-7df1ebfc6f56','23922b05-5fbd-49fd-8f6e-3847cabd2503','5c53b1b4-f8e2-4bd1-a376-d983f799cf4b')
[2026-04-16 01:47:59.225] local.info: [21.362ms] [rows:1] SELECT count(*) FROM "notifications" WHERE user_id = '00000000-0000-0000-0000-000000000099' AND is_read = false
[2026-04-16 01:48:16.203] local.info: [14.582ms] [rows:1] SELECT * FROM "users" WHERE id = '00000000-0000-0000-0000-000000000099' ORDER BY "users"."id" LIMIT 1
[2026-04-16 01:48:16.204] local.info: [17.403ms] [rows:1] SELECT * FROM "users" WHERE id = '00000000-0000-0000-0000-000000000099' ORDER BY "users"."id" LIMIT 1
[2026-04-16 01:48:16.205] local.info: [18.899ms] [rows:1] SELECT * FROM "users" WHERE id = '00000000-0000-0000-0000-000000000099' ORDER BY "users"."id" LIMIT 1
[2026-04-16 01:48:16.213] local.info: [24.236ms] [rows:1] SELECT * FROM "users" WHERE id = '00000000-0000-0000-0000-000000000099' ORDER BY "users"."id" LIMIT 1
[2026-04-16 01:48:16.213] local.info: [9.243ms] [rows:1] SELECT * FROM "user_roles" WHERE user_id = '00000000-0000-0000-0000-000000000099'
[2026-04-16 01:48:16.213] local.info: [10.030ms] [rows:1] SELECT * FROM "user_roles" WHERE user_id = '00000000-0000-0000-0000-000000000099'
[2026-04-16 01:48:16.222] local.info: [8.658ms] [rows:1] SELECT * FROM "roles" WHERE id IN ('68c46dfb-a565-4938-99d7-9fdd0acf8a7e')
[2026-04-16 01:48:16.222] local.info: [33.722ms] [rows:1] SELECT * FROM "users" WHERE id = '00000000-0000-0000-0000-000000000099' ORDER BY "users"."id" LIMIT 1
[2026-04-16 01:48:16.222] local.info: [8.662ms] [rows:1] SELECT * FROM "roles" WHERE id IN ('68c46dfb-a565-4938-99d7-9fdd0acf8a7e')
[2026-04-16 01:48:16.222] local.info: [37.475ms] [rows:1] SELECT * FROM "users" WHERE id = '00000000-0000-0000-0000-000000000099' ORDER BY "users"."id" LIMIT 1
[2026-04-16 01:48:16.222] local.info: [17.114ms] [rows:1] SELECT * FROM "user_roles" WHERE user_id = '00000000-0000-0000-0000-000000000099'
[2026-04-16 01:48:16.23] local.info: [17.266ms] [rows:1] SELECT * FROM "user_roles" WHERE user_id = '00000000-0000-0000-0000-000000000099'
[2026-04-16 01:48:16.231] local.info: [7.951ms] [rows:1] SELECT * FROM "user_roles" WHERE user_id = '00000000-0000-0000-0000-000000000099'
[2026-04-16 01:48:16.231] local.info: [7.809ms] [rows:1] SELECT * FROM "user_roles" WHERE user_id = '00000000-0000-0000-0000-000000000099'
[2026-04-16 01:48:16.239] local.info: [16.072ms] [rows:45] SELECT * FROM "role_permissions" WHERE role_id IN ('68c46dfb-a565-4938-99d7-9fdd0acf8a7e')
[2026-04-16 01:48:16.239] local.info: [16.441ms] [rows:1] SELECT * FROM "roles" WHERE id IN ('68c46dfb-a565-4938-99d7-9fdd0acf8a7e')
[2026-04-16 01:48:16.239] local.info: [16.815ms] [rows:45] SELECT * FROM "role_permissions" WHERE role_id IN ('68c46dfb-a565-4938-99d7-9fdd0acf8a7e')
[2026-04-16 01:48:16.248] local.info: [17.773ms] [rows:1] SELECT * FROM "roles" WHERE id IN ('68c46dfb-a565-4938-99d7-9fdd0acf8a7e')
[2026-04-16 01:48:16.249] local.info: [17.781ms] [rows:1] SELECT * FROM "roles" WHERE id IN ('68c46dfb-a565-4938-99d7-9fdd0acf8a7e')
[2026-04-16 01:48:16.249] local.info: [17.888ms] [rows:1] SELECT * FROM "roles" WHERE id IN ('68c46dfb-a565-4938-99d7-9fdd0acf8a7e')
[2026-04-16 01:48:16.251] local.info: [11.525ms] [rows:45] SELECT * FROM "permissions" WHERE id IN ('ab6da9f5-8b11-4644-9aaa-009b3b28a4ec','5daf3519-8949-4d26-b4bc-00c8b03f04fe','91166846-7ec1-42de-b134-ce141c3a9d7d','28c919a4-3744-4931-805a-a219892adbe3','789e0c77-5a0c-4ea7-a2e1-606803a6e2bd','6cd9d7a8-34ac-4740-9bc1-aa386ae6de38','8d2454fc-6567-46f9-8527-5843c7142e3c','cf81b7d4-096a-435a-b515-ad3f779199b8','82188518-37d9-45c0-9bca-b0d202cc9449','c01ff63f-6e93-4a78-8e50-87af96ab4a89','a14b8e8b-3f32-475f-8a47-5d33dab3042e','653cb315-36f1-4697-90e4-329900532da2','217d2f9d-5606-432f-99aa-bd6fb720b45f','328bd207-61d6-40ab-9d1d-bbe31ba63a3e','9b3cb586-a24f-4353-8c5a-6a860eba7357','a9280ee9-eb73-4cfb-8092-80f4c2cc5529','e225de9e-e14e-4219-a638-44d136be5613','46c78359-bdb4-421e-9182-d1d095921f20','b0aabdc2-3a7f-496c-a902-ee468671cf24','f4e500e8-45dd-4eeb-8b47-c97d832f18b2','00f63f53-4009-405a-9736-eff543475f78','31cb98ec-4d68-460a-8a6b-1566b0356cb5','29033b15-df4d-4afe-b261-d9f9d978215b','770de03c-008e-4352-915b-dbad46394b3e','386b4440-e446-4a4c-bbf2-2df0b3d482e7','764434f1-f401-4cec-b0a5-94c50e4c10bb','f8315a47-3595-4af7-afca-831deb36ae44','16b41fad-47bb-456e-818a-0e17a10696d3','7dba2974-eed0-4a24-8090-13ce49e8ae9c','2107c201-e779-4d54-b9d8-e77e63506727','540fda97-9bb5-45a3-8677-e5494a35f98d','8db21bed-0a56-4384-b989-46c85bf60a4a','b64fe46a-25b2-4780-b910-8897bab331d1','04b0026e-ed12-4e5e-85e2-1ed905581184','c4b26668-789f-4117-b9af-34719df71955','06cf74d1-3ae5-4aee-8048-5fab3132f2ba','5ce4a39b-7e40-4486-b5d7-7f910cb36590','b23b7eaa-6c87-413b-b144-42b7afafd4df','f033f831-0ad6-4654-b9cc-9ad6f8c92e8c','af282aaf-606b-4d5f-9ef8-070dc205befb','24c1e762-e92d-485c-ab51-7bd8574e8cb1','2d68eaae-a710-43ae-b278-b376f0865788','21fdd8fe-78d5-4ce1-ae83-7df1ebfc6f56','23922b05-5fbd-49fd-8f6e-3847cabd2503','5c53b1b4-f8e2-4bd1-a376-d983f799cf4b')
[2026-04-16 01:48:16.251] local.info: [11.328ms] [rows:45] SELECT * FROM "role_permissions" WHERE role_id IN ('68c46dfb-a565-4938-99d7-9fdd0acf8a7e')
[2026-04-16 01:48:16.256] local.info: [16.461ms] [rows:45] SELECT * FROM "permissions" WHERE id IN ('ab6da9f5-8b11-4644-9aaa-009b3b28a4ec','5daf3519-8949-4d26-b4bc-00c8b03f04fe','91166846-7ec1-42de-b134-ce141c3a9d7d','28c919a4-3744-4931-805a-a219892adbe3','789e0c77-5a0c-4ea7-a2e1-606803a6e2bd','6cd9d7a8-34ac-4740-9bc1-aa386ae6de38','8d2454fc-6567-46f9-8527-5843c7142e3c','cf81b7d4-096a-435a-b515-ad3f779199b8','82188518-37d9-45c0-9bca-b0d202cc9449','c01ff63f-6e93-4a78-8e50-87af96ab4a89','a14b8e8b-3f32-475f-8a47-5d33dab3042e','653cb315-36f1-4697-90e4-329900532da2','217d2f9d-5606-432f-99aa-bd6fb720b45f','328bd207-61d6-40ab-9d1d-bbe31ba63a3e','9b3cb586-a24f-4353-8c5a-6a860eba7357','a9280ee9-eb73-4cfb-8092-80f4c2cc5529','e225de9e-e14e-4219-a638-44d136be5613','46c78359-bdb4-421e-9182-d1d095921f20','b0aabdc2-3a7f-496c-a902-ee468671cf24','f4e500e8-45dd-4eeb-8b47-c97d832f18b2','00f63f53-4009-405a-9736-eff543475f78','31cb98ec-4d68-460a-8a6b-1566b0356cb5','29033b15-df4d-4afe-b261-d9f9d978215b','770de03c-008e-4352-915b-dbad46394b3e','386b4440-e446-4a4c-bbf2-2df0b3d482e7','764434f1-f401-4cec-b0a5-94c50e4c10bb','f8315a47-3595-4af7-afca-831deb36ae44','16b41fad-47bb-456e-818a-0e17a10696d3','7dba2974-eed0-4a24-8090-13ce49e8ae9c','2107c201-e779-4d54-b9d8-e77e63506727','540fda97-9bb5-45a3-8677-e5494a35f98d','8db21bed-0a56-4384-b989-46c85bf60a4a','b64fe46a-25b2-4780-b910-8897bab331d1','04b0026e-ed12-4e5e-85e2-1ed905581184','c4b26668-789f-4117-b9af-34719df71955','06cf74d1-3ae5-4aee-8048-5fab3132f2ba','5ce4a39b-7e40-4486-b5d7-7f910cb36590','b23b7eaa-6c87-413b-b144-42b7afafd4df','f033f831-0ad6-4654-b9cc-9ad6f8c92e8c','af282aaf-606b-4d5f-9ef8-070dc205befb','24c1e762-e92d-485c-ab51-7bd8574e8cb1','2d68eaae-a710-43ae-b278-b376f0865788','21fdd8fe-78d5-4ce1-ae83-7df1ebfc6f56','23922b05-5fbd-49fd-8f6e-3847cabd2503','5c53b1b4-f8e2-4bd1-a376-d983f799cf4b')
[2026-04-16 01:48:16.258] local.info: [9.081ms] [rows:45] SELECT * FROM "role_permissions" WHERE role_id IN ('68c46dfb-a565-4938-99d7-9fdd0acf8a7e')
[2026-04-16 01:48:16.26] local.info: [11.744ms] [rows:45] SELECT * FROM "role_permissions" WHERE role_id IN ('68c46dfb-a565-4938-99d7-9fdd0acf8a7e')
[2026-04-16 01:48:16.26] local.info: [11.615ms] [rows:45] SELECT * FROM "role_permissions" WHERE role_id IN ('68c46dfb-a565-4938-99d7-9fdd0acf8a7e')
[2026-04-16 01:48:16.267] local.info: [15.993ms] [rows:45] SELECT * FROM "permissions" WHERE id IN ('ab6da9f5-8b11-4644-9aaa-009b3b28a4ec','5daf3519-8949-4d26-b4bc-00c8b03f04fe','91166846-7ec1-42de-b134-ce141c3a9d7d','28c919a4-3744-4931-805a-a219892adbe3','789e0c77-5a0c-4ea7-a2e1-606803a6e2bd','6cd9d7a8-34ac-4740-9bc1-aa386ae6de38','8d2454fc-6567-46f9-8527-5843c7142e3c','cf81b7d4-096a-435a-b515-ad3f779199b8','82188518-37d9-45c0-9bca-b0d202cc9449','c01ff63f-6e93-4a78-8e50-87af96ab4a89','a14b8e8b-3f32-475f-8a47-5d33dab3042e','653cb315-36f1-4697-90e4-329900532da2','217d2f9d-5606-432f-99aa-bd6fb720b45f','328bd207-61d6-40ab-9d1d-bbe31ba63a3e','9b3cb586-a24f-4353-8c5a-6a860eba7357','a9280ee9-eb73-4cfb-8092-80f4c2cc5529','e225de9e-e14e-4219-a638-44d136be5613','46c78359-bdb4-421e-9182-d1d095921f20','b0aabdc2-3a7f-496c-a902-ee468671cf24','f4e500e8-45dd-4eeb-8b47-c97d832f18b2','00f63f53-4009-405a-9736-eff543475f78','31cb98ec-4d68-460a-8a6b-1566b0356cb5','29033b15-df4d-4afe-b261-d9f9d978215b','770de03c-008e-4352-915b-dbad46394b3e','386b4440-e446-4a4c-bbf2-2df0b3d482e7','764434f1-f401-4cec-b0a5-94c50e4c10bb','f8315a47-3595-4af7-afca-831deb36ae44','16b41fad-47bb-456e-818a-0e17a10696d3','7dba2974-eed0-4a24-8090-13ce49e8ae9c','2107c201-e779-4d54-b9d8-e77e63506727','540fda97-9bb5-45a3-8677-e5494a35f98d','8db21bed-0a56-4384-b989-46c85bf60a4a','b64fe46a-25b2-4780-b910-8897bab331d1','04b0026e-ed12-4e5e-85e2-1ed905581184','c4b26668-789f-4117-b9af-34719df71955','06cf74d1-3ae5-4aee-8048-5fab3132f2ba','5ce4a39b-7e40-4486-b5d7-7f910cb36590','b23b7eaa-6c87-413b-b144-42b7afafd4df','f033f831-0ad6-4654-b9cc-9ad6f8c92e8c','af282aaf-606b-4d5f-9ef8-070dc205befb','24c1e762-e92d-485c-ab51-7bd8574e8cb1','2d68eaae-a710-43ae-b278-b376f0865788','21fdd8fe-78d5-4ce1-ae83-7df1ebfc6f56','23922b05-5fbd-49fd-8f6e-3847cabd2503','5c53b1b4-f8e2-4bd1-a376-d983f799cf4b')
[2026-04-16 01:48:16.267] local.info: [16.349ms] [rows:1] SELECT count(*) FROM "notifications" WHERE user_id = '00000000-0000-0000-0000-000000000099' AND is_read = false
[2026-04-16 01:48:16.268] local.info: [11.778ms] [rows:1] SELECT count(*) FROM "document_types"
[2026-04-16 01:48:16.269] local.info: [11.090ms] [rows:45] SELECT * FROM "permissions" WHERE id IN ('ab6da9f5-8b11-4644-9aaa-009b3b28a4ec','5daf3519-8949-4d26-b4bc-00c8b03f04fe','91166846-7ec1-42de-b134-ce141c3a9d7d','28c919a4-3744-4931-805a-a219892adbe3','789e0c77-5a0c-4ea7-a2e1-606803a6e2bd','6cd9d7a8-34ac-4740-9bc1-aa386ae6de38','8d2454fc-6567-46f9-8527-5843c7142e3c','cf81b7d4-096a-435a-b515-ad3f779199b8','82188518-37d9-45c0-9bca-b0d202cc9449','c01ff63f-6e93-4a78-8e50-87af96ab4a89','a14b8e8b-3f32-475f-8a47-5d33dab3042e','653cb315-36f1-4697-90e4-329900532da2','217d2f9d-5606-432f-99aa-bd6fb720b45f','328bd207-61d6-40ab-9d1d-bbe31ba63a3e','9b3cb586-a24f-4353-8c5a-6a860eba7357','a9280ee9-eb73-4cfb-8092-80f4c2cc5529','e225de9e-e14e-4219-a638-44d136be5613','46c78359-bdb4-421e-9182-d1d095921f20','b0aabdc2-3a7f-496c-a902-ee468671cf24','f4e500e8-45dd-4eeb-8b47-c97d832f18b2','00f63f53-4009-405a-9736-eff543475f78','31cb98ec-4d68-460a-8a6b-1566b0356cb5','29033b15-df4d-4afe-b261-d9f9d978215b','770de03c-008e-4352-915b-dbad46394b3e','386b4440-e446-4a4c-bbf2-2df0b3d482e7','764434f1-f401-4cec-b0a5-94c50e4c10bb','f8315a47-3595-4af7-afca-831deb36ae44','16b41fad-47bb-456e-818a-0e17a10696d3','7dba2974-eed0-4a24-8090-13ce49e8ae9c','2107c201-e779-4d54-b9d8-e77e63506727','540fda97-9bb5-45a3-8677-e5494a35f98d','8db21bed-0a56-4384-b989-46c85bf60a4a','b64fe46a-25b2-4780-b910-8897bab331d1','04b0026e-ed12-4e5e-85e2-1ed905581184','c4b26668-789f-4117-b9af-34719df71955','06cf74d1-3ae5-4aee-8048-5fab3132f2ba','5ce4a39b-7e40-4486-b5d7-7f910cb36590','b23b7eaa-6c87-413b-b144-42b7afafd4df','f033f831-0ad6-4654-b9cc-9ad6f8c92e8c','af282aaf-606b-4d5f-9ef8-070dc205befb','24c1e762-e92d-485c-ab51-7bd8574e8cb1','2d68eaae-a710-43ae-b278-b376f0865788','21fdd8fe-78d5-4ce1-ae83-7df1ebfc6f56','23922b05-5fbd-49fd-8f6e-3847cabd2503','5c53b1b4-f8e2-4bd1-a376-d983f799cf4b')
[2026-04-16 01:48:16.271] local.info: [10.526ms] [rows:45] SELECT * FROM "permissions" WHERE id IN ('ab6da9f5-8b11-4644-9aaa-009b3b28a4ec','5daf3519-8949-4d26-b4bc-00c8b03f04fe','91166846-7ec1-42de-b134-ce141c3a9d7d','28c919a4-3744-4931-805a-a219892adbe3','789e0c77-5a0c-4ea7-a2e1-606803a6e2bd','6cd9d7a8-34ac-4740-9bc1-aa386ae6de38','8d2454fc-6567-46f9-8527-5843c7142e3c','cf81b7d4-096a-435a-b515-ad3f779199b8','82188518-37d9-45c0-9bca-b0d202cc9449','c01ff63f-6e93-4a78-8e50-87af96ab4a89','a14b8e8b-3f32-475f-8a47-5d33dab3042e','653cb315-36f1-4697-90e4-329900532da2','217d2f9d-5606-432f-99aa-bd6fb720b45f','328bd207-61d6-40ab-9d1d-bbe31ba63a3e','9b3cb586-a24f-4353-8c5a-6a860eba7357','a9280ee9-eb73-4cfb-8092-80f4c2cc5529','e225de9e-e14e-4219-a638-44d136be5613','46c78359-bdb4-421e-9182-d1d095921f20','b0aabdc2-3a7f-496c-a902-ee468671cf24','f4e500e8-45dd-4eeb-8b47-c97d832f18b2','00f63f53-4009-405a-9736-eff543475f78','31cb98ec-4d68-460a-8a6b-1566b0356cb5','29033b15-df4d-4afe-b261-d9f9d978215b','770de03c-008e-4352-915b-dbad46394b3e','386b4440-e446-4a4c-bbf2-2df0b3d482e7','764434f1-f401-4cec-b0a5-94c50e4c10bb','f8315a47-3595-4af7-afca-831deb36ae44','16b41fad-47bb-456e-818a-0e17a10696d3','7dba2974-eed0-4a24-8090-13ce49e8ae9c','2107c201-e779-4d54-b9d8-e77e63506727','540fda97-9bb5-45a3-8677-e5494a35f98d','8db21bed-0a56-4384-b989-46c85bf60a4a','b64fe46a-25b2-4780-b910-8897bab331d1','04b0026e-ed12-4e5e-85e2-1ed905581184','c4b26668-789f-4117-b9af-34719df71955','06cf74d1-3ae5-4aee-8048-5fab3132f2ba','5ce4a39b-7e40-4486-b5d7-7f910cb36590','b23b7eaa-6c87-413b-b144-42b7afafd4df','f033f831-0ad6-4654-b9cc-9ad6f8c92e8c','af282aaf-606b-4d5f-9ef8-070dc205befb','24c1e762-e92d-485c-ab51-7bd8574e8cb1','2d68eaae-a710-43ae-b278-b376f0865788','21fdd8fe-78d5-4ce1-ae83-7df1ebfc6f56','23922b05-5fbd-49fd-8f6e-3847cabd2503','5c53b1b4-f8e2-4bd1-a376-d983f799cf4b')
[2026-04-16 01:48:16.277] local.info: [16.346ms] [rows:45] SELECT * FROM "permissions" WHERE id IN ('ab6da9f5-8b11-4644-9aaa-009b3b28a4ec','5daf3519-8949-4d26-b4bc-00c8b03f04fe','91166846-7ec1-42de-b134-ce141c3a9d7d','28c919a4-3744-4931-805a-a219892adbe3','789e0c77-5a0c-4ea7-a2e1-606803a6e2bd','6cd9d7a8-34ac-4740-9bc1-aa386ae6de38','8d2454fc-6567-46f9-8527-5843c7142e3c','cf81b7d4-096a-435a-b515-ad3f779199b8','82188518-37d9-45c0-9bca-b0d202cc9449','c01ff63f-6e93-4a78-8e50-87af96ab4a89','a14b8e8b-3f32-475f-8a47-5d33dab3042e','653cb315-36f1-4697-90e4-329900532da2','217d2f9d-5606-432f-99aa-bd6fb720b45f','328bd207-61d6-40ab-9d1d-bbe31ba63a3e','9b3cb586-a24f-4353-8c5a-6a860eba7357','a9280ee9-eb73-4cfb-8092-80f4c2cc5529','e225de9e-e14e-4219-a638-44d136be5613','46c78359-bdb4-421e-9182-d1d095921f20','b0aabdc2-3a7f-496c-a902-ee468671cf24','f4e500e8-45dd-4eeb-8b47-c97d832f18b2','00f63f53-4009-405a-9736-eff543475f78','31cb98ec-4d68-460a-8a6b-1566b0356cb5','29033b15-df4d-4afe-b261-d9f9d978215b','770de03c-008e-4352-915b-dbad46394b3e','386b4440-e446-4a4c-bbf2-2df0b3d482e7','764434f1-f401-4cec-b0a5-94c50e4c10bb','f8315a47-3595-4af7-afca-831deb36ae44','16b41fad-47bb-456e-818a-0e17a10696d3','7dba2974-eed0-4a24-8090-13ce49e8ae9c','2107c201-e779-4d54-b9d8-e77e63506727','540fda97-9bb5-45a3-8677-e5494a35f98d','8db21bed-0a56-4384-b989-46c85bf60a4a','b64fe46a-25b2-4780-b910-8897bab331d1','04b0026e-ed12-4e5e-85e2-1ed905581184','c4b26668-789f-4117-b9af-34719df71955','06cf74d1-3ae5-4aee-8048-5fab3132f2ba','5ce4a39b-7e40-4486-b5d7-7f910cb36590','b23b7eaa-6c87-413b-b144-42b7afafd4df','f033f831-0ad6-4654-b9cc-9ad6f8c92e8c','af282aaf-606b-4d5f-9ef8-070dc205befb','24c1e762-e92d-485c-ab51-7bd8574e8cb1','2d68eaae-a710-43ae-b278-b376f0865788','21fdd8fe-78d5-4ce1-ae83-7df1ebfc6f56','23922b05-5fbd-49fd-8f6e-3847cabd2503','5c53b1b4-f8e2-4bd1-a376-d983f799cf4b')
[2026-04-16 01:48:16.277] local.info: [9.837ms] [rows:1] SELECT * FROM "documents" WHERE id = '1cb5293d-d875-4bab-865b-85e18ccee4aa' AND deleted_at IS NULL ORDER BY "documents"."id" LIMIT 1
[2026-04-16 01:48:16.278] local.info: [9.754ms] [rows:5] SELECT * FROM "document_types" ORDER BY sort_order asc, created_at desc LIMIT 20
[2026-04-16 01:48:16.284] local.info: [13.019ms] [rows:0] SELECT * FROM "workflow_instances" WHERE document_id = '1cb5293d-d875-4bab-865b-85e18ccee4aa' AND status = 'active' ORDER BY "workflow_instances"."id" LIMIT 1
[2026-04-16 01:48:16.295] local.info: [10.698ms] [rows:1] SELECT * FROM "document_categories" WHERE "document_categories"."id" = '1de6dcb1-c46b-466f-af65-bc4b8d75de05'
[2026-04-16 01:48:16.295] local.info: [17.756ms] [rows:1] SELECT * FROM "documents" WHERE id = '1cb5293d-d875-4bab-865b-85e18ccee4aa' AND deleted_at IS NULL ORDER BY "documents"."id" LIMIT 1
[2026-04-16 01:48:16.321] local.error: [23.610ms] [rows:0] SELECT * FROM "document_comments" WHERE (document_id = '1cb5293d-d875-4bab-865b-85e18ccee4aa' AND deleted_at IS NULL) AND parent_id IS NULL ORDER BY created_at desc	ERROR: column "parent_id" does not exist (SQLSTATE 42703)
[Trace] /Users/arivin29macmini/go/pkg/mod/github.com/goravel/framework@v1.17.2/log/writer.go:202 [log.(*Writer).withStackTrace]
/Users/arivin29macmini/go/pkg/mod/github.com/goravel/framework@v1.17.2/log/writer.go:65 [log.(*Writer).Errorf]
/Users/arivin29macmini/go/pkg/mod/github.com/goravel/framework@v1.17.2/database/db/logger.go:79 [db.(*Logger).Errorf]
/Users/arivin29macmini/go/pkg/mod/github.com/goravel/framework@v1.17.2/database/db/logger.go:102 [db.(*Logger).Trace]
/Users/arivin29macmini/go/pkg/mod/github.com/goravel/framework@v1.17.2/database/db/logger.go:153 [db.(*Gorm).Trace]
/Users/arivin29macmini/go/pkg/mod/gorm.io/gorm@v1.31.1/callbacks.go:140 [gorm.(*processor).Execute]
/Users/arivin29macmini/go/pkg/mod/gorm.io/gorm@v1.31.1/finisher_api.go:172 [gorm.(*DB).Find]
/Users/arivin29macmini/go/pkg/mod/github.com/goravel/framework@v1.17.2/database/gorm/query.go:270 [gorm.(*Query).Find]
/Users/arivin29macmini/go/pkg/mod/github.com/goravel/framework@v1.17.2/database/gorm/query.go:417 [gorm.(*Query).Get]
/Users/arivin29macmini/Documents/DEVETEK/BMS/dms/app/repositories/comment_repository.go:83 [repositories.(*commentRepository).List]
/Users/arivin29macmini/Documents/DEVETEK/BMS/dms/app/services/comment_service.go:73 [services.(*CommentService).List]
/Users/arivin29macmini/Documents/DEVETEK/BMS/dms/app/http/controllers/comment_controller.go:29 [controllers.(*CommentController).Index]
/Users/arivin29macmini/go/pkg/mod/github.com/goravel/gin@v1.17.0/utils.go:37 [gin.(*Group).Get.handlerToGinHandler.func1]
/Users/arivin29macmini/go/pkg/mod/github.com/gin-gonic/gin@v1.11.0/context.go:192 [gin.(*Context).Next]
/Users/arivin29macmini/go/pkg/mod/github.com/goravel/gin@v1.17.0/context_request.go:230 [gin.(*ContextRequest).Next]
/Users/arivin29macmini/go/pkg/mod/github.com/goravel/gin@v1.17.0/context_response.go:157 [gin.(*Route).init.ResponseMiddleware.func2]
/Users/arivin29macmini/go/pkg/mod/github.com/goravel/gin@v1.17.0/utils.go:54 [gin.(*Group).WithMiddlewares.middlewaresToGinHandlers.middlewareToGinHandler.func1]
/Users/arivin29macmini/go/pkg/mod/github.com/gin-gonic/gin@v1.11.0/context.go:192 [gin.(*Context).Next]
/Users/arivin29macmini/go/pkg/mod/github.com/goravel/gin@v1.17.0/context_request.go:230 [gin.(*ContextRequest).Next]
/Users/arivin29macmini/Documents/DEVETEK/BMS/dms/app/http/middleware/rbac.go:30 [routes.Api.func2.2.RequirePermission.85]
/Users/arivin29macmini/go/pkg/mod/github.com/goravel/gin@v1.17.0/utils.go:54 [gin.(*Group).WithMiddlewares.middlewaresToGinHandlers.middlewareToGinHandler.func1]
/Users/arivin29macmini/go/pkg/mod/github.com/gin-gonic/gin@v1.11.0/context.go:192 [gin.(*Context).Next]
/Users/arivin29macmini/go/pkg/mod/github.com/goravel/gin@v1.17.0/context_request.go:230 [gin.(*ContextRequest).Next]
/Users/arivin29macmini/Documents/DEVETEK/BMS/dms/app/http/middleware/scope.go:63 [routes.Api.func2.DataScope.5]
/Users/arivin29macmini/go/pkg/mod/github.com/goravel/gin@v1.17.0/utils.go:54 [gin.(*Group).WithMiddlewares.middlewaresToGinHandlers.middlewareToGinHandler.func1]
/Users/arivin29macmini/go/pkg/mod/github.com/gin-gonic/gin@v1.11.0/context.go:192 [gin.(*Context).Next]
/Users/arivin29macmini/go/pkg/mod/github.com/goravel/gin@v1.17.0/context_request.go:230 [gin.(*ContextRequest).Next]
/Users/arivin29macmini/Documents/DEVETEK/BMS/dms/app/http/middleware/auth.go:50 [routes.Api.func2.Auth.4]
/Users/arivin29macmini/go/pkg/mod/github.com/goravel/gin@v1.17.0/utils.go:54 [gin.(*Group).WithMiddlewares.middlewaresToGinHandlers.middlewareToGinHandler.func1]
/Users/arivin29macmini/go/pkg/mod/github.com/gin-gonic/gin@v1.11.0/context.go:192 [gin.(*Context).Next]
/Users/arivin29macmini/go/pkg/mod/github.com/goravel/gin@v1.17.0/context_request.go:230 [gin.(*ContextRequest).Next]
/Users/arivin29macmini/Documents/DEVETEK/BMS/dms/app/http/middleware/cors.go:27 [routes.Api.Cors.func5]
/Users/arivin29macmini/go/pkg/mod/github.com/goravel/gin@v1.17.0/utils.go:54 [gin.(*Group).WithMiddlewares.middlewaresToGinHandlers.middlewareToGinHandler.func1]
/Users/arivin29macmini/go/pkg/mod/github.com/gin-gonic/gin@v1.11.0/context.go:192 [gin.(*Context).Next]
/Users/arivin29macmini/go/pkg/mod/github.com/goravel/gin@v1.17.0/context_request.go:230 [gin.(*ContextRequest).Next]
/Users/arivin29macmini/go/pkg/mod/github.com/goravel/gin@v1.17.0/middleware_tls.go:18 [gin.NewRoute.Tls.func3]
/Users/arivin29macmini/go/pkg/mod/github.com/goravel/gin@v1.17.0/utils.go:54 [gin.(*Route).init.middlewaresToGinHandlers.middlewareToGinHandler.func3]
/Users/arivin29macmini/go/pkg/mod/github.com/gin-gonic/gin@v1.11.0/context.go:192 [gin.(*Context).Next]
/Users/arivin29macmini/go/pkg/mod/github.com/goravel/gin@v1.17.0/context_request.go:230 [gin.(*ContextRequest).Next]
/Users/arivin29macmini/go/pkg/mod/github.com/goravel/gin@v1.17.0/middleware_cors.go:63 [gin.NewRoute.Cors.func2]
/Users/arivin29macmini/go/pkg/mod/github.com/goravel/gin@v1.17.0/utils.go:54 [gin.(*Route).init.middlewaresToGinHandlers.middlewareToGinHandler.func3]
/Users/arivin29macmini/go/pkg/mod/github.com/gin-gonic/gin@v1.11.0/context.go:192 [gin.(*Context).Next]
/Users/arivin29macmini/go/pkg/mod/github.com/goravel/gin@v1.17.0/context_request.go:230 [gin.(*ContextRequest).Next]
[2026-04-16 01:48:16.322] local.info: [26.946ms] [rows:1] SELECT * FROM "users" WHERE "users"."id" = '00000000-0000-0000-0000-000000000099'
[2026-04-16 01:48:16.322] local.info: [45.218ms] [rows:3] SELECT * FROM "document_versions" WHERE document_id = '1cb5293d-d875-4bab-865b-85e18ccee4aa' ORDER BY version_number desc
[2026-04-16 01:48:16.322] local.info: [26.975ms] [rows:1] SELECT * FROM "companies" WHERE "companies"."id" = '00000000-0000-0000-0000-000000000001'
[2026-04-16 01:48:16.344] local.info: [22.036ms] [rows:1] SELECT * FROM "users" WHERE "users"."id" = '00000000-0000-0000-0000-000000000099'
[2026-04-16 01:48:16.365] local.info: [20.175ms] [rows:1] SELECT * FROM "departments" WHERE "departments"."id" = '00000000-0000-0000-0000-000000000003'
[2026-04-16 01:48:16.394] local.info: [29.287ms] [rows:1] SELECT * FROM "document_types" WHERE "document_types"."id" = '7367ca3d-eb1d-43dd-a115-cf3d2ceecdfa'
[2026-04-16 01:48:16.415] local.info: [20.242ms] [rows:1] SELECT * FROM "offices" WHERE "offices"."id" = '00000000-0000-0000-0000-000000000002'
[2026-04-16 01:48:16.434] local.info: [19.262ms] [rows:1] SELECT * FROM "document_templates" WHERE "document_templates"."id" = 'ef6ad65a-07d2-444b-951d-d197ee14c8a0'
[2026-04-16 01:48:16.434] local.info: [165.317ms] [rows:1] SELECT * FROM "documents" WHERE id = '1cb5293d-d875-4bab-865b-85e18ccee4aa' AND deleted_at IS NULL ORDER BY "documents"."id" LIMIT 1
[2026-04-16 01:48:46.184] local.info: [30.946ms] [rows:1] SELECT * FROM "users" WHERE id = '00000000-0000-0000-0000-000000000099' ORDER BY "users"."id" LIMIT 1
[2026-04-16 01:48:46.205] local.info: [20.637ms] [rows:1] SELECT * FROM "user_roles" WHERE user_id = '00000000-0000-0000-0000-000000000099'
[2026-04-16 01:48:46.224] local.info: [18.740ms] [rows:1] SELECT * FROM "roles" WHERE id IN ('68c46dfb-a565-4938-99d7-9fdd0acf8a7e')
[2026-04-16 01:48:46.244] local.info: [20.128ms] [rows:45] SELECT * FROM "role_permissions" WHERE role_id IN ('68c46dfb-a565-4938-99d7-9fdd0acf8a7e')
[2026-04-16 01:48:46.264] local.info: [20.014ms] [rows:45] SELECT * FROM "permissions" WHERE id IN ('ab6da9f5-8b11-4644-9aaa-009b3b28a4ec','5daf3519-8949-4d26-b4bc-00c8b03f04fe','91166846-7ec1-42de-b134-ce141c3a9d7d','28c919a4-3744-4931-805a-a219892adbe3','789e0c77-5a0c-4ea7-a2e1-606803a6e2bd','6cd9d7a8-34ac-4740-9bc1-aa386ae6de38','8d2454fc-6567-46f9-8527-5843c7142e3c','cf81b7d4-096a-435a-b515-ad3f779199b8','82188518-37d9-45c0-9bca-b0d202cc9449','c01ff63f-6e93-4a78-8e50-87af96ab4a89','a14b8e8b-3f32-475f-8a47-5d33dab3042e','653cb315-36f1-4697-90e4-329900532da2','217d2f9d-5606-432f-99aa-bd6fb720b45f','328bd207-61d6-40ab-9d1d-bbe31ba63a3e','9b3cb586-a24f-4353-8c5a-6a860eba7357','a9280ee9-eb73-4cfb-8092-80f4c2cc5529','e225de9e-e14e-4219-a638-44d136be5613','46c78359-bdb4-421e-9182-d1d095921f20','b0aabdc2-3a7f-496c-a902-ee468671cf24','f4e500e8-45dd-4eeb-8b47-c97d832f18b2','00f63f53-4009-405a-9736-eff543475f78','31cb98ec-4d68-460a-8a6b-1566b0356cb5','29033b15-df4d-4afe-b261-d9f9d978215b','770de03c-008e-4352-915b-dbad46394b3e','386b4440-e446-4a4c-bbf2-2df0b3d482e7','764434f1-f401-4cec-b0a5-94c50e4c10bb','f8315a47-3595-4af7-afca-831deb36ae44','16b41fad-47bb-456e-818a-0e17a10696d3','7dba2974-eed0-4a24-8090-13ce49e8ae9c','2107c201-e779-4d54-b9d8-e77e63506727','540fda97-9bb5-45a3-8677-e5494a35f98d','8db21bed-0a56-4384-b989-46c85bf60a4a','b64fe46a-25b2-4780-b910-8897bab331d1','04b0026e-ed12-4e5e-85e2-1ed905581184','c4b26668-789f-4117-b9af-34719df71955','06cf74d1-3ae5-4aee-8048-5fab3132f2ba','5ce4a39b-7e40-4486-b5d7-7f910cb36590','b23b7eaa-6c87-413b-b144-42b7afafd4df','f033f831-0ad6-4654-b9cc-9ad6f8c92e8c','af282aaf-606b-4d5f-9ef8-070dc205befb','24c1e762-e92d-485c-ab51-7bd8574e8cb1','2d68eaae-a710-43ae-b278-b376f0865788','21fdd8fe-78d5-4ce1-ae83-7df1ebfc6f56','23922b05-5fbd-49fd-8f6e-3847cabd2503','5c53b1b4-f8e2-4bd1-a376-d983f799cf4b')
[2026-04-16 01:48:46.284] local.info: [19.534ms] [rows:1] SELECT count(*) FROM "notifications" WHERE user_id = '00000000-0000-0000-0000-000000000099' AND is_read = false
[2026-04-16 01:49:00.282] local.info: [27.486ms] [rows:1] SELECT * FROM "users" WHERE id = '00000000-0000-0000-0000-000000000099' ORDER BY "users"."id" LIMIT 1
[2026-04-16 01:49:00.282] local.info: [44.159ms] [rows:1] SELECT * FROM "users" WHERE id = '00000000-0000-0000-0000-000000000099' ORDER BY "users"."id" LIMIT 1
[2026-04-16 01:49:00.289] local.info: [34.250ms] [rows:1] SELECT * FROM "users" WHERE id = '00000000-0000-0000-0000-000000000099' ORDER BY "users"."id" LIMIT 1
[2026-04-16 01:49:00.289] local.info: [26.874ms] [rows:1] SELECT * FROM "users" WHERE id = '00000000-0000-0000-0000-000000000099' ORDER BY "users"."id" LIMIT 1
[2026-04-16 01:49:00.289] local.info: [26.679ms] [rows:1] SELECT * FROM "users" WHERE id = '00000000-0000-0000-0000-000000000099' ORDER BY "users"."id" LIMIT 1
[2026-04-16 01:49:00.296] local.info: [31.970ms] [rows:1] SELECT * FROM "users" WHERE id = '00000000-0000-0000-0000-000000000099' ORDER BY "users"."id" LIMIT 1
[2026-04-16 01:49:00.296] local.info: [7.128ms] [rows:1] SELECT * FROM "user_roles" WHERE user_id = '00000000-0000-0000-0000-000000000099'
[2026-04-16 01:49:00.296] local.info: [7.245ms] [rows:1] SELECT * FROM "user_roles" WHERE user_id = '00000000-0000-0000-0000-000000000099'
[2026-04-16 01:49:00.296] local.info: [13.776ms] [rows:1] SELECT * FROM "user_roles" WHERE user_id = '00000000-0000-0000-0000-000000000099'
[2026-04-16 01:49:00.296] local.info: [13.918ms] [rows:1] SELECT * FROM "user_roles" WHERE user_id = '00000000-0000-0000-0000-000000000099'
[2026-04-16 01:49:00.305] local.info: [16.128ms] [rows:1] SELECT * FROM "user_roles" WHERE user_id = '00000000-0000-0000-0000-000000000099'
[2026-04-16 01:49:00.305] local.info: [9.254ms] [rows:1] SELECT * FROM "user_roles" WHERE user_id = '00000000-0000-0000-0000-000000000099'
[2026-04-16 01:49:00.305] local.info: [8.984ms] [rows:1] SELECT * FROM "roles" WHERE id IN ('68c46dfb-a565-4938-99d7-9fdd0acf8a7e')
[2026-04-16 01:49:00.305] local.info: [8.786ms] [rows:1] SELECT * FROM "roles" WHERE id IN ('68c46dfb-a565-4938-99d7-9fdd0acf8a7e')
[2026-04-16 01:49:00.314] local.info: [17.570ms] [rows:1] SELECT * FROM "roles" WHERE id IN ('68c46dfb-a565-4938-99d7-9fdd0acf8a7e')
[2026-04-16 01:49:00.314] local.info: [8.918ms] [rows:1] SELECT * FROM "roles" WHERE id IN ('68c46dfb-a565-4938-99d7-9fdd0acf8a7e')
[2026-04-16 01:49:00.314] local.info: [8.813ms] [rows:45] SELECT * FROM "role_permissions" WHERE role_id IN ('68c46dfb-a565-4938-99d7-9fdd0acf8a7e')
[2026-04-16 01:49:00.314] local.info: [18.057ms] [rows:1] SELECT * FROM "roles" WHERE id IN ('68c46dfb-a565-4938-99d7-9fdd0acf8a7e')
[2026-04-16 01:49:00.314] local.info: [8.863ms] [rows:1] SELECT * FROM "roles" WHERE id IN ('68c46dfb-a565-4938-99d7-9fdd0acf8a7e')
[2026-04-16 01:49:00.322] local.info: [16.681ms] [rows:45] SELECT * FROM "role_permissions" WHERE role_id IN ('68c46dfb-a565-4938-99d7-9fdd0acf8a7e')
[2026-04-16 01:49:00.325] local.info: [11.579ms] [rows:45] SELECT * FROM "role_permissions" WHERE role_id IN ('68c46dfb-a565-4938-99d7-9fdd0acf8a7e')
[2026-04-16 01:49:00.327] local.info: [12.555ms] [rows:45] SELECT * FROM "role_permissions" WHERE role_id IN ('68c46dfb-a565-4938-99d7-9fdd0acf8a7e')
[2026-04-16 01:49:00.328] local.info: [14.330ms] [rows:45] SELECT * FROM "role_permissions" WHERE role_id IN ('68c46dfb-a565-4938-99d7-9fdd0acf8a7e')
[2026-04-16 01:49:00.33] local.info: [15.987ms] [rows:45] SELECT * FROM "role_permissions" WHERE role_id IN ('68c46dfb-a565-4938-99d7-9fdd0acf8a7e')
[2026-04-16 01:49:00.332] local.info: [17.592ms] [rows:45] SELECT * FROM "permissions" WHERE id IN ('ab6da9f5-8b11-4644-9aaa-009b3b28a4ec','5daf3519-8949-4d26-b4bc-00c8b03f04fe','91166846-7ec1-42de-b134-ce141c3a9d7d','28c919a4-3744-4931-805a-a219892adbe3','789e0c77-5a0c-4ea7-a2e1-606803a6e2bd','6cd9d7a8-34ac-4740-9bc1-aa386ae6de38','8d2454fc-6567-46f9-8527-5843c7142e3c','cf81b7d4-096a-435a-b515-ad3f779199b8','82188518-37d9-45c0-9bca-b0d202cc9449','c01ff63f-6e93-4a78-8e50-87af96ab4a89','a14b8e8b-3f32-475f-8a47-5d33dab3042e','653cb315-36f1-4697-90e4-329900532da2','217d2f9d-5606-432f-99aa-bd6fb720b45f','328bd207-61d6-40ab-9d1d-bbe31ba63a3e','9b3cb586-a24f-4353-8c5a-6a860eba7357','a9280ee9-eb73-4cfb-8092-80f4c2cc5529','e225de9e-e14e-4219-a638-44d136be5613','46c78359-bdb4-421e-9182-d1d095921f20','b0aabdc2-3a7f-496c-a902-ee468671cf24','f4e500e8-45dd-4eeb-8b47-c97d832f18b2','00f63f53-4009-405a-9736-eff543475f78','31cb98ec-4d68-460a-8a6b-1566b0356cb5','29033b15-df4d-4afe-b261-d9f9d978215b','770de03c-008e-4352-915b-dbad46394b3e','386b4440-e446-4a4c-bbf2-2df0b3d482e7','764434f1-f401-4cec-b0a5-94c50e4c10bb','f8315a47-3595-4af7-afca-831deb36ae44','16b41fad-47bb-456e-818a-0e17a10696d3','7dba2974-eed0-4a24-8090-13ce49e8ae9c','2107c201-e779-4d54-b9d8-e77e63506727','540fda97-9bb5-45a3-8677-e5494a35f98d','8db21bed-0a56-4384-b989-46c85bf60a4a','b64fe46a-25b2-4780-b910-8897bab331d1','04b0026e-ed12-4e5e-85e2-1ed905581184','c4b26668-789f-4117-b9af-34719df71955','06cf74d1-3ae5-4aee-8048-5fab3132f2ba','5ce4a39b-7e40-4486-b5d7-7f910cb36590','b23b7eaa-6c87-413b-b144-42b7afafd4df','f033f831-0ad6-4654-b9cc-9ad6f8c92e8c','af282aaf-606b-4d5f-9ef8-070dc205befb','24c1e762-e92d-485c-ab51-7bd8574e8cb1','2d68eaae-a710-43ae-b278-b376f0865788','21fdd8fe-78d5-4ce1-ae83-7df1ebfc6f56','23922b05-5fbd-49fd-8f6e-3847cabd2503','5c53b1b4-f8e2-4bd1-a376-d983f799cf4b')
[2026-04-16 01:49:00.334] local.info: [12.154ms] [rows:45] SELECT * FROM "permissions" WHERE id IN ('ab6da9f5-8b11-4644-9aaa-009b3b28a4ec','5daf3519-8949-4d26-b4bc-00c8b03f04fe','91166846-7ec1-42de-b134-ce141c3a9d7d','28c919a4-3744-4931-805a-a219892adbe3','789e0c77-5a0c-4ea7-a2e1-606803a6e2bd','6cd9d7a8-34ac-4740-9bc1-aa386ae6de38','8d2454fc-6567-46f9-8527-5843c7142e3c','cf81b7d4-096a-435a-b515-ad3f779199b8','82188518-37d9-45c0-9bca-b0d202cc9449','c01ff63f-6e93-4a78-8e50-87af96ab4a89','a14b8e8b-3f32-475f-8a47-5d33dab3042e','653cb315-36f1-4697-90e4-329900532da2','217d2f9d-5606-432f-99aa-bd6fb720b45f','328bd207-61d6-40ab-9d1d-bbe31ba63a3e','9b3cb586-a24f-4353-8c5a-6a860eba7357','a9280ee9-eb73-4cfb-8092-80f4c2cc5529','e225de9e-e14e-4219-a638-44d136be5613','46c78359-bdb4-421e-9182-d1d095921f20','b0aabdc2-3a7f-496c-a902-ee468671cf24','f4e500e8-45dd-4eeb-8b47-c97d832f18b2','00f63f53-4009-405a-9736-eff543475f78','31cb98ec-4d68-460a-8a6b-1566b0356cb5','29033b15-df4d-4afe-b261-d9f9d978215b','770de03c-008e-4352-915b-dbad46394b3e','386b4440-e446-4a4c-bbf2-2df0b3d482e7','764434f1-f401-4cec-b0a5-94c50e4c10bb','f8315a47-3595-4af7-afca-831deb36ae44','16b41fad-47bb-456e-818a-0e17a10696d3','7dba2974-eed0-4a24-8090-13ce49e8ae9c','2107c201-e779-4d54-b9d8-e77e63506727','540fda97-9bb5-45a3-8677-e5494a35f98d','8db21bed-0a56-4384-b989-46c85bf60a4a','b64fe46a-25b2-4780-b910-8897bab331d1','04b0026e-ed12-4e5e-85e2-1ed905581184','c4b26668-789f-4117-b9af-34719df71955','06cf74d1-3ae5-4aee-8048-5fab3132f2ba','5ce4a39b-7e40-4486-b5d7-7f910cb36590','b23b7eaa-6c87-413b-b144-42b7afafd4df','f033f831-0ad6-4654-b9cc-9ad6f8c92e8c','af282aaf-606b-4d5f-9ef8-070dc205befb','24c1e762-e92d-485c-ab51-7bd8574e8cb1','2d68eaae-a710-43ae-b278-b376f0865788','21fdd8fe-78d5-4ce1-ae83-7df1ebfc6f56','23922b05-5fbd-49fd-8f6e-3847cabd2503','5c53b1b4-f8e2-4bd1-a376-d983f799cf4b')
[2026-04-16 01:49:00.338] local.info: [11.186ms] [rows:45] SELECT * FROM "permissions" WHERE id IN ('ab6da9f5-8b11-4644-9aaa-009b3b28a4ec','5daf3519-8949-4d26-b4bc-00c8b03f04fe','91166846-7ec1-42de-b134-ce141c3a9d7d','28c919a4-3744-4931-805a-a219892adbe3','789e0c77-5a0c-4ea7-a2e1-606803a6e2bd','6cd9d7a8-34ac-4740-9bc1-aa386ae6de38','8d2454fc-6567-46f9-8527-5843c7142e3c','cf81b7d4-096a-435a-b515-ad3f779199b8','82188518-37d9-45c0-9bca-b0d202cc9449','c01ff63f-6e93-4a78-8e50-87af96ab4a89','a14b8e8b-3f32-475f-8a47-5d33dab3042e','653cb315-36f1-4697-90e4-329900532da2','217d2f9d-5606-432f-99aa-bd6fb720b45f','328bd207-61d6-40ab-9d1d-bbe31ba63a3e','9b3cb586-a24f-4353-8c5a-6a860eba7357','a9280ee9-eb73-4cfb-8092-80f4c2cc5529','e225de9e-e14e-4219-a638-44d136be5613','46c78359-bdb4-421e-9182-d1d095921f20','b0aabdc2-3a7f-496c-a902-ee468671cf24','f4e500e8-45dd-4eeb-8b47-c97d832f18b2','00f63f53-4009-405a-9736-eff543475f78','31cb98ec-4d68-460a-8a6b-1566b0356cb5','29033b15-df4d-4afe-b261-d9f9d978215b','770de03c-008e-4352-915b-dbad46394b3e','386b4440-e446-4a4c-bbf2-2df0b3d482e7','764434f1-f401-4cec-b0a5-94c50e4c10bb','f8315a47-3595-4af7-afca-831deb36ae44','16b41fad-47bb-456e-818a-0e17a10696d3','7dba2974-eed0-4a24-8090-13ce49e8ae9c','2107c201-e779-4d54-b9d8-e77e63506727','540fda97-9bb5-45a3-8677-e5494a35f98d','8db21bed-0a56-4384-b989-46c85bf60a4a','b64fe46a-25b2-4780-b910-8897bab331d1','04b0026e-ed12-4e5e-85e2-1ed905581184','c4b26668-789f-4117-b9af-34719df71955','06cf74d1-3ae5-4aee-8048-5fab3132f2ba','5ce4a39b-7e40-4486-b5d7-7f910cb36590','b23b7eaa-6c87-413b-b144-42b7afafd4df','f033f831-0ad6-4654-b9cc-9ad6f8c92e8c','af282aaf-606b-4d5f-9ef8-070dc205befb','24c1e762-e92d-485c-ab51-7bd8574e8cb1','2d68eaae-a710-43ae-b278-b376f0865788','21fdd8fe-78d5-4ce1-ae83-7df1ebfc6f56','23922b05-5fbd-49fd-8f6e-3847cabd2503','5c53b1b4-f8e2-4bd1-a376-d983f799cf4b')
[2026-04-16 01:49:00.34] local.info: [14.255ms] [rows:45] SELECT * FROM "permissions" WHERE id IN ('ab6da9f5-8b11-4644-9aaa-009b3b28a4ec','5daf3519-8949-4d26-b4bc-00c8b03f04fe','91166846-7ec1-42de-b134-ce141c3a9d7d','28c919a4-3744-4931-805a-a219892adbe3','789e0c77-5a0c-4ea7-a2e1-606803a6e2bd','6cd9d7a8-34ac-4740-9bc1-aa386ae6de38','8d2454fc-6567-46f9-8527-5843c7142e3c','cf81b7d4-096a-435a-b515-ad3f779199b8','82188518-37d9-45c0-9bca-b0d202cc9449','c01ff63f-6e93-4a78-8e50-87af96ab4a89','a14b8e8b-3f32-475f-8a47-5d33dab3042e','653cb315-36f1-4697-90e4-329900532da2','217d2f9d-5606-432f-99aa-bd6fb720b45f','328bd207-61d6-40ab-9d1d-bbe31ba63a3e','9b3cb586-a24f-4353-8c5a-6a860eba7357','a9280ee9-eb73-4cfb-8092-80f4c2cc5529','e225de9e-e14e-4219-a638-44d136be5613','46c78359-bdb4-421e-9182-d1d095921f20','b0aabdc2-3a7f-496c-a902-ee468671cf24','f4e500e8-45dd-4eeb-8b47-c97d832f18b2','00f63f53-4009-405a-9736-eff543475f78','31cb98ec-4d68-460a-8a6b-1566b0356cb5','29033b15-df4d-4afe-b261-d9f9d978215b','770de03c-008e-4352-915b-dbad46394b3e','386b4440-e446-4a4c-bbf2-2df0b3d482e7','764434f1-f401-4cec-b0a5-94c50e4c10bb','f8315a47-3595-4af7-afca-831deb36ae44','16b41fad-47bb-456e-818a-0e17a10696d3','7dba2974-eed0-4a24-8090-13ce49e8ae9c','2107c201-e779-4d54-b9d8-e77e63506727','540fda97-9bb5-45a3-8677-e5494a35f98d','8db21bed-0a56-4384-b989-46c85bf60a4a','b64fe46a-25b2-4780-b910-8897bab331d1','04b0026e-ed12-4e5e-85e2-1ed905581184','c4b26668-789f-4117-b9af-34719df71955','06cf74d1-3ae5-4aee-8048-5fab3132f2ba','5ce4a39b-7e40-4486-b5d7-7f910cb36590','b23b7eaa-6c87-413b-b144-42b7afafd4df','f033f831-0ad6-4654-b9cc-9ad6f8c92e8c','af282aaf-606b-4d5f-9ef8-070dc205befb','24c1e762-e92d-485c-ab51-7bd8574e8cb1','2d68eaae-a710-43ae-b278-b376f0865788','21fdd8fe-78d5-4ce1-ae83-7df1ebfc6f56','23922b05-5fbd-49fd-8f6e-3847cabd2503','5c53b1b4-f8e2-4bd1-a376-d983f799cf4b')
[2026-04-16 01:49:00.342] local.info: [14.045ms] [rows:45] SELECT * FROM "permissions" WHERE id IN ('ab6da9f5-8b11-4644-9aaa-009b3b28a4ec','5daf3519-8949-4d26-b4bc-00c8b03f04fe','91166846-7ec1-42de-b134-ce141c3a9d7d','28c919a4-3744-4931-805a-a219892adbe3','789e0c77-5a0c-4ea7-a2e1-606803a6e2bd','6cd9d7a8-34ac-4740-9bc1-aa386ae6de38','8d2454fc-6567-46f9-8527-5843c7142e3c','cf81b7d4-096a-435a-b515-ad3f779199b8','82188518-37d9-45c0-9bca-b0d202cc9449','c01ff63f-6e93-4a78-8e50-87af96ab4a89','a14b8e8b-3f32-475f-8a47-5d33dab3042e','653cb315-36f1-4697-90e4-329900532da2','217d2f9d-5606-432f-99aa-bd6fb720b45f','328bd207-61d6-40ab-9d1d-bbe31ba63a3e','9b3cb586-a24f-4353-8c5a-6a860eba7357','a9280ee9-eb73-4cfb-8092-80f4c2cc5529','e225de9e-e14e-4219-a638-44d136be5613','46c78359-bdb4-421e-9182-d1d095921f20','b0aabdc2-3a7f-496c-a902-ee468671cf24','f4e500e8-45dd-4eeb-8b47-c97d832f18b2','00f63f53-4009-405a-9736-eff543475f78','31cb98ec-4d68-460a-8a6b-1566b0356cb5','29033b15-df4d-4afe-b261-d9f9d978215b','770de03c-008e-4352-915b-dbad46394b3e','386b4440-e446-4a4c-bbf2-2df0b3d482e7','764434f1-f401-4cec-b0a5-94c50e4c10bb','f8315a47-3595-4af7-afca-831deb36ae44','16b41fad-47bb-456e-818a-0e17a10696d3','7dba2974-eed0-4a24-8090-13ce49e8ae9c','2107c201-e779-4d54-b9d8-e77e63506727','540fda97-9bb5-45a3-8677-e5494a35f98d','8db21bed-0a56-4384-b989-46c85bf60a4a','b64fe46a-25b2-4780-b910-8897bab331d1','04b0026e-ed12-4e5e-85e2-1ed905581184','c4b26668-789f-4117-b9af-34719df71955','06cf74d1-3ae5-4aee-8048-5fab3132f2ba','5ce4a39b-7e40-4486-b5d7-7f910cb36590','b23b7eaa-6c87-413b-b144-42b7afafd4df','f033f831-0ad6-4654-b9cc-9ad6f8c92e8c','af282aaf-606b-4d5f-9ef8-070dc205befb','24c1e762-e92d-485c-ab51-7bd8574e8cb1','2d68eaae-a710-43ae-b278-b376f0865788','21fdd8fe-78d5-4ce1-ae83-7df1ebfc6f56','23922b05-5fbd-49fd-8f6e-3847cabd2503','5c53b1b4-f8e2-4bd1-a376-d983f799cf4b')
[2026-04-16 01:49:00.344] local.info: [14.060ms] [rows:45] SELECT * FROM "permissions" WHERE id IN ('ab6da9f5-8b11-4644-9aaa-009b3b28a4ec','5daf3519-8949-4d26-b4bc-00c8b03f04fe','91166846-7ec1-42de-b134-ce141c3a9d7d','28c919a4-3744-4931-805a-a219892adbe3','789e0c77-5a0c-4ea7-a2e1-606803a6e2bd','6cd9d7a8-34ac-4740-9bc1-aa386ae6de38','8d2454fc-6567-46f9-8527-5843c7142e3c','cf81b7d4-096a-435a-b515-ad3f779199b8','82188518-37d9-45c0-9bca-b0d202cc9449','c01ff63f-6e93-4a78-8e50-87af96ab4a89','a14b8e8b-3f32-475f-8a47-5d33dab3042e','653cb315-36f1-4697-90e4-329900532da2','217d2f9d-5606-432f-99aa-bd6fb720b45f','328bd207-61d6-40ab-9d1d-bbe31ba63a3e','9b3cb586-a24f-4353-8c5a-6a860eba7357','a9280ee9-eb73-4cfb-8092-80f4c2cc5529','e225de9e-e14e-4219-a638-44d136be5613','46c78359-bdb4-421e-9182-d1d095921f20','b0aabdc2-3a7f-496c-a902-ee468671cf24','f4e500e8-45dd-4eeb-8b47-c97d832f18b2','00f63f53-4009-405a-9736-eff543475f78','31cb98ec-4d68-460a-8a6b-1566b0356cb5','29033b15-df4d-4afe-b261-d9f9d978215b','770de03c-008e-4352-915b-dbad46394b3e','386b4440-e446-4a4c-bbf2-2df0b3d482e7','764434f1-f401-4cec-b0a5-94c50e4c10bb','f8315a47-3595-4af7-afca-831deb36ae44','16b41fad-47bb-456e-818a-0e17a10696d3','7dba2974-eed0-4a24-8090-13ce49e8ae9c','2107c201-e779-4d54-b9d8-e77e63506727','540fda97-9bb5-45a3-8677-e5494a35f98d','8db21bed-0a56-4384-b989-46c85bf60a4a','b64fe46a-25b2-4780-b910-8897bab331d1','04b0026e-ed12-4e5e-85e2-1ed905581184','c4b26668-789f-4117-b9af-34719df71955','06cf74d1-3ae5-4aee-8048-5fab3132f2ba','5ce4a39b-7e40-4486-b5d7-7f910cb36590','b23b7eaa-6c87-413b-b144-42b7afafd4df','f033f831-0ad6-4654-b9cc-9ad6f8c92e8c','af282aaf-606b-4d5f-9ef8-070dc205befb','24c1e762-e92d-485c-ab51-7bd8574e8cb1','2d68eaae-a710-43ae-b278-b376f0865788','21fdd8fe-78d5-4ce1-ae83-7df1ebfc6f56','23922b05-5fbd-49fd-8f6e-3847cabd2503','5c53b1b4-f8e2-4bd1-a376-d983f799cf4b')
[2026-04-16 01:49:00.351] local.info: [11.489ms] [rows:1] SELECT count(*) FROM "document_types"
[2026-04-16 01:49:00.351] local.info: [11.046ms] [rows:1] SELECT count(*) FROM "notifications" WHERE user_id = '00000000-0000-0000-0000-000000000099' AND is_read = false
[2026-04-16 01:49:00.353] local.info: [13.135ms] [rows:1] SELECT * FROM "documents" WHERE id = '1cb5293d-d875-4bab-865b-85e18ccee4aa' AND deleted_at IS NULL ORDER BY "documents"."id" LIMIT 1
[2026-04-16 01:49:00.358] local.info: [14.089ms] [rows:1] SELECT * FROM "documents" WHERE id = '1cb5293d-d875-4bab-865b-85e18ccee4aa' AND deleted_at IS NULL ORDER BY "documents"."id" LIMIT 1
[2026-04-16 01:49:00.358] local.info: [15.979ms] [rows:0] SELECT * FROM "workflow_instances" WHERE document_id = '1cb5293d-d875-4bab-865b-85e18ccee4aa' AND status = 'active' ORDER BY "workflow_instances"."id" LIMIT 1
[2026-04-16 01:49:00.367] local.info: [16.374ms] [rows:1] SELECT * FROM "document_categories" WHERE "document_categories"."id" = '1de6dcb1-c46b-466f-af65-bc4b8d75de05'
[2026-04-16 01:49:00.367] local.info: [16.377ms] [rows:5] SELECT * FROM "document_types" ORDER BY sort_order asc, created_at desc LIMIT 20
[2026-04-16 01:49:00.367] local.error: [14.582ms] [rows:0] SELECT * FROM "document_comments" WHERE (document_id = '1cb5293d-d875-4bab-865b-85e18ccee4aa' AND deleted_at IS NULL) AND parent_id IS NULL ORDER BY created_at desc	ERROR: column "parent_id" does not exist (SQLSTATE 42703)
[Trace] /Users/arivin29macmini/go/pkg/mod/github.com/goravel/framework@v1.17.2/log/writer.go:202 [log.(*Writer).withStackTrace]
/Users/arivin29macmini/go/pkg/mod/github.com/goravel/framework@v1.17.2/log/writer.go:65 [log.(*Writer).Errorf]
/Users/arivin29macmini/go/pkg/mod/github.com/goravel/framework@v1.17.2/database/db/logger.go:79 [db.(*Logger).Errorf]
/Users/arivin29macmini/go/pkg/mod/github.com/goravel/framework@v1.17.2/database/db/logger.go:102 [db.(*Logger).Trace]
/Users/arivin29macmini/go/pkg/mod/github.com/goravel/framework@v1.17.2/database/db/logger.go:153 [db.(*Gorm).Trace]
/Users/arivin29macmini/go/pkg/mod/gorm.io/gorm@v1.31.1/callbacks.go:140 [gorm.(*processor).Execute]
/Users/arivin29macmini/go/pkg/mod/gorm.io/gorm@v1.31.1/finisher_api.go:172 [gorm.(*DB).Find]
/Users/arivin29macmini/go/pkg/mod/github.com/goravel/framework@v1.17.2/database/gorm/query.go:270 [gorm.(*Query).Find]
/Users/arivin29macmini/go/pkg/mod/github.com/goravel/framework@v1.17.2/database/gorm/query.go:417 [gorm.(*Query).Get]
/Users/arivin29macmini/Documents/DEVETEK/BMS/dms/app/repositories/comment_repository.go:83 [repositories.(*commentRepository).List]
/Users/arivin29macmini/Documents/DEVETEK/BMS/dms/app/services/comment_service.go:73 [services.(*CommentService).List]
/Users/arivin29macmini/Documents/DEVETEK/BMS/dms/app/http/controllers/comment_controller.go:29 [controllers.(*CommentController).Index]
/Users/arivin29macmini/go/pkg/mod/github.com/goravel/gin@v1.17.0/utils.go:37 [gin.(*Group).Get.handlerToGinHandler.func1]
/Users/arivin29macmini/go/pkg/mod/github.com/gin-gonic/gin@v1.11.0/context.go:192 [gin.(*Context).Next]
/Users/arivin29macmini/go/pkg/mod/github.com/goravel/gin@v1.17.0/context_request.go:230 [gin.(*ContextRequest).Next]
/Users/arivin29macmini/go/pkg/mod/github.com/goravel/gin@v1.17.0/context_response.go:157 [gin.(*Route).init.ResponseMiddleware.func2]
/Users/arivin29macmini/go/pkg/mod/github.com/goravel/gin@v1.17.0/utils.go:54 [gin.(*Group).WithMiddlewares.middlewaresToGinHandlers.middlewareToGinHandler.func1]
/Users/arivin29macmini/go/pkg/mod/github.com/gin-gonic/gin@v1.11.0/context.go:192 [gin.(*Context).Next]
/Users/arivin29macmini/go/pkg/mod/github.com/goravel/gin@v1.17.0/context_request.go:230 [gin.(*ContextRequest).Next]
/Users/arivin29macmini/Documents/DEVETEK/BMS/dms/app/http/middleware/rbac.go:30 [routes.Api.func2.2.RequirePermission.85]
/Users/arivin29macmini/go/pkg/mod/github.com/goravel/gin@v1.17.0/utils.go:54 [gin.(*Group).WithMiddlewares.middlewaresToGinHandlers.middlewareToGinHandler.func1]
/Users/arivin29macmini/go/pkg/mod/github.com/gin-gonic/gin@v1.11.0/context.go:192 [gin.(*Context).Next]
/Users/arivin29macmini/go/pkg/mod/github.com/goravel/gin@v1.17.0/context_request.go:230 [gin.(*ContextRequest).Next]
/Users/arivin29macmini/Documents/DEVETEK/BMS/dms/app/http/middleware/scope.go:63 [routes.Api.func2.DataScope.5]
/Users/arivin29macmini/go/pkg/mod/github.com/goravel/gin@v1.17.0/utils.go:54 [gin.(*Group).WithMiddlewares.middlewaresToGinHandlers.middlewareToGinHandler.func1]
/Users/arivin29macmini/go/pkg/mod/github.com/gin-gonic/gin@v1.11.0/context.go:192 [gin.(*Context).Next]
/Users/arivin29macmini/go/pkg/mod/github.com/goravel/gin@v1.17.0/context_request.go:230 [gin.(*ContextRequest).Next]
/Users/arivin29macmini/Documents/DEVETEK/BMS/dms/app/http/middleware/auth.go:50 [routes.Api.func2.Auth.4]
/Users/arivin29macmini/go/pkg/mod/github.com/goravel/gin@v1.17.0/utils.go:54 [gin.(*Group).WithMiddlewares.middlewaresToGinHandlers.middlewareToGinHandler.func1]
/Users/arivin29macmini/go/pkg/mod/github.com/gin-gonic/gin@v1.11.0/context.go:192 [gin.(*Context).Next]
/Users/arivin29macmini/go/pkg/mod/github.com/goravel/gin@v1.17.0/context_request.go:230 [gin.(*ContextRequest).Next]
/Users/arivin29macmini/Documents/DEVETEK/BMS/dms/app/http/middleware/cors.go:27 [routes.Api.Cors.func5]
/Users/arivin29macmini/go/pkg/mod/github.com/goravel/gin@v1.17.0/utils.go:54 [gin.(*Group).WithMiddlewares.middlewaresToGinHandlers.middlewareToGinHandler.func1]
/Users/arivin29macmini/go/pkg/mod/github.com/gin-gonic/gin@v1.11.0/context.go:192 [gin.(*Context).Next]
/Users/arivin29macmini/go/pkg/mod/github.com/goravel/gin@v1.17.0/context_request.go:230 [gin.(*ContextRequest).Next]
/Users/arivin29macmini/go/pkg/mod/github.com/goravel/gin@v1.17.0/middleware_tls.go:18 [gin.NewRoute.Tls.func3]
/Users/arivin29macmini/go/pkg/mod/github.com/goravel/gin@v1.17.0/utils.go:54 [gin.(*Route).init.middlewaresToGinHandlers.middlewareToGinHandler.func3]
/Users/arivin29macmini/go/pkg/mod/github.com/gin-gonic/gin@v1.11.0/context.go:192 [gin.(*Context).Next]
/Users/arivin29macmini/go/pkg/mod/github.com/goravel/gin@v1.17.0/context_request.go:230 [gin.(*ContextRequest).Next]
/Users/arivin29macmini/go/pkg/mod/github.com/goravel/gin@v1.17.0/middleware_cors.go:63 [gin.NewRoute.Cors.func2]
/Users/arivin29macmini/go/pkg/mod/github.com/goravel/gin@v1.17.0/utils.go:54 [gin.(*Route).init.middlewaresToGinHandlers.middlewareToGinHandler.func3]
/Users/arivin29macmini/go/pkg/mod/github.com/gin-gonic/gin@v1.11.0/context.go:192 [gin.(*Context).Next]
/Users/arivin29macmini/go/pkg/mod/github.com/goravel/gin@v1.17.0/context_request.go:230 [gin.(*ContextRequest).Next]
[2026-04-16 01:49:00.384] local.info: [16.407ms] [rows:1] SELECT * FROM "companies" WHERE "companies"."id" = '00000000-0000-0000-0000-000000000001'
[2026-04-16 01:49:00.404] local.info: [20.028ms] [rows:1] SELECT * FROM "users" WHERE "users"."id" = '00000000-0000-0000-0000-000000000099'
[2026-04-16 01:49:00.404] local.info: [20.415ms] [rows:1] SELECT * FROM "users" WHERE "users"."id" = '00000000-0000-0000-0000-000000000099'
[2026-04-16 01:49:00.404] local.info: [45.699ms] [rows:3] SELECT * FROM "document_versions" WHERE document_id = '1cb5293d-d875-4bab-865b-85e18ccee4aa' ORDER BY version_number desc
[2026-04-16 01:49:00.423] local.info: [19.045ms] [rows:1] SELECT * FROM "departments" WHERE "departments"."id" = '00000000-0000-0000-0000-000000000003'
[2026-04-16 01:49:00.444] local.info: [20.747ms] [rows:1] SELECT * FROM "document_types" WHERE "document_types"."id" = '7367ca3d-eb1d-43dd-a115-cf3d2ceecdfa'
[2026-04-16 01:49:00.463] local.info: [19.450ms] [rows:1] SELECT * FROM "offices" WHERE "offices"."id" = '00000000-0000-0000-0000-000000000002'
[2026-04-16 01:49:00.484] local.info: [19.998ms] [rows:1] SELECT * FROM "document_templates" WHERE "document_templates"."id" = 'ef6ad65a-07d2-444b-951d-d197ee14c8a0'
[2026-04-16 01:49:00.484] local.info: [151.991ms] [rows:1] SELECT * FROM "documents" WHERE id = '1cb5293d-d875-4bab-865b-85e18ccee4aa' AND deleted_at IS NULL ORDER BY "documents"."id" LIMIT 1
[2026-04-16 01:49:19.313] local.info: [17.326ms] [rows:1] SELECT * FROM "users" WHERE id = '00000000-0000-0000-0000-000000000099' ORDER BY "users"."id" LIMIT 1
[2026-04-16 01:49:19.313] local.info: [17.164ms] [rows:1] SELECT * FROM "users" WHERE id = '00000000-0000-0000-0000-000000000099' ORDER BY "users"."id" LIMIT 1
[2026-04-16 01:49:19.313] local.info: [17.147ms] [rows:1] SELECT * FROM "users" WHERE id = '00000000-0000-0000-0000-000000000099' ORDER BY "users"."id" LIMIT 1
[2026-04-16 01:49:19.321] local.info: [21.901ms] [rows:1] SELECT * FROM "users" WHERE id = '00000000-0000-0000-0000-000000000099' ORDER BY "users"."id" LIMIT 1
[2026-04-16 01:49:19.322] local.info: [8.019ms] [rows:1] SELECT * FROM "user_roles" WHERE user_id = '00000000-0000-0000-0000-000000000099'
[2026-04-16 01:49:19.322] local.info: [8.071ms] [rows:1] SELECT * FROM "user_roles" WHERE user_id = '00000000-0000-0000-0000-000000000099'
[2026-04-16 01:49:19.322] local.info: [26.473ms] [rows:1] SELECT * FROM "users" WHERE id = '00000000-0000-0000-0000-000000000099' ORDER BY "users"."id" LIMIT 1
[2026-04-16 01:49:19.329] local.info: [29.328ms] [rows:1] SELECT * FROM "users" WHERE id = '00000000-0000-0000-0000-000000000099' ORDER BY "users"."id" LIMIT 1
[2026-04-16 01:49:19.329] local.info: [7.495ms] [rows:1] SELECT * FROM "user_roles" WHERE user_id = '00000000-0000-0000-0000-000000000099'
[2026-04-16 01:49:19.329] local.info: [15.542ms] [rows:1] SELECT * FROM "user_roles" WHERE user_id = '00000000-0000-0000-0000-000000000099'
[2026-04-16 01:49:19.338] local.info: [15.988ms] [rows:1] SELECT * FROM "roles" WHERE id IN ('68c46dfb-a565-4938-99d7-9fdd0acf8a7e')
[2026-04-16 01:49:19.338] local.info: [8.817ms] [rows:1] SELECT * FROM "user_roles" WHERE user_id = '00000000-0000-0000-0000-000000000099'
[2026-04-16 01:49:19.338] local.info: [16.102ms] [rows:1] SELECT * FROM "user_roles" WHERE user_id = '00000000-0000-0000-0000-000000000099'
[2026-04-16 01:49:19.338] local.info: [16.122ms] [rows:1] SELECT * FROM "roles" WHERE id IN ('68c46dfb-a565-4938-99d7-9fdd0acf8a7e')
[2026-04-16 01:49:19.347] local.info: [17.875ms] [rows:1] SELECT * FROM "roles" WHERE id IN ('68c46dfb-a565-4938-99d7-9fdd0acf8a7e')
[2026-04-16 01:49:19.347] local.info: [9.373ms] [rows:1] SELECT * FROM "roles" WHERE id IN ('68c46dfb-a565-4938-99d7-9fdd0acf8a7e')
[2026-04-16 01:49:19.347] local.info: [9.337ms] [rows:45] SELECT * FROM "role_permissions" WHERE role_id IN ('68c46dfb-a565-4938-99d7-9fdd0acf8a7e')
[2026-04-16 01:49:19.347] local.info: [18.264ms] [rows:1] SELECT * FROM "roles" WHERE id IN ('68c46dfb-a565-4938-99d7-9fdd0acf8a7e')
[2026-04-16 01:49:19.356] local.info: [18.072ms] [rows:1] SELECT * FROM "roles" WHERE id IN ('68c46dfb-a565-4938-99d7-9fdd0acf8a7e')
[2026-04-16 01:49:19.356] local.info: [18.180ms] [rows:45] SELECT * FROM "role_permissions" WHERE role_id IN ('68c46dfb-a565-4938-99d7-9fdd0acf8a7e')
[2026-04-16 01:49:19.356] local.info: [8.936ms] [rows:45] SELECT * FROM "role_permissions" WHERE role_id IN ('68c46dfb-a565-4938-99d7-9fdd0acf8a7e')
[2026-04-16 01:49:19.357] local.info: [9.112ms] [rows:45] SELECT * FROM "role_permissions" WHERE role_id IN ('68c46dfb-a565-4938-99d7-9fdd0acf8a7e')
[2026-04-16 01:49:19.357] local.info: [9.526ms] [rows:45] SELECT * FROM "role_permissions" WHERE role_id IN ('68c46dfb-a565-4938-99d7-9fdd0acf8a7e')
[2026-04-16 01:49:19.364] local.info: [16.417ms] [rows:45] SELECT * FROM "permissions" WHERE id IN ('ab6da9f5-8b11-4644-9aaa-009b3b28a4ec','5daf3519-8949-4d26-b4bc-00c8b03f04fe','91166846-7ec1-42de-b134-ce141c3a9d7d','28c919a4-3744-4931-805a-a219892adbe3','789e0c77-5a0c-4ea7-a2e1-606803a6e2bd','6cd9d7a8-34ac-4740-9bc1-aa386ae6de38','8d2454fc-6567-46f9-8527-5843c7142e3c','cf81b7d4-096a-435a-b515-ad3f779199b8','82188518-37d9-45c0-9bca-b0d202cc9449','c01ff63f-6e93-4a78-8e50-87af96ab4a89','a14b8e8b-3f32-475f-8a47-5d33dab3042e','653cb315-36f1-4697-90e4-329900532da2','217d2f9d-5606-432f-99aa-bd6fb720b45f','328bd207-61d6-40ab-9d1d-bbe31ba63a3e','9b3cb586-a24f-4353-8c5a-6a860eba7357','a9280ee9-eb73-4cfb-8092-80f4c2cc5529','e225de9e-e14e-4219-a638-44d136be5613','46c78359-bdb4-421e-9182-d1d095921f20','b0aabdc2-3a7f-496c-a902-ee468671cf24','f4e500e8-45dd-4eeb-8b47-c97d832f18b2','00f63f53-4009-405a-9736-eff543475f78','31cb98ec-4d68-460a-8a6b-1566b0356cb5','29033b15-df4d-4afe-b261-d9f9d978215b','770de03c-008e-4352-915b-dbad46394b3e','386b4440-e446-4a4c-bbf2-2df0b3d482e7','764434f1-f401-4cec-b0a5-94c50e4c10bb','f8315a47-3595-4af7-afca-831deb36ae44','16b41fad-47bb-456e-818a-0e17a10696d3','7dba2974-eed0-4a24-8090-13ce49e8ae9c','2107c201-e779-4d54-b9d8-e77e63506727','540fda97-9bb5-45a3-8677-e5494a35f98d','8db21bed-0a56-4384-b989-46c85bf60a4a','b64fe46a-25b2-4780-b910-8897bab331d1','04b0026e-ed12-4e5e-85e2-1ed905581184','c4b26668-789f-4117-b9af-34719df71955','06cf74d1-3ae5-4aee-8048-5fab3132f2ba','5ce4a39b-7e40-4486-b5d7-7f910cb36590','b23b7eaa-6c87-413b-b144-42b7afafd4df','f033f831-0ad6-4654-b9cc-9ad6f8c92e8c','af282aaf-606b-4d5f-9ef8-070dc205befb','24c1e762-e92d-485c-ab51-7bd8574e8cb1','2d68eaae-a710-43ae-b278-b376f0865788','21fdd8fe-78d5-4ce1-ae83-7df1ebfc6f56','23922b05-5fbd-49fd-8f6e-3847cabd2503','5c53b1b4-f8e2-4bd1-a376-d983f799cf4b')
[2026-04-16 01:49:19.367] local.info: [11.258ms] [rows:45] SELECT * FROM "role_permissions" WHERE role_id IN ('68c46dfb-a565-4938-99d7-9fdd0acf8a7e')
[2026-04-16 01:49:19.369] local.info: [13.127ms] [rows:45] SELECT * FROM "permissions" WHERE id IN ('ab6da9f5-8b11-4644-9aaa-009b3b28a4ec','5daf3519-8949-4d26-b4bc-00c8b03f04fe','91166846-7ec1-42de-b134-ce141c3a9d7d','28c919a4-3744-4931-805a-a219892adbe3','789e0c77-5a0c-4ea7-a2e1-606803a6e2bd','6cd9d7a8-34ac-4740-9bc1-aa386ae6de38','8d2454fc-6567-46f9-8527-5843c7142e3c','cf81b7d4-096a-435a-b515-ad3f779199b8','82188518-37d9-45c0-9bca-b0d202cc9449','c01ff63f-6e93-4a78-8e50-87af96ab4a89','a14b8e8b-3f32-475f-8a47-5d33dab3042e','653cb315-36f1-4697-90e4-329900532da2','217d2f9d-5606-432f-99aa-bd6fb720b45f','328bd207-61d6-40ab-9d1d-bbe31ba63a3e','9b3cb586-a24f-4353-8c5a-6a860eba7357','a9280ee9-eb73-4cfb-8092-80f4c2cc5529','e225de9e-e14e-4219-a638-44d136be5613','46c78359-bdb4-421e-9182-d1d095921f20','b0aabdc2-3a7f-496c-a902-ee468671cf24','f4e500e8-45dd-4eeb-8b47-c97d832f18b2','00f63f53-4009-405a-9736-eff543475f78','31cb98ec-4d68-460a-8a6b-1566b0356cb5','29033b15-df4d-4afe-b261-d9f9d978215b','770de03c-008e-4352-915b-dbad46394b3e','386b4440-e446-4a4c-bbf2-2df0b3d482e7','764434f1-f401-4cec-b0a5-94c50e4c10bb','f8315a47-3595-4af7-afca-831deb36ae44','16b41fad-47bb-456e-818a-0e17a10696d3','7dba2974-eed0-4a24-8090-13ce49e8ae9c','2107c201-e779-4d54-b9d8-e77e63506727','540fda97-9bb5-45a3-8677-e5494a35f98d','8db21bed-0a56-4384-b989-46c85bf60a4a','b64fe46a-25b2-4780-b910-8897bab331d1','04b0026e-ed12-4e5e-85e2-1ed905581184','c4b26668-789f-4117-b9af-34719df71955','06cf74d1-3ae5-4aee-8048-5fab3132f2ba','5ce4a39b-7e40-4486-b5d7-7f910cb36590','b23b7eaa-6c87-413b-b144-42b7afafd4df','f033f831-0ad6-4654-b9cc-9ad6f8c92e8c','af282aaf-606b-4d5f-9ef8-070dc205befb','24c1e762-e92d-485c-ab51-7bd8574e8cb1','2d68eaae-a710-43ae-b278-b376f0865788','21fdd8fe-78d5-4ce1-ae83-7df1ebfc6f56','23922b05-5fbd-49fd-8f6e-3847cabd2503','5c53b1b4-f8e2-4bd1-a376-d983f799cf4b')
[2026-04-16 01:49:19.371] local.info: [14.403ms] [rows:45] SELECT * FROM "permissions" WHERE id IN ('ab6da9f5-8b11-4644-9aaa-009b3b28a4ec','5daf3519-8949-4d26-b4bc-00c8b03f04fe','91166846-7ec1-42de-b134-ce141c3a9d7d','28c919a4-3744-4931-805a-a219892adbe3','789e0c77-5a0c-4ea7-a2e1-606803a6e2bd','6cd9d7a8-34ac-4740-9bc1-aa386ae6de38','8d2454fc-6567-46f9-8527-5843c7142e3c','cf81b7d4-096a-435a-b515-ad3f779199b8','82188518-37d9-45c0-9bca-b0d202cc9449','c01ff63f-6e93-4a78-8e50-87af96ab4a89','a14b8e8b-3f32-475f-8a47-5d33dab3042e','653cb315-36f1-4697-90e4-329900532da2','217d2f9d-5606-432f-99aa-bd6fb720b45f','328bd207-61d6-40ab-9d1d-bbe31ba63a3e','9b3cb586-a24f-4353-8c5a-6a860eba7357','a9280ee9-eb73-4cfb-8092-80f4c2cc5529','e225de9e-e14e-4219-a638-44d136be5613','46c78359-bdb4-421e-9182-d1d095921f20','b0aabdc2-3a7f-496c-a902-ee468671cf24','f4e500e8-45dd-4eeb-8b47-c97d832f18b2','00f63f53-4009-405a-9736-eff543475f78','31cb98ec-4d68-460a-8a6b-1566b0356cb5','29033b15-df4d-4afe-b261-d9f9d978215b','770de03c-008e-4352-915b-dbad46394b3e','386b4440-e446-4a4c-bbf2-2df0b3d482e7','764434f1-f401-4cec-b0a5-94c50e4c10bb','f8315a47-3595-4af7-afca-831deb36ae44','16b41fad-47bb-456e-818a-0e17a10696d3','7dba2974-eed0-4a24-8090-13ce49e8ae9c','2107c201-e779-4d54-b9d8-e77e63506727','540fda97-9bb5-45a3-8677-e5494a35f98d','8db21bed-0a56-4384-b989-46c85bf60a4a','b64fe46a-25b2-4780-b910-8897bab331d1','04b0026e-ed12-4e5e-85e2-1ed905581184','c4b26668-789f-4117-b9af-34719df71955','06cf74d1-3ae5-4aee-8048-5fab3132f2ba','5ce4a39b-7e40-4486-b5d7-7f910cb36590','b23b7eaa-6c87-413b-b144-42b7afafd4df','f033f831-0ad6-4654-b9cc-9ad6f8c92e8c','af282aaf-606b-4d5f-9ef8-070dc205befb','24c1e762-e92d-485c-ab51-7bd8574e8cb1','2d68eaae-a710-43ae-b278-b376f0865788','21fdd8fe-78d5-4ce1-ae83-7df1ebfc6f56','23922b05-5fbd-49fd-8f6e-3847cabd2503','5c53b1b4-f8e2-4bd1-a376-d983f799cf4b')
[2026-04-16 01:49:19.374] local.info: [16.713ms] [rows:45] SELECT * FROM "permissions" WHERE id IN ('ab6da9f5-8b11-4644-9aaa-009b3b28a4ec','5daf3519-8949-4d26-b4bc-00c8b03f04fe','91166846-7ec1-42de-b134-ce141c3a9d7d','28c919a4-3744-4931-805a-a219892adbe3','789e0c77-5a0c-4ea7-a2e1-606803a6e2bd','6cd9d7a8-34ac-4740-9bc1-aa386ae6de38','8d2454fc-6567-46f9-8527-5843c7142e3c','cf81b7d4-096a-435a-b515-ad3f779199b8','82188518-37d9-45c0-9bca-b0d202cc9449','c01ff63f-6e93-4a78-8e50-87af96ab4a89','a14b8e8b-3f32-475f-8a47-5d33dab3042e','653cb315-36f1-4697-90e4-329900532da2','217d2f9d-5606-432f-99aa-bd6fb720b45f','328bd207-61d6-40ab-9d1d-bbe31ba63a3e','9b3cb586-a24f-4353-8c5a-6a860eba7357','a9280ee9-eb73-4cfb-8092-80f4c2cc5529','e225de9e-e14e-4219-a638-44d136be5613','46c78359-bdb4-421e-9182-d1d095921f20','b0aabdc2-3a7f-496c-a902-ee468671cf24','f4e500e8-45dd-4eeb-8b47-c97d832f18b2','00f63f53-4009-405a-9736-eff543475f78','31cb98ec-4d68-460a-8a6b-1566b0356cb5','29033b15-df4d-4afe-b261-d9f9d978215b','770de03c-008e-4352-915b-dbad46394b3e','386b4440-e446-4a4c-bbf2-2df0b3d482e7','764434f1-f401-4cec-b0a5-94c50e4c10bb','f8315a47-3595-4af7-afca-831deb36ae44','16b41fad-47bb-456e-818a-0e17a10696d3','7dba2974-eed0-4a24-8090-13ce49e8ae9c','2107c201-e779-4d54-b9d8-e77e63506727','540fda97-9bb5-45a3-8677-e5494a35f98d','8db21bed-0a56-4384-b989-46c85bf60a4a','b64fe46a-25b2-4780-b910-8897bab331d1','04b0026e-ed12-4e5e-85e2-1ed905581184','c4b26668-789f-4117-b9af-34719df71955','06cf74d1-3ae5-4aee-8048-5fab3132f2ba','5ce4a39b-7e40-4486-b5d7-7f910cb36590','b23b7eaa-6c87-413b-b144-42b7afafd4df','f033f831-0ad6-4654-b9cc-9ad6f8c92e8c','af282aaf-606b-4d5f-9ef8-070dc205befb','24c1e762-e92d-485c-ab51-7bd8574e8cb1','2d68eaae-a710-43ae-b278-b376f0865788','21fdd8fe-78d5-4ce1-ae83-7df1ebfc6f56','23922b05-5fbd-49fd-8f6e-3847cabd2503','5c53b1b4-f8e2-4bd1-a376-d983f799cf4b')
[2026-04-16 01:49:19.374] local.info: [18.488ms] [rows:45] SELECT * FROM "permissions" WHERE id IN ('ab6da9f5-8b11-4644-9aaa-009b3b28a4ec','5daf3519-8949-4d26-b4bc-00c8b03f04fe','91166846-7ec1-42de-b134-ce141c3a9d7d','28c919a4-3744-4931-805a-a219892adbe3','789e0c77-5a0c-4ea7-a2e1-606803a6e2bd','6cd9d7a8-34ac-4740-9bc1-aa386ae6de38','8d2454fc-6567-46f9-8527-5843c7142e3c','cf81b7d4-096a-435a-b515-ad3f779199b8','82188518-37d9-45c0-9bca-b0d202cc9449','c01ff63f-6e93-4a78-8e50-87af96ab4a89','a14b8e8b-3f32-475f-8a47-5d33dab3042e','653cb315-36f1-4697-90e4-329900532da2','217d2f9d-5606-432f-99aa-bd6fb720b45f','328bd207-61d6-40ab-9d1d-bbe31ba63a3e','9b3cb586-a24f-4353-8c5a-6a860eba7357','a9280ee9-eb73-4cfb-8092-80f4c2cc5529','e225de9e-e14e-4219-a638-44d136be5613','46c78359-bdb4-421e-9182-d1d095921f20','b0aabdc2-3a7f-496c-a902-ee468671cf24','f4e500e8-45dd-4eeb-8b47-c97d832f18b2','00f63f53-4009-405a-9736-eff543475f78','31cb98ec-4d68-460a-8a6b-1566b0356cb5','29033b15-df4d-4afe-b261-d9f9d978215b','770de03c-008e-4352-915b-dbad46394b3e','386b4440-e446-4a4c-bbf2-2df0b3d482e7','764434f1-f401-4cec-b0a5-94c50e4c10bb','f8315a47-3595-4af7-afca-831deb36ae44','16b41fad-47bb-456e-818a-0e17a10696d3','7dba2974-eed0-4a24-8090-13ce49e8ae9c','2107c201-e779-4d54-b9d8-e77e63506727','540fda97-9bb5-45a3-8677-e5494a35f98d','8db21bed-0a56-4384-b989-46c85bf60a4a','b64fe46a-25b2-4780-b910-8897bab331d1','04b0026e-ed12-4e5e-85e2-1ed905581184','c4b26668-789f-4117-b9af-34719df71955','06cf74d1-3ae5-4aee-8048-5fab3132f2ba','5ce4a39b-7e40-4486-b5d7-7f910cb36590','b23b7eaa-6c87-413b-b144-42b7afafd4df','f033f831-0ad6-4654-b9cc-9ad6f8c92e8c','af282aaf-606b-4d5f-9ef8-070dc205befb','24c1e762-e92d-485c-ab51-7bd8574e8cb1','2d68eaae-a710-43ae-b278-b376f0865788','21fdd8fe-78d5-4ce1-ae83-7df1ebfc6f56','23922b05-5fbd-49fd-8f6e-3847cabd2503','5c53b1b4-f8e2-4bd1-a376-d983f799cf4b')
[2026-04-16 01:49:19.376] local.info: [11.299ms] [rows:1] SELECT * FROM "documents" WHERE id = '1cb5293d-d875-4bab-865b-85e18ccee4aa' AND deleted_at IS NULL ORDER BY "documents"."id" LIMIT 1
[2026-04-16 01:49:19.383] local.info: [16.069ms] [rows:45] SELECT * FROM "permissions" WHERE id IN ('ab6da9f5-8b11-4644-9aaa-009b3b28a4ec','5daf3519-8949-4d26-b4bc-00c8b03f04fe','91166846-7ec1-42de-b134-ce141c3a9d7d','28c919a4-3744-4931-805a-a219892adbe3','789e0c77-5a0c-4ea7-a2e1-606803a6e2bd','6cd9d7a8-34ac-4740-9bc1-aa386ae6de38','8d2454fc-6567-46f9-8527-5843c7142e3c','cf81b7d4-096a-435a-b515-ad3f779199b8','82188518-37d9-45c0-9bca-b0d202cc9449','c01ff63f-6e93-4a78-8e50-87af96ab4a89','a14b8e8b-3f32-475f-8a47-5d33dab3042e','653cb315-36f1-4697-90e4-329900532da2','217d2f9d-5606-432f-99aa-bd6fb720b45f','328bd207-61d6-40ab-9d1d-bbe31ba63a3e','9b3cb586-a24f-4353-8c5a-6a860eba7357','a9280ee9-eb73-4cfb-8092-80f4c2cc5529','e225de9e-e14e-4219-a638-44d136be5613','46c78359-bdb4-421e-9182-d1d095921f20','b0aabdc2-3a7f-496c-a902-ee468671cf24','f4e500e8-45dd-4eeb-8b47-c97d832f18b2','00f63f53-4009-405a-9736-eff543475f78','31cb98ec-4d68-460a-8a6b-1566b0356cb5','29033b15-df4d-4afe-b261-d9f9d978215b','770de03c-008e-4352-915b-dbad46394b3e','386b4440-e446-4a4c-bbf2-2df0b3d482e7','764434f1-f401-4cec-b0a5-94c50e4c10bb','f8315a47-3595-4af7-afca-831deb36ae44','16b41fad-47bb-456e-818a-0e17a10696d3','7dba2974-eed0-4a24-8090-13ce49e8ae9c','2107c201-e779-4d54-b9d8-e77e63506727','540fda97-9bb5-45a3-8677-e5494a35f98d','8db21bed-0a56-4384-b989-46c85bf60a4a','b64fe46a-25b2-4780-b910-8897bab331d1','04b0026e-ed12-4e5e-85e2-1ed905581184','c4b26668-789f-4117-b9af-34719df71955','06cf74d1-3ae5-4aee-8048-5fab3132f2ba','5ce4a39b-7e40-4486-b5d7-7f910cb36590','b23b7eaa-6c87-413b-b144-42b7afafd4df','f033f831-0ad6-4654-b9cc-9ad6f8c92e8c','af282aaf-606b-4d5f-9ef8-070dc205befb','24c1e762-e92d-485c-ab51-7bd8574e8cb1','2d68eaae-a710-43ae-b278-b376f0865788','21fdd8fe-78d5-4ce1-ae83-7df1ebfc6f56','23922b05-5fbd-49fd-8f6e-3847cabd2503','5c53b1b4-f8e2-4bd1-a376-d983f799cf4b')
[2026-04-16 01:49:19.383] local.info: [9.173ms] [rows:0] SELECT * FROM "workflow_instances" WHERE document_id = '1cb5293d-d875-4bab-865b-85e18ccee4aa' AND status = 'active' ORDER BY "workflow_instances"."id" LIMIT 1
[2026-04-16 01:49:19.383] local.info: [14.273ms] [rows:1] SELECT count(*) FROM "document_types"
[2026-04-16 01:49:19.383] local.info: [12.175ms] [rows:1] SELECT count(*) FROM "notifications" WHERE user_id = '00000000-0000-0000-0000-000000000099' AND is_read = false
[2026-04-16 01:49:19.383] local.info: [8.944ms] [rows:1] SELECT * FROM "documents" WHERE id = '1cb5293d-d875-4bab-865b-85e18ccee4aa' AND deleted_at IS NULL ORDER BY "documents"."id" LIMIT 1
[2026-04-16 01:49:19.407] local.info: [23.028ms] [rows:5] SELECT * FROM "document_types" ORDER BY sort_order asc, created_at desc LIMIT 20
[2026-04-16 01:49:19.407] local.error: [23.423ms] [rows:0] SELECT * FROM "document_comments" WHERE (document_id = '1cb5293d-d875-4bab-865b-85e18ccee4aa' AND deleted_at IS NULL) AND parent_id IS NULL ORDER BY created_at desc	ERROR: column "parent_id" does not exist (SQLSTATE 42703)
[Trace] /Users/arivin29macmini/go/pkg/mod/github.com/goravel/framework@v1.17.2/log/writer.go:202 [log.(*Writer).withStackTrace]
/Users/arivin29macmini/go/pkg/mod/github.com/goravel/framework@v1.17.2/log/writer.go:65 [log.(*Writer).Errorf]
/Users/arivin29macmini/go/pkg/mod/github.com/goravel/framework@v1.17.2/database/db/logger.go:79 [db.(*Logger).Errorf]
/Users/arivin29macmini/go/pkg/mod/github.com/goravel/framework@v1.17.2/database/db/logger.go:102 [db.(*Logger).Trace]
/Users/arivin29macmini/go/pkg/mod/github.com/goravel/framework@v1.17.2/database/db/logger.go:153 [db.(*Gorm).Trace]
/Users/arivin29macmini/go/pkg/mod/gorm.io/gorm@v1.31.1/callbacks.go:140 [gorm.(*processor).Execute]
/Users/arivin29macmini/go/pkg/mod/gorm.io/gorm@v1.31.1/finisher_api.go:172 [gorm.(*DB).Find]
/Users/arivin29macmini/go/pkg/mod/github.com/goravel/framework@v1.17.2/database/gorm/query.go:270 [gorm.(*Query).Find]
/Users/arivin29macmini/go/pkg/mod/github.com/goravel/framework@v1.17.2/database/gorm/query.go:417 [gorm.(*Query).Get]
/Users/arivin29macmini/Documents/DEVETEK/BMS/dms/app/repositories/comment_repository.go:83 [repositories.(*commentRepository).List]
/Users/arivin29macmini/Documents/DEVETEK/BMS/dms/app/services/comment_service.go:73 [services.(*CommentService).List]
/Users/arivin29macmini/Documents/DEVETEK/BMS/dms/app/http/controllers/comment_controller.go:29 [controllers.(*CommentController).Index]
/Users/arivin29macmini/go/pkg/mod/github.com/goravel/gin@v1.17.0/utils.go:37 [gin.(*Group).Get.handlerToGinHandler.func1]
/Users/arivin29macmini/go/pkg/mod/github.com/gin-gonic/gin@v1.11.0/context.go:192 [gin.(*Context).Next]
/Users/arivin29macmini/go/pkg/mod/github.com/goravel/gin@v1.17.0/context_request.go:230 [gin.(*ContextRequest).Next]
/Users/arivin29macmini/go/pkg/mod/github.com/goravel/gin@v1.17.0/context_response.go:157 [gin.(*Route).init.ResponseMiddleware.func2]
/Users/arivin29macmini/go/pkg/mod/github.com/goravel/gin@v1.17.0/utils.go:54 [gin.(*Group).WithMiddlewares.middlewaresToGinHandlers.middlewareToGinHandler.func1]
/Users/arivin29macmini/go/pkg/mod/github.com/gin-gonic/gin@v1.11.0/context.go:192 [gin.(*Context).Next]
/Users/arivin29macmini/go/pkg/mod/github.com/goravel/gin@v1.17.0/context_request.go:230 [gin.(*ContextRequest).Next]
/Users/arivin29macmini/Documents/DEVETEK/BMS/dms/app/http/middleware/rbac.go:30 [routes.Api.func2.2.RequirePermission.85]
/Users/arivin29macmini/go/pkg/mod/github.com/goravel/gin@v1.17.0/utils.go:54 [gin.(*Group).WithMiddlewares.middlewaresToGinHandlers.middlewareToGinHandler.func1]
/Users/arivin29macmini/go/pkg/mod/github.com/gin-gonic/gin@v1.11.0/context.go:192 [gin.(*Context).Next]
/Users/arivin29macmini/go/pkg/mod/github.com/goravel/gin@v1.17.0/context_request.go:230 [gin.(*ContextRequest).Next]
/Users/arivin29macmini/Documents/DEVETEK/BMS/dms/app/http/middleware/scope.go:63 [routes.Api.func2.DataScope.5]
/Users/arivin29macmini/go/pkg/mod/github.com/goravel/gin@v1.17.0/utils.go:54 [gin.(*Group).WithMiddlewares.middlewaresToGinHandlers.middlewareToGinHandler.func1]
/Users/arivin29macmini/go/pkg/mod/github.com/gin-gonic/gin@v1.11.0/context.go:192 [gin.(*Context).Next]
/Users/arivin29macmini/go/pkg/mod/github.com/goravel/gin@v1.17.0/context_request.go:230 [gin.(*ContextRequest).Next]
/Users/arivin29macmini/Documents/DEVETEK/BMS/dms/app/http/middleware/auth.go:50 [routes.Api.func2.Auth.4]
/Users/arivin29macmini/go/pkg/mod/github.com/goravel/gin@v1.17.0/utils.go:54 [gin.(*Group).WithMiddlewares.middlewaresToGinHandlers.middlewareToGinHandler.func1]
/Users/arivin29macmini/go/pkg/mod/github.com/gin-gonic/gin@v1.11.0/context.go:192 [gin.(*Context).Next]
/Users/arivin29macmini/go/pkg/mod/github.com/goravel/gin@v1.17.0/context_request.go:230 [gin.(*ContextRequest).Next]
/Users/arivin29macmini/Documents/DEVETEK/BMS/dms/app/http/middleware/cors.go:27 [routes.Api.Cors.func5]
/Users/arivin29macmini/go/pkg/mod/github.com/goravel/gin@v1.17.0/utils.go:54 [gin.(*Group).WithMiddlewares.middlewaresToGinHandlers.middlewareToGinHandler.func1]
/Users/arivin29macmini/go/pkg/mod/github.com/gin-gonic/gin@v1.11.0/context.go:192 [gin.(*Context).Next]
/Users/arivin29macmini/go/pkg/mod/github.com/goravel/gin@v1.17.0/context_request.go:230 [gin.(*ContextRequest).Next]
/Users/arivin29macmini/go/pkg/mod/github.com/goravel/gin@v1.17.0/middleware_tls.go:18 [gin.NewRoute.Tls.func3]
/Users/arivin29macmini/go/pkg/mod/github.com/goravel/gin@v1.17.0/utils.go:54 [gin.(*Route).init.middlewaresToGinHandlers.middlewareToGinHandler.func3]
/Users/arivin29macmini/go/pkg/mod/github.com/gin-gonic/gin@v1.11.0/context.go:192 [gin.(*Context).Next]
/Users/arivin29macmini/go/pkg/mod/github.com/goravel/gin@v1.17.0/context_request.go:230 [gin.(*ContextRequest).Next]
/Users/arivin29macmini/go/pkg/mod/github.com/goravel/gin@v1.17.0/middleware_cors.go:63 [gin.NewRoute.Cors.func2]
/Users/arivin29macmini/go/pkg/mod/github.com/goravel/gin@v1.17.0/utils.go:54 [gin.(*Route).init.middlewaresToGinHandlers.middlewareToGinHandler.func3]
/Users/arivin29macmini/go/pkg/mod/github.com/gin-gonic/gin@v1.11.0/context.go:192 [gin.(*Context).Next]
/Users/arivin29macmini/go/pkg/mod/github.com/goravel/gin@v1.17.0/context_request.go:230 [gin.(*ContextRequest).Next]
[2026-04-16 01:49:19.423] local.info: [22.920ms] [rows:1] SELECT * FROM "users" WHERE "users"."id" = '00000000-0000-0000-0000-000000000099'
[2026-04-16 01:49:19.423] local.info: [47.341ms] [rows:3] SELECT * FROM "document_versions" WHERE document_id = '1cb5293d-d875-4bab-865b-85e18ccee4aa' ORDER BY version_number desc
[2026-04-16 01:49:19.423] local.info: [23.139ms] [rows:1] SELECT * FROM "document_categories" WHERE "document_categories"."id" = '1de6dcb1-c46b-466f-af65-bc4b8d75de05'
[2026-04-16 01:49:19.443] local.info: [19.782ms] [rows:1] SELECT * FROM "companies" WHERE "companies"."id" = '00000000-0000-0000-0000-000000000001'
[2026-04-16 01:49:19.463] local.info: [20.001ms] [rows:1] SELECT * FROM "users" WHERE "users"."id" = '00000000-0000-0000-0000-000000000099'
[2026-04-16 01:49:19.483] local.info: [19.855ms] [rows:1] SELECT * FROM "departments" WHERE "departments"."id" = '00000000-0000-0000-0000-000000000003'
[2026-04-16 01:49:19.503] local.info: [20.097ms] [rows:1] SELECT * FROM "document_types" WHERE "document_types"."id" = '7367ca3d-eb1d-43dd-a115-cf3d2ceecdfa'
[2026-04-16 01:49:19.523] local.info: [19.996ms] [rows:1] SELECT * FROM "offices" WHERE "offices"."id" = '00000000-0000-0000-0000-000000000002'
[2026-04-16 01:49:19.543] local.info: [19.727ms] [rows:1] SELECT * FROM "document_templates" WHERE "document_templates"."id" = 'ef6ad65a-07d2-444b-951d-d197ee14c8a0'
[2026-04-16 01:49:19.543] local.info: [159.822ms] [rows:1] SELECT * FROM "documents" WHERE id = '1cb5293d-d875-4bab-865b-85e18ccee4aa' AND deleted_at IS NULL ORDER BY "documents"."id" LIMIT 1
[2026-04-16 01:49:26.645] local.info: [14.229ms] [rows:1] SELECT * FROM "users" WHERE id = '00000000-0000-0000-0000-000000000099' ORDER BY "users"."id" LIMIT 1
[2026-04-16 01:49:26.645] local.info: [14.045ms] [rows:1] SELECT * FROM "users" WHERE id = '00000000-0000-0000-0000-000000000099' ORDER BY "users"."id" LIMIT 1
[2026-04-16 01:49:26.645] local.info: [22.019ms] [rows:1] SELECT * FROM "users" WHERE id = '00000000-0000-0000-0000-000000000099' ORDER BY "users"."id" LIMIT 1
[2026-04-16 01:49:26.655] local.info: [10.325ms] [rows:1] SELECT * FROM "user_roles" WHERE user_id = '00000000-0000-0000-0000-000000000099'
[2026-04-16 01:49:26.655] local.info: [10.350ms] [rows:1] SELECT * FROM "user_roles" WHERE user_id = '00000000-0000-0000-0000-000000000099'
[2026-04-16 01:49:26.655] local.info: [25.384ms] [rows:1] SELECT * FROM "users" WHERE id = '00000000-0000-0000-0000-000000000099' ORDER BY "users"."id" LIMIT 1
[2026-04-16 01:49:26.655] local.info: [24.371ms] [rows:1] SELECT * FROM "users" WHERE id = '00000000-0000-0000-0000-000000000099' ORDER BY "users"."id" LIMIT 1
[2026-04-16 01:49:26.664] local.info: [33.253ms] [rows:1] SELECT * FROM "users" WHERE id = '00000000-0000-0000-0000-000000000099' ORDER BY "users"."id" LIMIT 1
[2026-04-16 01:49:26.665] local.info: [19.623ms] [rows:1] SELECT * FROM "user_roles" WHERE user_id = '00000000-0000-0000-0000-000000000099'
[2026-04-16 01:49:26.674] local.info: [17.971ms] [rows:1] SELECT * FROM "user_roles" WHERE user_id = '00000000-0000-0000-0000-000000000099'
[2026-04-16 01:49:26.674] local.info: [18.334ms] [rows:1] SELECT * FROM "user_roles" WHERE user_id = '00000000-0000-0000-0000-000000000099'
[2026-04-16 01:49:26.674] local.info: [18.503ms] [rows:1] SELECT * FROM "roles" WHERE id IN ('68c46dfb-a565-4938-99d7-9fdd0acf8a7e')
[2026-04-16 01:49:26.674] local.info: [18.802ms] [rows:1] SELECT * FROM "roles" WHERE id IN ('68c46dfb-a565-4938-99d7-9fdd0acf8a7e')
[2026-04-16 01:49:26.683] local.info: [9.345ms] [rows:1] SELECT * FROM "roles" WHERE id IN ('68c46dfb-a565-4938-99d7-9fdd0acf8a7e')
[2026-04-16 01:49:26.683] local.info: [18.795ms] [rows:1] SELECT * FROM "user_roles" WHERE user_id = '00000000-0000-0000-0000-000000000099'
[2026-04-16 01:49:26.683] local.info: [9.519ms] [rows:1] SELECT * FROM "roles" WHERE id IN ('68c46dfb-a565-4938-99d7-9fdd0acf8a7e')
[2026-04-16 01:49:26.683] local.info: [18.597ms] [rows:1] SELECT * FROM "roles" WHERE id IN ('68c46dfb-a565-4938-99d7-9fdd0acf8a7e')
[2026-04-16 01:49:26.683] local.info: [9.283ms] [rows:45] SELECT * FROM "role_permissions" WHERE role_id IN ('68c46dfb-a565-4938-99d7-9fdd0acf8a7e')
[2026-04-16 01:49:26.691] local.info: [16.558ms] [rows:45] SELECT * FROM "role_permissions" WHERE role_id IN ('68c46dfb-a565-4938-99d7-9fdd0acf8a7e')
[2026-04-16 01:49:26.696] local.info: [12.466ms] [rows:45] SELECT * FROM "role_permissions" WHERE role_id IN ('68c46dfb-a565-4938-99d7-9fdd0acf8a7e')
[2026-04-16 01:49:26.696] local.info: [12.668ms] [rows:45] SELECT * FROM "role_permissions" WHERE role_id IN ('68c46dfb-a565-4938-99d7-9fdd0acf8a7e')
[2026-04-16 01:49:26.699] local.info: [15.157ms] [rows:45] SELECT * FROM "role_permissions" WHERE role_id IN ('68c46dfb-a565-4938-99d7-9fdd0acf8a7e')
[2026-04-16 01:49:26.699] local.info: [15.192ms] [rows:1] SELECT * FROM "roles" WHERE id IN ('68c46dfb-a565-4938-99d7-9fdd0acf8a7e')
[2026-04-16 01:49:26.701] local.info: [17.103ms] [rows:45] SELECT * FROM "permissions" WHERE id IN ('ab6da9f5-8b11-4644-9aaa-009b3b28a4ec','5daf3519-8949-4d26-b4bc-00c8b03f04fe','91166846-7ec1-42de-b134-ce141c3a9d7d','28c919a4-3744-4931-805a-a219892adbe3','789e0c77-5a0c-4ea7-a2e1-606803a6e2bd','6cd9d7a8-34ac-4740-9bc1-aa386ae6de38','8d2454fc-6567-46f9-8527-5843c7142e3c','cf81b7d4-096a-435a-b515-ad3f779199b8','82188518-37d9-45c0-9bca-b0d202cc9449','c01ff63f-6e93-4a78-8e50-87af96ab4a89','a14b8e8b-3f32-475f-8a47-5d33dab3042e','653cb315-36f1-4697-90e4-329900532da2','217d2f9d-5606-432f-99aa-bd6fb720b45f','328bd207-61d6-40ab-9d1d-bbe31ba63a3e','9b3cb586-a24f-4353-8c5a-6a860eba7357','a9280ee9-eb73-4cfb-8092-80f4c2cc5529','e225de9e-e14e-4219-a638-44d136be5613','46c78359-bdb4-421e-9182-d1d095921f20','b0aabdc2-3a7f-496c-a902-ee468671cf24','f4e500e8-45dd-4eeb-8b47-c97d832f18b2','00f63f53-4009-405a-9736-eff543475f78','31cb98ec-4d68-460a-8a6b-1566b0356cb5','29033b15-df4d-4afe-b261-d9f9d978215b','770de03c-008e-4352-915b-dbad46394b3e','386b4440-e446-4a4c-bbf2-2df0b3d482e7','764434f1-f401-4cec-b0a5-94c50e4c10bb','f8315a47-3595-4af7-afca-831deb36ae44','16b41fad-47bb-456e-818a-0e17a10696d3','7dba2974-eed0-4a24-8090-13ce49e8ae9c','2107c201-e779-4d54-b9d8-e77e63506727','540fda97-9bb5-45a3-8677-e5494a35f98d','8db21bed-0a56-4384-b989-46c85bf60a4a','b64fe46a-25b2-4780-b910-8897bab331d1','04b0026e-ed12-4e5e-85e2-1ed905581184','c4b26668-789f-4117-b9af-34719df71955','06cf74d1-3ae5-4aee-8048-5fab3132f2ba','5ce4a39b-7e40-4486-b5d7-7f910cb36590','b23b7eaa-6c87-413b-b144-42b7afafd4df','f033f831-0ad6-4654-b9cc-9ad6f8c92e8c','af282aaf-606b-4d5f-9ef8-070dc205befb','24c1e762-e92d-485c-ab51-7bd8574e8cb1','2d68eaae-a710-43ae-b278-b376f0865788','21fdd8fe-78d5-4ce1-ae83-7df1ebfc6f56','23922b05-5fbd-49fd-8f6e-3847cabd2503','5c53b1b4-f8e2-4bd1-a376-d983f799cf4b')
[2026-04-16 01:49:26.705] local.info: [14.411ms] [rows:45] SELECT * FROM "permissions" WHERE id IN ('ab6da9f5-8b11-4644-9aaa-009b3b28a4ec','5daf3519-8949-4d26-b4bc-00c8b03f04fe','91166846-7ec1-42de-b134-ce141c3a9d7d','28c919a4-3744-4931-805a-a219892adbe3','789e0c77-5a0c-4ea7-a2e1-606803a6e2bd','6cd9d7a8-34ac-4740-9bc1-aa386ae6de38','8d2454fc-6567-46f9-8527-5843c7142e3c','cf81b7d4-096a-435a-b515-ad3f779199b8','82188518-37d9-45c0-9bca-b0d202cc9449','c01ff63f-6e93-4a78-8e50-87af96ab4a89','a14b8e8b-3f32-475f-8a47-5d33dab3042e','653cb315-36f1-4697-90e4-329900532da2','217d2f9d-5606-432f-99aa-bd6fb720b45f','328bd207-61d6-40ab-9d1d-bbe31ba63a3e','9b3cb586-a24f-4353-8c5a-6a860eba7357','a9280ee9-eb73-4cfb-8092-80f4c2cc5529','e225de9e-e14e-4219-a638-44d136be5613','46c78359-bdb4-421e-9182-d1d095921f20','b0aabdc2-3a7f-496c-a902-ee468671cf24','f4e500e8-45dd-4eeb-8b47-c97d832f18b2','00f63f53-4009-405a-9736-eff543475f78','31cb98ec-4d68-460a-8a6b-1566b0356cb5','29033b15-df4d-4afe-b261-d9f9d978215b','770de03c-008e-4352-915b-dbad46394b3e','386b4440-e446-4a4c-bbf2-2df0b3d482e7','764434f1-f401-4cec-b0a5-94c50e4c10bb','f8315a47-3595-4af7-afca-831deb36ae44','16b41fad-47bb-456e-818a-0e17a10696d3','7dba2974-eed0-4a24-8090-13ce49e8ae9c','2107c201-e779-4d54-b9d8-e77e63506727','540fda97-9bb5-45a3-8677-e5494a35f98d','8db21bed-0a56-4384-b989-46c85bf60a4a','b64fe46a-25b2-4780-b910-8897bab331d1','04b0026e-ed12-4e5e-85e2-1ed905581184','c4b26668-789f-4117-b9af-34719df71955','06cf74d1-3ae5-4aee-8048-5fab3132f2ba','5ce4a39b-7e40-4486-b5d7-7f910cb36590','b23b7eaa-6c87-413b-b144-42b7afafd4df','f033f831-0ad6-4654-b9cc-9ad6f8c92e8c','af282aaf-606b-4d5f-9ef8-070dc205befb','24c1e762-e92d-485c-ab51-7bd8574e8cb1','2d68eaae-a710-43ae-b278-b376f0865788','21fdd8fe-78d5-4ce1-ae83-7df1ebfc6f56','23922b05-5fbd-49fd-8f6e-3847cabd2503','5c53b1b4-f8e2-4bd1-a376-d983f799cf4b')
[2026-04-16 01:49:26.711] local.info: [15.046ms] [rows:45] SELECT * FROM "permissions" WHERE id IN ('ab6da9f5-8b11-4644-9aaa-009b3b28a4ec','5daf3519-8949-4d26-b4bc-00c8b03f04fe','91166846-7ec1-42de-b134-ce141c3a9d7d','28c919a4-3744-4931-805a-a219892adbe3','789e0c77-5a0c-4ea7-a2e1-606803a6e2bd','6cd9d7a8-34ac-4740-9bc1-aa386ae6de38','8d2454fc-6567-46f9-8527-5843c7142e3c','cf81b7d4-096a-435a-b515-ad3f779199b8','82188518-37d9-45c0-9bca-b0d202cc9449','c01ff63f-6e93-4a78-8e50-87af96ab4a89','a14b8e8b-3f32-475f-8a47-5d33dab3042e','653cb315-36f1-4697-90e4-329900532da2','217d2f9d-5606-432f-99aa-bd6fb720b45f','328bd207-61d6-40ab-9d1d-bbe31ba63a3e','9b3cb586-a24f-4353-8c5a-6a860eba7357','a9280ee9-eb73-4cfb-8092-80f4c2cc5529','e225de9e-e14e-4219-a638-44d136be5613','46c78359-bdb4-421e-9182-d1d095921f20','b0aabdc2-3a7f-496c-a902-ee468671cf24','f4e500e8-45dd-4eeb-8b47-c97d832f18b2','00f63f53-4009-405a-9736-eff543475f78','31cb98ec-4d68-460a-8a6b-1566b0356cb5','29033b15-df4d-4afe-b261-d9f9d978215b','770de03c-008e-4352-915b-dbad46394b3e','386b4440-e446-4a4c-bbf2-2df0b3d482e7','764434f1-f401-4cec-b0a5-94c50e4c10bb','f8315a47-3595-4af7-afca-831deb36ae44','16b41fad-47bb-456e-818a-0e17a10696d3','7dba2974-eed0-4a24-8090-13ce49e8ae9c','2107c201-e779-4d54-b9d8-e77e63506727','540fda97-9bb5-45a3-8677-e5494a35f98d','8db21bed-0a56-4384-b989-46c85bf60a4a','b64fe46a-25b2-4780-b910-8897bab331d1','04b0026e-ed12-4e5e-85e2-1ed905581184','c4b26668-789f-4117-b9af-34719df71955','06cf74d1-3ae5-4aee-8048-5fab3132f2ba','5ce4a39b-7e40-4486-b5d7-7f910cb36590','b23b7eaa-6c87-413b-b144-42b7afafd4df','f033f831-0ad6-4654-b9cc-9ad6f8c92e8c','af282aaf-606b-4d5f-9ef8-070dc205befb','24c1e762-e92d-485c-ab51-7bd8574e8cb1','2d68eaae-a710-43ae-b278-b376f0865788','21fdd8fe-78d5-4ce1-ae83-7df1ebfc6f56','23922b05-5fbd-49fd-8f6e-3847cabd2503','5c53b1b4-f8e2-4bd1-a376-d983f799cf4b')
[2026-04-16 01:49:26.712] local.info: [16.126ms] [rows:45] SELECT * FROM "permissions" WHERE id IN ('ab6da9f5-8b11-4644-9aaa-009b3b28a4ec','5daf3519-8949-4d26-b4bc-00c8b03f04fe','91166846-7ec1-42de-b134-ce141c3a9d7d','28c919a4-3744-4931-805a-a219892adbe3','789e0c77-5a0c-4ea7-a2e1-606803a6e2bd','6cd9d7a8-34ac-4740-9bc1-aa386ae6de38','8d2454fc-6567-46f9-8527-5843c7142e3c','cf81b7d4-096a-435a-b515-ad3f779199b8','82188518-37d9-45c0-9bca-b0d202cc9449','c01ff63f-6e93-4a78-8e50-87af96ab4a89','a14b8e8b-3f32-475f-8a47-5d33dab3042e','653cb315-36f1-4697-90e4-329900532da2','217d2f9d-5606-432f-99aa-bd6fb720b45f','328bd207-61d6-40ab-9d1d-bbe31ba63a3e','9b3cb586-a24f-4353-8c5a-6a860eba7357','a9280ee9-eb73-4cfb-8092-80f4c2cc5529','e225de9e-e14e-4219-a638-44d136be5613','46c78359-bdb4-421e-9182-d1d095921f20','b0aabdc2-3a7f-496c-a902-ee468671cf24','f4e500e8-45dd-4eeb-8b47-c97d832f18b2','00f63f53-4009-405a-9736-eff543475f78','31cb98ec-4d68-460a-8a6b-1566b0356cb5','29033b15-df4d-4afe-b261-d9f9d978215b','770de03c-008e-4352-915b-dbad46394b3e','386b4440-e446-4a4c-bbf2-2df0b3d482e7','764434f1-f401-4cec-b0a5-94c50e4c10bb','f8315a47-3595-4af7-afca-831deb36ae44','16b41fad-47bb-456e-818a-0e17a10696d3','7dba2974-eed0-4a24-8090-13ce49e8ae9c','2107c201-e779-4d54-b9d8-e77e63506727','540fda97-9bb5-45a3-8677-e5494a35f98d','8db21bed-0a56-4384-b989-46c85bf60a4a','b64fe46a-25b2-4780-b910-8897bab331d1','04b0026e-ed12-4e5e-85e2-1ed905581184','c4b26668-789f-4117-b9af-34719df71955','06cf74d1-3ae5-4aee-8048-5fab3132f2ba','5ce4a39b-7e40-4486-b5d7-7f910cb36590','b23b7eaa-6c87-413b-b144-42b7afafd4df','f033f831-0ad6-4654-b9cc-9ad6f8c92e8c','af282aaf-606b-4d5f-9ef8-070dc205befb','24c1e762-e92d-485c-ab51-7bd8574e8cb1','2d68eaae-a710-43ae-b278-b376f0865788','21fdd8fe-78d5-4ce1-ae83-7df1ebfc6f56','23922b05-5fbd-49fd-8f6e-3847cabd2503','5c53b1b4-f8e2-4bd1-a376-d983f799cf4b')
[2026-04-16 01:49:26.715] local.info: [16.119ms] [rows:45] SELECT * FROM "role_permissions" WHERE role_id IN ('68c46dfb-a565-4938-99d7-9fdd0acf8a7e')
[2026-04-16 01:49:26.715] local.info: [16.883ms] [rows:45] SELECT * FROM "permissions" WHERE id IN ('ab6da9f5-8b11-4644-9aaa-009b3b28a4ec','5daf3519-8949-4d26-b4bc-00c8b03f04fe','91166846-7ec1-42de-b134-ce141c3a9d7d','28c919a4-3744-4931-805a-a219892adbe3','789e0c77-5a0c-4ea7-a2e1-606803a6e2bd','6cd9d7a8-34ac-4740-9bc1-aa386ae6de38','8d2454fc-6567-46f9-8527-5843c7142e3c','cf81b7d4-096a-435a-b515-ad3f779199b8','82188518-37d9-45c0-9bca-b0d202cc9449','c01ff63f-6e93-4a78-8e50-87af96ab4a89','a14b8e8b-3f32-475f-8a47-5d33dab3042e','653cb315-36f1-4697-90e4-329900532da2','217d2f9d-5606-432f-99aa-bd6fb720b45f','328bd207-61d6-40ab-9d1d-bbe31ba63a3e','9b3cb586-a24f-4353-8c5a-6a860eba7357','a9280ee9-eb73-4cfb-8092-80f4c2cc5529','e225de9e-e14e-4219-a638-44d136be5613','46c78359-bdb4-421e-9182-d1d095921f20','b0aabdc2-3a7f-496c-a902-ee468671cf24','f4e500e8-45dd-4eeb-8b47-c97d832f18b2','00f63f53-4009-405a-9736-eff543475f78','31cb98ec-4d68-460a-8a6b-1566b0356cb5','29033b15-df4d-4afe-b261-d9f9d978215b','770de03c-008e-4352-915b-dbad46394b3e','386b4440-e446-4a4c-bbf2-2df0b3d482e7','764434f1-f401-4cec-b0a5-94c50e4c10bb','f8315a47-3595-4af7-afca-831deb36ae44','16b41fad-47bb-456e-818a-0e17a10696d3','7dba2974-eed0-4a24-8090-13ce49e8ae9c','2107c201-e779-4d54-b9d8-e77e63506727','540fda97-9bb5-45a3-8677-e5494a35f98d','8db21bed-0a56-4384-b989-46c85bf60a4a','b64fe46a-25b2-4780-b910-8897bab331d1','04b0026e-ed12-4e5e-85e2-1ed905581184','c4b26668-789f-4117-b9af-34719df71955','06cf74d1-3ae5-4aee-8048-5fab3132f2ba','5ce4a39b-7e40-4486-b5d7-7f910cb36590','b23b7eaa-6c87-413b-b144-42b7afafd4df','f033f831-0ad6-4654-b9cc-9ad6f8c92e8c','af282aaf-606b-4d5f-9ef8-070dc205befb','24c1e762-e92d-485c-ab51-7bd8574e8cb1','2d68eaae-a710-43ae-b278-b376f0865788','21fdd8fe-78d5-4ce1-ae83-7df1ebfc6f56','23922b05-5fbd-49fd-8f6e-3847cabd2503','5c53b1b4-f8e2-4bd1-a376-d983f799cf4b')
[2026-04-16 01:49:26.716] local.info: [14.671ms] [rows:1] SELECT count(*) FROM "notifications" WHERE user_id = '00000000-0000-0000-0000-000000000099' AND is_read = false
[2026-04-16 01:49:26.724] local.info: [8.876ms] [rows:1] SELECT * FROM "documents" WHERE id = '1cb5293d-d875-4bab-865b-85e18ccee4aa' AND deleted_at IS NULL ORDER BY "documents"."id" LIMIT 1
[2026-04-16 01:49:26.724] local.info: [12.067ms] [rows:1] SELECT count(*) FROM "document_types"
[2026-04-16 01:49:26.724] local.info: [13.268ms] [rows:0] SELECT * FROM "workflow_instances" WHERE document_id = '1cb5293d-d875-4bab-865b-85e18ccee4aa' AND status = 'active' ORDER BY "workflow_instances"."id" LIMIT 1
[2026-04-16 01:49:26.732] local.info: [17.030ms] [rows:45] SELECT * FROM "permissions" WHERE id IN ('ab6da9f5-8b11-4644-9aaa-009b3b28a4ec','5daf3519-8949-4d26-b4bc-00c8b03f04fe','91166846-7ec1-42de-b134-ce141c3a9d7d','28c919a4-3744-4931-805a-a219892adbe3','789e0c77-5a0c-4ea7-a2e1-606803a6e2bd','6cd9d7a8-34ac-4740-9bc1-aa386ae6de38','8d2454fc-6567-46f9-8527-5843c7142e3c','cf81b7d4-096a-435a-b515-ad3f779199b8','82188518-37d9-45c0-9bca-b0d202cc9449','c01ff63f-6e93-4a78-8e50-87af96ab4a89','a14b8e8b-3f32-475f-8a47-5d33dab3042e','653cb315-36f1-4697-90e4-329900532da2','217d2f9d-5606-432f-99aa-bd6fb720b45f','328bd207-61d6-40ab-9d1d-bbe31ba63a3e','9b3cb586-a24f-4353-8c5a-6a860eba7357','a9280ee9-eb73-4cfb-8092-80f4c2cc5529','e225de9e-e14e-4219-a638-44d136be5613','46c78359-bdb4-421e-9182-d1d095921f20','b0aabdc2-3a7f-496c-a902-ee468671cf24','f4e500e8-45dd-4eeb-8b47-c97d832f18b2','00f63f53-4009-405a-9736-eff543475f78','31cb98ec-4d68-460a-8a6b-1566b0356cb5','29033b15-df4d-4afe-b261-d9f9d978215b','770de03c-008e-4352-915b-dbad46394b3e','386b4440-e446-4a4c-bbf2-2df0b3d482e7','764434f1-f401-4cec-b0a5-94c50e4c10bb','f8315a47-3595-4af7-afca-831deb36ae44','16b41fad-47bb-456e-818a-0e17a10696d3','7dba2974-eed0-4a24-8090-13ce49e8ae9c','2107c201-e779-4d54-b9d8-e77e63506727','540fda97-9bb5-45a3-8677-e5494a35f98d','8db21bed-0a56-4384-b989-46c85bf60a4a','b64fe46a-25b2-4780-b910-8897bab331d1','04b0026e-ed12-4e5e-85e2-1ed905581184','c4b26668-789f-4117-b9af-34719df71955','06cf74d1-3ae5-4aee-8048-5fab3132f2ba','5ce4a39b-7e40-4486-b5d7-7f910cb36590','b23b7eaa-6c87-413b-b144-42b7afafd4df','f033f831-0ad6-4654-b9cc-9ad6f8c92e8c','af282aaf-606b-4d5f-9ef8-070dc205befb','24c1e762-e92d-485c-ab51-7bd8574e8cb1','2d68eaae-a710-43ae-b278-b376f0865788','21fdd8fe-78d5-4ce1-ae83-7df1ebfc6f56','23922b05-5fbd-49fd-8f6e-3847cabd2503','5c53b1b4-f8e2-4bd1-a376-d983f799cf4b')
[2026-04-16 01:49:26.732] local.info: [7.729ms] [rows:1] SELECT * FROM "document_categories" WHERE "document_categories"."id" = '1de6dcb1-c46b-466f-af65-bc4b8d75de05'
[2026-04-16 01:49:26.737] local.info: [12.856ms] [rows:5] SELECT * FROM "document_types" ORDER BY sort_order asc, created_at desc LIMIT 20
[2026-04-16 01:49:26.753] local.info: [21.029ms] [rows:1] SELECT * FROM "documents" WHERE id = '1cb5293d-d875-4bab-865b-85e18ccee4aa' AND deleted_at IS NULL ORDER BY "documents"."id" LIMIT 1
[2026-04-16 01:49:26.753] local.info: [21.082ms] [rows:1] SELECT * FROM "companies" WHERE "companies"."id" = '00000000-0000-0000-0000-000000000001'
[2026-04-16 01:49:26.753] local.info: [15.631ms] [rows:1] SELECT * FROM "users" WHERE "users"."id" = '00000000-0000-0000-0000-000000000099'
[2026-04-16 01:49:26.753] local.info: [28.790ms] [rows:3] SELECT * FROM "document_versions" WHERE document_id = '1cb5293d-d875-4bab-865b-85e18ccee4aa' ORDER BY version_number desc
[2026-04-16 01:49:26.773] local.info: [19.821ms] [rows:1] SELECT * FROM "users" WHERE "users"."id" = '00000000-0000-0000-0000-000000000099'
[2026-04-16 01:49:26.773] local.error: [20.146ms] [rows:0] SELECT * FROM "document_comments" WHERE (document_id = '1cb5293d-d875-4bab-865b-85e18ccee4aa' AND deleted_at IS NULL) AND parent_id IS NULL ORDER BY created_at desc	ERROR: column "parent_id" does not exist (SQLSTATE 42703)
[Trace] /Users/arivin29macmini/go/pkg/mod/github.com/goravel/framework@v1.17.2/log/writer.go:202 [log.(*Writer).withStackTrace]
/Users/arivin29macmini/go/pkg/mod/github.com/goravel/framework@v1.17.2/log/writer.go:65 [log.(*Writer).Errorf]
/Users/arivin29macmini/go/pkg/mod/github.com/goravel/framework@v1.17.2/database/db/logger.go:79 [db.(*Logger).Errorf]
/Users/arivin29macmini/go/pkg/mod/github.com/goravel/framework@v1.17.2/database/db/logger.go:102 [db.(*Logger).Trace]
/Users/arivin29macmini/go/pkg/mod/github.com/goravel/framework@v1.17.2/database/db/logger.go:153 [db.(*Gorm).Trace]
/Users/arivin29macmini/go/pkg/mod/gorm.io/gorm@v1.31.1/callbacks.go:140 [gorm.(*processor).Execute]
/Users/arivin29macmini/go/pkg/mod/gorm.io/gorm@v1.31.1/finisher_api.go:172 [gorm.(*DB).Find]
/Users/arivin29macmini/go/pkg/mod/github.com/goravel/framework@v1.17.2/database/gorm/query.go:270 [gorm.(*Query).Find]
/Users/arivin29macmini/go/pkg/mod/github.com/goravel/framework@v1.17.2/database/gorm/query.go:417 [gorm.(*Query).Get]
/Users/arivin29macmini/Documents/DEVETEK/BMS/dms/app/repositories/comment_repository.go:83 [repositories.(*commentRepository).List]
/Users/arivin29macmini/Documents/DEVETEK/BMS/dms/app/services/comment_service.go:73 [services.(*CommentService).List]
/Users/arivin29macmini/Documents/DEVETEK/BMS/dms/app/http/controllers/comment_controller.go:29 [controllers.(*CommentController).Index]
/Users/arivin29macmini/go/pkg/mod/github.com/goravel/gin@v1.17.0/utils.go:37 [gin.(*Group).Get.handlerToGinHandler.func1]
/Users/arivin29macmini/go/pkg/mod/github.com/gin-gonic/gin@v1.11.0/context.go:192 [gin.(*Context).Next]
/Users/arivin29macmini/go/pkg/mod/github.com/goravel/gin@v1.17.0/context_request.go:230 [gin.(*ContextRequest).Next]
/Users/arivin29macmini/go/pkg/mod/github.com/goravel/gin@v1.17.0/context_response.go:157 [gin.(*Route).init.ResponseMiddleware.func2]
/Users/arivin29macmini/go/pkg/mod/github.com/goravel/gin@v1.17.0/utils.go:54 [gin.(*Group).WithMiddlewares.middlewaresToGinHandlers.middlewareToGinHandler.func1]
/Users/arivin29macmini/go/pkg/mod/github.com/gin-gonic/gin@v1.11.0/context.go:192 [gin.(*Context).Next]
/Users/arivin29macmini/go/pkg/mod/github.com/goravel/gin@v1.17.0/context_request.go:230 [gin.(*ContextRequest).Next]
/Users/arivin29macmini/Documents/DEVETEK/BMS/dms/app/http/middleware/rbac.go:30 [routes.Api.func2.2.RequirePermission.85]
/Users/arivin29macmini/go/pkg/mod/github.com/goravel/gin@v1.17.0/utils.go:54 [gin.(*Group).WithMiddlewares.middlewaresToGinHandlers.middlewareToGinHandler.func1]
/Users/arivin29macmini/go/pkg/mod/github.com/gin-gonic/gin@v1.11.0/context.go:192 [gin.(*Context).Next]
/Users/arivin29macmini/go/pkg/mod/github.com/goravel/gin@v1.17.0/context_request.go:230 [gin.(*ContextRequest).Next]
/Users/arivin29macmini/Documents/DEVETEK/BMS/dms/app/http/middleware/scope.go:63 [routes.Api.func2.DataScope.5]
/Users/arivin29macmini/go/pkg/mod/github.com/goravel/gin@v1.17.0/utils.go:54 [gin.(*Group).WithMiddlewares.middlewaresToGinHandlers.middlewareToGinHandler.func1]
/Users/arivin29macmini/go/pkg/mod/github.com/gin-gonic/gin@v1.11.0/context.go:192 [gin.(*Context).Next]
/Users/arivin29macmini/go/pkg/mod/github.com/goravel/gin@v1.17.0/context_request.go:230 [gin.(*ContextRequest).Next]
/Users/arivin29macmini/Documents/DEVETEK/BMS/dms/app/http/middleware/auth.go:50 [routes.Api.func2.Auth.4]
/Users/arivin29macmini/go/pkg/mod/github.com/goravel/gin@v1.17.0/utils.go:54 [gin.(*Group).WithMiddlewares.middlewaresToGinHandlers.middlewareToGinHandler.func1]
/Users/arivin29macmini/go/pkg/mod/github.com/gin-gonic/gin@v1.11.0/context.go:192 [gin.(*Context).Next]
/Users/arivin29macmini/go/pkg/mod/github.com/goravel/gin@v1.17.0/context_request.go:230 [gin.(*ContextRequest).Next]
/Users/arivin29macmini/Documents/DEVETEK/BMS/dms/app/http/middleware/cors.go:27 [routes.Api.Cors.func5]
/Users/arivin29macmini/go/pkg/mod/github.com/goravel/gin@v1.17.0/utils.go:54 [gin.(*Group).WithMiddlewares.middlewaresToGinHandlers.middlewareToGinHandler.func1]
/Users/arivin29macmini/go/pkg/mod/github.com/gin-gonic/gin@v1.11.0/context.go:192 [gin.(*Context).Next]
/Users/arivin29macmini/go/pkg/mod/github.com/goravel/gin@v1.17.0/context_request.go:230 [gin.(*ContextRequest).Next]
/Users/arivin29macmini/go/pkg/mod/github.com/goravel/gin@v1.17.0/middleware_tls.go:18 [gin.NewRoute.Tls.func3]
/Users/arivin29macmini/go/pkg/mod/github.com/goravel/gin@v1.17.0/utils.go:54 [gin.(*Route).init.middlewaresToGinHandlers.middlewareToGinHandler.func3]
/Users/arivin29macmini/go/pkg/mod/github.com/gin-gonic/gin@v1.11.0/context.go:192 [gin.(*Context).Next]
/Users/arivin29macmini/go/pkg/mod/github.com/goravel/gin@v1.17.0/context_request.go:230 [gin.(*ContextRequest).Next]
/Users/arivin29macmini/go/pkg/mod/github.com/goravel/gin@v1.17.0/middleware_cors.go:63 [gin.NewRoute.Cors.func2]
/Users/arivin29macmini/go/pkg/mod/github.com/goravel/gin@v1.17.0/utils.go:54 [gin.(*Route).init.middlewaresToGinHandlers.middlewareToGinHandler.func3]
/Users/arivin29macmini/go/pkg/mod/github.com/gin-gonic/gin@v1.11.0/context.go:192 [gin.(*Context).Next]
/Users/arivin29macmini/go/pkg/mod/github.com/goravel/gin@v1.17.0/context_request.go:230 [gin.(*ContextRequest).Next]
[2026-04-16 01:49:26.793] local.info: [20.220ms] [rows:1] SELECT * FROM "departments" WHERE "departments"."id" = '00000000-0000-0000-0000-000000000003'
[2026-04-16 01:49:26.813] local.info: [19.440ms] [rows:1] SELECT * FROM "document_types" WHERE "document_types"."id" = '7367ca3d-eb1d-43dd-a115-cf3d2ceecdfa'
[2026-04-16 01:49:26.834] local.info: [20.391ms] [rows:1] SELECT * FROM "offices" WHERE "offices"."id" = '00000000-0000-0000-0000-000000000002'
[2026-04-16 01:49:26.853] local.info: [19.592ms] [rows:1] SELECT * FROM "document_templates" WHERE "document_templates"."id" = 'ef6ad65a-07d2-444b-951d-d197ee14c8a0'
[2026-04-16 01:49:26.853] local.info: [147.800ms] [rows:1] SELECT * FROM "documents" WHERE id = '1cb5293d-d875-4bab-865b-85e18ccee4aa' AND deleted_at IS NULL ORDER BY "documents"."id" LIMIT 1
[2026-04-16 01:49:39.69] local.info: [36.791ms] [rows:1] SELECT * FROM "users" WHERE id = '00000000-0000-0000-0000-000000000099' ORDER BY "users"."id" LIMIT 1
[2026-04-16 01:49:39.69] local.info: [26.346ms] [rows:1] SELECT * FROM "users" WHERE id = '00000000-0000-0000-0000-000000000099' ORDER BY "users"."id" LIMIT 1
[2026-04-16 01:49:39.69] local.info: [26.363ms] [rows:1] SELECT * FROM "users" WHERE id = '00000000-0000-0000-0000-000000000099' ORDER BY "users"."id" LIMIT 1
[2026-04-16 01:49:39.699] local.info: [35.434ms] [rows:1] SELECT * FROM "users" WHERE id = '00000000-0000-0000-0000-000000000099' ORDER BY "users"."id" LIMIT 1
[2026-04-16 01:49:39.699] local.info: [37.551ms] [rows:1] SELECT * FROM "users" WHERE id = '00000000-0000-0000-0000-000000000099' ORDER BY "users"."id" LIMIT 1
[2026-04-16 01:49:39.699] local.info: [35.908ms] [rows:1] SELECT * FROM "users" WHERE id = '00000000-0000-0000-0000-000000000099' ORDER BY "users"."id" LIMIT 1
[2026-04-16 01:49:39.699] local.info: [9.648ms] [rows:1] SELECT * FROM "user_roles" WHERE user_id = '00000000-0000-0000-0000-000000000099'
[2026-04-16 01:49:39.7] local.info: [9.660ms] [rows:1] SELECT * FROM "user_roles" WHERE user_id = '00000000-0000-0000-0000-000000000099'
[2026-04-16 01:49:39.706] local.info: [16.204ms] [rows:1] SELECT * FROM "user_roles" WHERE user_id = '00000000-0000-0000-0000-000000000099'
[2026-04-16 01:49:39.706] local.info: [7.188ms] [rows:1] SELECT * FROM "user_roles" WHERE user_id = '00000000-0000-0000-0000-000000000099'
[2026-04-16 01:49:39.711] local.info: [11.857ms] [rows:1] SELECT * FROM "user_roles" WHERE user_id = '00000000-0000-0000-0000-000000000099'
[2026-04-16 01:49:39.711] local.info: [11.951ms] [rows:1] SELECT * FROM "user_roles" WHERE user_id = '00000000-0000-0000-0000-000000000099'
[2026-04-16 01:49:39.725] local.info: [25.612ms] [rows:1] SELECT * FROM "roles" WHERE id IN ('68c46dfb-a565-4938-99d7-9fdd0acf8a7e')
[2026-04-16 01:49:39.725] local.info: [19.238ms] [rows:1] SELECT * FROM "roles" WHERE id IN ('68c46dfb-a565-4938-99d7-9fdd0acf8a7e')
[2026-04-16 01:49:39.725] local.info: [14.308ms] [rows:1] SELECT * FROM "roles" WHERE id IN ('68c46dfb-a565-4938-99d7-9fdd0acf8a7e')
[2026-04-16 01:49:39.725] local.info: [14.118ms] [rows:1] SELECT * FROM "roles" WHERE id IN ('68c46dfb-a565-4938-99d7-9fdd0acf8a7e')
[2026-04-16 01:49:39.726] local.info: [25.847ms] [rows:1] SELECT * FROM "roles" WHERE id IN ('68c46dfb-a565-4938-99d7-9fdd0acf8a7e')
[2026-04-16 01:49:39.726] local.info: [19.400ms] [rows:1] SELECT * FROM "roles" WHERE id IN ('68c46dfb-a565-4938-99d7-9fdd0acf8a7e')
[2026-04-16 01:49:39.739] local.info: [13.532ms] [rows:45] SELECT * FROM "role_permissions" WHERE role_id IN ('68c46dfb-a565-4938-99d7-9fdd0acf8a7e')
[2026-04-16 01:49:39.74] local.info: [14.426ms] [rows:45] SELECT * FROM "role_permissions" WHERE role_id IN ('68c46dfb-a565-4938-99d7-9fdd0acf8a7e')
[2026-04-16 01:49:39.747] local.info: [21.240ms] [rows:45] SELECT * FROM "role_permissions" WHERE role_id IN ('68c46dfb-a565-4938-99d7-9fdd0acf8a7e')
[2026-04-16 01:49:39.748] local.info: [21.912ms] [rows:45] SELECT * FROM "role_permissions" WHERE role_id IN ('68c46dfb-a565-4938-99d7-9fdd0acf8a7e')
[2026-04-16 01:49:39.749] local.info: [23.979ms] [rows:45] SELECT * FROM "role_permissions" WHERE role_id IN ('68c46dfb-a565-4938-99d7-9fdd0acf8a7e')
[2026-04-16 01:49:39.751] local.info: [24.910ms] [rows:45] SELECT * FROM "role_permissions" WHERE role_id IN ('68c46dfb-a565-4938-99d7-9fdd0acf8a7e')
[2026-04-16 01:49:39.753] local.info: [14.036ms] [rows:45] SELECT * FROM "permissions" WHERE id IN ('ab6da9f5-8b11-4644-9aaa-009b3b28a4ec','5daf3519-8949-4d26-b4bc-00c8b03f04fe','91166846-7ec1-42de-b134-ce141c3a9d7d','28c919a4-3744-4931-805a-a219892adbe3','789e0c77-5a0c-4ea7-a2e1-606803a6e2bd','6cd9d7a8-34ac-4740-9bc1-aa386ae6de38','8d2454fc-6567-46f9-8527-5843c7142e3c','cf81b7d4-096a-435a-b515-ad3f779199b8','82188518-37d9-45c0-9bca-b0d202cc9449','c01ff63f-6e93-4a78-8e50-87af96ab4a89','a14b8e8b-3f32-475f-8a47-5d33dab3042e','653cb315-36f1-4697-90e4-329900532da2','217d2f9d-5606-432f-99aa-bd6fb720b45f','328bd207-61d6-40ab-9d1d-bbe31ba63a3e','9b3cb586-a24f-4353-8c5a-6a860eba7357','a9280ee9-eb73-4cfb-8092-80f4c2cc5529','e225de9e-e14e-4219-a638-44d136be5613','46c78359-bdb4-421e-9182-d1d095921f20','b0aabdc2-3a7f-496c-a902-ee468671cf24','f4e500e8-45dd-4eeb-8b47-c97d832f18b2','00f63f53-4009-405a-9736-eff543475f78','31cb98ec-4d68-460a-8a6b-1566b0356cb5','29033b15-df4d-4afe-b261-d9f9d978215b','770de03c-008e-4352-915b-dbad46394b3e','386b4440-e446-4a4c-bbf2-2df0b3d482e7','764434f1-f401-4cec-b0a5-94c50e4c10bb','f8315a47-3595-4af7-afca-831deb36ae44','16b41fad-47bb-456e-818a-0e17a10696d3','7dba2974-eed0-4a24-8090-13ce49e8ae9c','2107c201-e779-4d54-b9d8-e77e63506727','540fda97-9bb5-45a3-8677-e5494a35f98d','8db21bed-0a56-4384-b989-46c85bf60a4a','b64fe46a-25b2-4780-b910-8897bab331d1','04b0026e-ed12-4e5e-85e2-1ed905581184','c4b26668-789f-4117-b9af-34719df71955','06cf74d1-3ae5-4aee-8048-5fab3132f2ba','5ce4a39b-7e40-4486-b5d7-7f910cb36590','b23b7eaa-6c87-413b-b144-42b7afafd4df','f033f831-0ad6-4654-b9cc-9ad6f8c92e8c','af282aaf-606b-4d5f-9ef8-070dc205befb','24c1e762-e92d-485c-ab51-7bd8574e8cb1','2d68eaae-a710-43ae-b278-b376f0865788','21fdd8fe-78d5-4ce1-ae83-7df1ebfc6f56','23922b05-5fbd-49fd-8f6e-3847cabd2503','5c53b1b4-f8e2-4bd1-a376-d983f799cf4b')
[2026-04-16 01:49:39.758] local.info: [18.180ms] [rows:45] SELECT * FROM "permissions" WHERE id IN ('ab6da9f5-8b11-4644-9aaa-009b3b28a4ec','5daf3519-8949-4d26-b4bc-00c8b03f04fe','91166846-7ec1-42de-b134-ce141c3a9d7d','28c919a4-3744-4931-805a-a219892adbe3','789e0c77-5a0c-4ea7-a2e1-606803a6e2bd','6cd9d7a8-34ac-4740-9bc1-aa386ae6de38','8d2454fc-6567-46f9-8527-5843c7142e3c','cf81b7d4-096a-435a-b515-ad3f779199b8','82188518-37d9-45c0-9bca-b0d202cc9449','c01ff63f-6e93-4a78-8e50-87af96ab4a89','a14b8e8b-3f32-475f-8a47-5d33dab3042e','653cb315-36f1-4697-90e4-329900532da2','217d2f9d-5606-432f-99aa-bd6fb720b45f','328bd207-61d6-40ab-9d1d-bbe31ba63a3e','9b3cb586-a24f-4353-8c5a-6a860eba7357','a9280ee9-eb73-4cfb-8092-80f4c2cc5529','e225de9e-e14e-4219-a638-44d136be5613','46c78359-bdb4-421e-9182-d1d095921f20','b0aabdc2-3a7f-496c-a902-ee468671cf24','f4e500e8-45dd-4eeb-8b47-c97d832f18b2','00f63f53-4009-405a-9736-eff543475f78','31cb98ec-4d68-460a-8a6b-1566b0356cb5','29033b15-df4d-4afe-b261-d9f9d978215b','770de03c-008e-4352-915b-dbad46394b3e','386b4440-e446-4a4c-bbf2-2df0b3d482e7','764434f1-f401-4cec-b0a5-94c50e4c10bb','f8315a47-3595-4af7-afca-831deb36ae44','16b41fad-47bb-456e-818a-0e17a10696d3','7dba2974-eed0-4a24-8090-13ce49e8ae9c','2107c201-e779-4d54-b9d8-e77e63506727','540fda97-9bb5-45a3-8677-e5494a35f98d','8db21bed-0a56-4384-b989-46c85bf60a4a','b64fe46a-25b2-4780-b910-8897bab331d1','04b0026e-ed12-4e5e-85e2-1ed905581184','c4b26668-789f-4117-b9af-34719df71955','06cf74d1-3ae5-4aee-8048-5fab3132f2ba','5ce4a39b-7e40-4486-b5d7-7f910cb36590','b23b7eaa-6c87-413b-b144-42b7afafd4df','f033f831-0ad6-4654-b9cc-9ad6f8c92e8c','af282aaf-606b-4d5f-9ef8-070dc205befb','24c1e762-e92d-485c-ab51-7bd8574e8cb1','2d68eaae-a710-43ae-b278-b376f0865788','21fdd8fe-78d5-4ce1-ae83-7df1ebfc6f56','23922b05-5fbd-49fd-8f6e-3847cabd2503','5c53b1b4-f8e2-4bd1-a376-d983f799cf4b')
[2026-04-16 01:49:39.759] local.info: [11.918ms] [rows:45] SELECT * FROM "permissions" WHERE id IN ('ab6da9f5-8b11-4644-9aaa-009b3b28a4ec','5daf3519-8949-4d26-b4bc-00c8b03f04fe','91166846-7ec1-42de-b134-ce141c3a9d7d','28c919a4-3744-4931-805a-a219892adbe3','789e0c77-5a0c-4ea7-a2e1-606803a6e2bd','6cd9d7a8-34ac-4740-9bc1-aa386ae6de38','8d2454fc-6567-46f9-8527-5843c7142e3c','cf81b7d4-096a-435a-b515-ad3f779199b8','82188518-37d9-45c0-9bca-b0d202cc9449','c01ff63f-6e93-4a78-8e50-87af96ab4a89','a14b8e8b-3f32-475f-8a47-5d33dab3042e','653cb315-36f1-4697-90e4-329900532da2','217d2f9d-5606-432f-99aa-bd6fb720b45f','328bd207-61d6-40ab-9d1d-bbe31ba63a3e','9b3cb586-a24f-4353-8c5a-6a860eba7357','a9280ee9-eb73-4cfb-8092-80f4c2cc5529','e225de9e-e14e-4219-a638-44d136be5613','46c78359-bdb4-421e-9182-d1d095921f20','b0aabdc2-3a7f-496c-a902-ee468671cf24','f4e500e8-45dd-4eeb-8b47-c97d832f18b2','00f63f53-4009-405a-9736-eff543475f78','31cb98ec-4d68-460a-8a6b-1566b0356cb5','29033b15-df4d-4afe-b261-d9f9d978215b','770de03c-008e-4352-915b-dbad46394b3e','386b4440-e446-4a4c-bbf2-2df0b3d482e7','764434f1-f401-4cec-b0a5-94c50e4c10bb','f8315a47-3595-4af7-afca-831deb36ae44','16b41fad-47bb-456e-818a-0e17a10696d3','7dba2974-eed0-4a24-8090-13ce49e8ae9c','2107c201-e779-4d54-b9d8-e77e63506727','540fda97-9bb5-45a3-8677-e5494a35f98d','8db21bed-0a56-4384-b989-46c85bf60a4a','b64fe46a-25b2-4780-b910-8897bab331d1','04b0026e-ed12-4e5e-85e2-1ed905581184','c4b26668-789f-4117-b9af-34719df71955','06cf74d1-3ae5-4aee-8048-5fab3132f2ba','5ce4a39b-7e40-4486-b5d7-7f910cb36590','b23b7eaa-6c87-413b-b144-42b7afafd4df','f033f831-0ad6-4654-b9cc-9ad6f8c92e8c','af282aaf-606b-4d5f-9ef8-070dc205befb','24c1e762-e92d-485c-ab51-7bd8574e8cb1','2d68eaae-a710-43ae-b278-b376f0865788','21fdd8fe-78d5-4ce1-ae83-7df1ebfc6f56','23922b05-5fbd-49fd-8f6e-3847cabd2503','5c53b1b4-f8e2-4bd1-a376-d983f799cf4b')
[2026-04-16 01:49:39.762] local.info: [13.884ms] [rows:45] SELECT * FROM "permissions" WHERE id IN ('ab6da9f5-8b11-4644-9aaa-009b3b28a4ec','5daf3519-8949-4d26-b4bc-00c8b03f04fe','91166846-7ec1-42de-b134-ce141c3a9d7d','28c919a4-3744-4931-805a-a219892adbe3','789e0c77-5a0c-4ea7-a2e1-606803a6e2bd','6cd9d7a8-34ac-4740-9bc1-aa386ae6de38','8d2454fc-6567-46f9-8527-5843c7142e3c','cf81b7d4-096a-435a-b515-ad3f779199b8','82188518-37d9-45c0-9bca-b0d202cc9449','c01ff63f-6e93-4a78-8e50-87af96ab4a89','a14b8e8b-3f32-475f-8a47-5d33dab3042e','653cb315-36f1-4697-90e4-329900532da2','217d2f9d-5606-432f-99aa-bd6fb720b45f','328bd207-61d6-40ab-9d1d-bbe31ba63a3e','9b3cb586-a24f-4353-8c5a-6a860eba7357','a9280ee9-eb73-4cfb-8092-80f4c2cc5529','e225de9e-e14e-4219-a638-44d136be5613','46c78359-bdb4-421e-9182-d1d095921f20','b0aabdc2-3a7f-496c-a902-ee468671cf24','f4e500e8-45dd-4eeb-8b47-c97d832f18b2','00f63f53-4009-405a-9736-eff543475f78','31cb98ec-4d68-460a-8a6b-1566b0356cb5','29033b15-df4d-4afe-b261-d9f9d978215b','770de03c-008e-4352-915b-dbad46394b3e','386b4440-e446-4a4c-bbf2-2df0b3d482e7','764434f1-f401-4cec-b0a5-94c50e4c10bb','f8315a47-3595-4af7-afca-831deb36ae44','16b41fad-47bb-456e-818a-0e17a10696d3','7dba2974-eed0-4a24-8090-13ce49e8ae9c','2107c201-e779-4d54-b9d8-e77e63506727','540fda97-9bb5-45a3-8677-e5494a35f98d','8db21bed-0a56-4384-b989-46c85bf60a4a','b64fe46a-25b2-4780-b910-8897bab331d1','04b0026e-ed12-4e5e-85e2-1ed905581184','c4b26668-789f-4117-b9af-34719df71955','06cf74d1-3ae5-4aee-8048-5fab3132f2ba','5ce4a39b-7e40-4486-b5d7-7f910cb36590','b23b7eaa-6c87-413b-b144-42b7afafd4df','f033f831-0ad6-4654-b9cc-9ad6f8c92e8c','af282aaf-606b-4d5f-9ef8-070dc205befb','24c1e762-e92d-485c-ab51-7bd8574e8cb1','2d68eaae-a710-43ae-b278-b376f0865788','21fdd8fe-78d5-4ce1-ae83-7df1ebfc6f56','23922b05-5fbd-49fd-8f6e-3847cabd2503','5c53b1b4-f8e2-4bd1-a376-d983f799cf4b')
[2026-04-16 01:49:39.766] local.info: [16.846ms] [rows:45] SELECT * FROM "permissions" WHERE id IN ('ab6da9f5-8b11-4644-9aaa-009b3b28a4ec','5daf3519-8949-4d26-b4bc-00c8b03f04fe','91166846-7ec1-42de-b134-ce141c3a9d7d','28c919a4-3744-4931-805a-a219892adbe3','789e0c77-5a0c-4ea7-a2e1-606803a6e2bd','6cd9d7a8-34ac-4740-9bc1-aa386ae6de38','8d2454fc-6567-46f9-8527-5843c7142e3c','cf81b7d4-096a-435a-b515-ad3f779199b8','82188518-37d9-45c0-9bca-b0d202cc9449','c01ff63f-6e93-4a78-8e50-87af96ab4a89','a14b8e8b-3f32-475f-8a47-5d33dab3042e','653cb315-36f1-4697-90e4-329900532da2','217d2f9d-5606-432f-99aa-bd6fb720b45f','328bd207-61d6-40ab-9d1d-bbe31ba63a3e','9b3cb586-a24f-4353-8c5a-6a860eba7357','a9280ee9-eb73-4cfb-8092-80f4c2cc5529','e225de9e-e14e-4219-a638-44d136be5613','46c78359-bdb4-421e-9182-d1d095921f20','b0aabdc2-3a7f-496c-a902-ee468671cf24','f4e500e8-45dd-4eeb-8b47-c97d832f18b2','00f63f53-4009-405a-9736-eff543475f78','31cb98ec-4d68-460a-8a6b-1566b0356cb5','29033b15-df4d-4afe-b261-d9f9d978215b','770de03c-008e-4352-915b-dbad46394b3e','386b4440-e446-4a4c-bbf2-2df0b3d482e7','764434f1-f401-4cec-b0a5-94c50e4c10bb','f8315a47-3595-4af7-afca-831deb36ae44','16b41fad-47bb-456e-818a-0e17a10696d3','7dba2974-eed0-4a24-8090-13ce49e8ae9c','2107c201-e779-4d54-b9d8-e77e63506727','540fda97-9bb5-45a3-8677-e5494a35f98d','8db21bed-0a56-4384-b989-46c85bf60a4a','b64fe46a-25b2-4780-b910-8897bab331d1','04b0026e-ed12-4e5e-85e2-1ed905581184','c4b26668-789f-4117-b9af-34719df71955','06cf74d1-3ae5-4aee-8048-5fab3132f2ba','5ce4a39b-7e40-4486-b5d7-7f910cb36590','b23b7eaa-6c87-413b-b144-42b7afafd4df','f033f831-0ad6-4654-b9cc-9ad6f8c92e8c','af282aaf-606b-4d5f-9ef8-070dc205befb','24c1e762-e92d-485c-ab51-7bd8574e8cb1','2d68eaae-a710-43ae-b278-b376f0865788','21fdd8fe-78d5-4ce1-ae83-7df1ebfc6f56','23922b05-5fbd-49fd-8f6e-3847cabd2503','5c53b1b4-f8e2-4bd1-a376-d983f799cf4b')
[2026-04-16 01:49:39.772] local.info: [18.394ms] [rows:0] SELECT * FROM "workflow_instances" WHERE document_id = '1cb5293d-d875-4bab-865b-85e18ccee4aa' AND status = 'active' ORDER BY "workflow_instances"."id" LIMIT 1
[2026-04-16 01:49:39.772] local.info: [12.668ms] [rows:1] SELECT count(*) FROM "document_types"
[2026-04-16 01:49:39.772] local.info: [21.000ms] [rows:45] SELECT * FROM "permissions" WHERE id IN ('ab6da9f5-8b11-4644-9aaa-009b3b28a4ec','5daf3519-8949-4d26-b4bc-00c8b03f04fe','91166846-7ec1-42de-b134-ce141c3a9d7d','28c919a4-3744-4931-805a-a219892adbe3','789e0c77-5a0c-4ea7-a2e1-606803a6e2bd','6cd9d7a8-34ac-4740-9bc1-aa386ae6de38','8d2454fc-6567-46f9-8527-5843c7142e3c','cf81b7d4-096a-435a-b515-ad3f779199b8','82188518-37d9-45c0-9bca-b0d202cc9449','c01ff63f-6e93-4a78-8e50-87af96ab4a89','a14b8e8b-3f32-475f-8a47-5d33dab3042e','653cb315-36f1-4697-90e4-329900532da2','217d2f9d-5606-432f-99aa-bd6fb720b45f','328bd207-61d6-40ab-9d1d-bbe31ba63a3e','9b3cb586-a24f-4353-8c5a-6a860eba7357','a9280ee9-eb73-4cfb-8092-80f4c2cc5529','e225de9e-e14e-4219-a638-44d136be5613','46c78359-bdb4-421e-9182-d1d095921f20','b0aabdc2-3a7f-496c-a902-ee468671cf24','f4e500e8-45dd-4eeb-8b47-c97d832f18b2','00f63f53-4009-405a-9736-eff543475f78','31cb98ec-4d68-460a-8a6b-1566b0356cb5','29033b15-df4d-4afe-b261-d9f9d978215b','770de03c-008e-4352-915b-dbad46394b3e','386b4440-e446-4a4c-bbf2-2df0b3d482e7','764434f1-f401-4cec-b0a5-94c50e4c10bb','f8315a47-3595-4af7-afca-831deb36ae44','16b41fad-47bb-456e-818a-0e17a10696d3','7dba2974-eed0-4a24-8090-13ce49e8ae9c','2107c201-e779-4d54-b9d8-e77e63506727','540fda97-9bb5-45a3-8677-e5494a35f98d','8db21bed-0a56-4384-b989-46c85bf60a4a','b64fe46a-25b2-4780-b910-8897bab331d1','04b0026e-ed12-4e5e-85e2-1ed905581184','c4b26668-789f-4117-b9af-34719df71955','06cf74d1-3ae5-4aee-8048-5fab3132f2ba','5ce4a39b-7e40-4486-b5d7-7f910cb36590','b23b7eaa-6c87-413b-b144-42b7afafd4df','f033f831-0ad6-4654-b9cc-9ad6f8c92e8c','af282aaf-606b-4d5f-9ef8-070dc205befb','24c1e762-e92d-485c-ab51-7bd8574e8cb1','2d68eaae-a710-43ae-b278-b376f0865788','21fdd8fe-78d5-4ce1-ae83-7df1ebfc6f56','23922b05-5fbd-49fd-8f6e-3847cabd2503','5c53b1b4-f8e2-4bd1-a376-d983f799cf4b')
[2026-04-16 01:49:39.775] local.info: [12.798ms] [rows:1] SELECT count(*) FROM "notifications" WHERE user_id = '00000000-0000-0000-0000-000000000099' AND is_read = false
[2026-04-16 01:49:39.775] local.info: [16.575ms] [rows:1] SELECT * FROM "documents" WHERE id = '1cb5293d-d875-4bab-865b-85e18ccee4aa' AND deleted_at IS NULL ORDER BY "documents"."id" LIMIT 1
[2026-04-16 01:49:39.782] local.info: [10.367ms] [rows:5] SELECT * FROM "document_types" ORDER BY sort_order asc, created_at desc LIMIT 20
[2026-04-16 01:49:39.793] local.info: [18.499ms] [rows:1] SELECT * FROM "documents" WHERE id = '1cb5293d-d875-4bab-865b-85e18ccee4aa' AND deleted_at IS NULL ORDER BY "documents"."id" LIMIT 1
[2026-04-16 01:49:39.793] local.info: [11.454ms] [rows:1] SELECT * FROM "document_categories" WHERE "document_categories"."id" = '1de6dcb1-c46b-466f-af65-bc4b8d75de05'
[2026-04-16 01:49:39.814] local.info: [21.146ms] [rows:1] SELECT * FROM "users" WHERE "users"."id" = '00000000-0000-0000-0000-000000000099'
[2026-04-16 01:49:39.814] local.info: [21.079ms] [rows:1] SELECT * FROM "companies" WHERE "companies"."id" = '00000000-0000-0000-0000-000000000001'
[2026-04-16 01:49:39.814] local.error: [21.213ms] [rows:0] SELECT * FROM "document_comments" WHERE (document_id = '1cb5293d-d875-4bab-865b-85e18ccee4aa' AND deleted_at IS NULL) AND parent_id IS NULL ORDER BY created_at desc	ERROR: column "parent_id" does not exist (SQLSTATE 42703)
[Trace] /Users/arivin29macmini/go/pkg/mod/github.com/goravel/framework@v1.17.2/log/writer.go:202 [log.(*Writer).withStackTrace]
/Users/arivin29macmini/go/pkg/mod/github.com/goravel/framework@v1.17.2/log/writer.go:65 [log.(*Writer).Errorf]
/Users/arivin29macmini/go/pkg/mod/github.com/goravel/framework@v1.17.2/database/db/logger.go:79 [db.(*Logger).Errorf]
/Users/arivin29macmini/go/pkg/mod/github.com/goravel/framework@v1.17.2/database/db/logger.go:102 [db.(*Logger).Trace]
/Users/arivin29macmini/go/pkg/mod/github.com/goravel/framework@v1.17.2/database/db/logger.go:153 [db.(*Gorm).Trace]
/Users/arivin29macmini/go/pkg/mod/gorm.io/gorm@v1.31.1/callbacks.go:140 [gorm.(*processor).Execute]
/Users/arivin29macmini/go/pkg/mod/gorm.io/gorm@v1.31.1/finisher_api.go:172 [gorm.(*DB).Find]
/Users/arivin29macmini/go/pkg/mod/github.com/goravel/framework@v1.17.2/database/gorm/query.go:270 [gorm.(*Query).Find]
/Users/arivin29macmini/go/pkg/mod/github.com/goravel/framework@v1.17.2/database/gorm/query.go:417 [gorm.(*Query).Get]
/Users/arivin29macmini/Documents/DEVETEK/BMS/dms/app/repositories/comment_repository.go:83 [repositories.(*commentRepository).List]
/Users/arivin29macmini/Documents/DEVETEK/BMS/dms/app/services/comment_service.go:73 [services.(*CommentService).List]
/Users/arivin29macmini/Documents/DEVETEK/BMS/dms/app/http/controllers/comment_controller.go:29 [controllers.(*CommentController).Index]
/Users/arivin29macmini/go/pkg/mod/github.com/goravel/gin@v1.17.0/utils.go:37 [gin.(*Group).Get.handlerToGinHandler.func1]
/Users/arivin29macmini/go/pkg/mod/github.com/gin-gonic/gin@v1.11.0/context.go:192 [gin.(*Context).Next]
/Users/arivin29macmini/go/pkg/mod/github.com/goravel/gin@v1.17.0/context_request.go:230 [gin.(*ContextRequest).Next]
/Users/arivin29macmini/go/pkg/mod/github.com/goravel/gin@v1.17.0/context_response.go:157 [gin.(*Route).init.ResponseMiddleware.func2]
/Users/arivin29macmini/go/pkg/mod/github.com/goravel/gin@v1.17.0/utils.go:54 [gin.(*Group).WithMiddlewares.middlewaresToGinHandlers.middlewareToGinHandler.func1]
/Users/arivin29macmini/go/pkg/mod/github.com/gin-gonic/gin@v1.11.0/context.go:192 [gin.(*Context).Next]
/Users/arivin29macmini/go/pkg/mod/github.com/goravel/gin@v1.17.0/context_request.go:230 [gin.(*ContextRequest).Next]
/Users/arivin29macmini/Documents/DEVETEK/BMS/dms/app/http/middleware/rbac.go:30 [routes.Api.func2.2.RequirePermission.85]
/Users/arivin29macmini/go/pkg/mod/github.com/goravel/gin@v1.17.0/utils.go:54 [gin.(*Group).WithMiddlewares.middlewaresToGinHandlers.middlewareToGinHandler.func1]
/Users/arivin29macmini/go/pkg/mod/github.com/gin-gonic/gin@v1.11.0/context.go:192 [gin.(*Context).Next]
/Users/arivin29macmini/go/pkg/mod/github.com/goravel/gin@v1.17.0/context_request.go:230 [gin.(*ContextRequest).Next]
/Users/arivin29macmini/Documents/DEVETEK/BMS/dms/app/http/middleware/scope.go:63 [routes.Api.func2.DataScope.5]
/Users/arivin29macmini/go/pkg/mod/github.com/goravel/gin@v1.17.0/utils.go:54 [gin.(*Group).WithMiddlewares.middlewaresToGinHandlers.middlewareToGinHandler.func1]
/Users/arivin29macmini/go/pkg/mod/github.com/gin-gonic/gin@v1.11.0/context.go:192 [gin.(*Context).Next]
/Users/arivin29macmini/go/pkg/mod/github.com/goravel/gin@v1.17.0/context_request.go:230 [gin.(*ContextRequest).Next]
/Users/arivin29macmini/Documents/DEVETEK/BMS/dms/app/http/middleware/auth.go:50 [routes.Api.func2.Auth.4]
/Users/arivin29macmini/go/pkg/mod/github.com/goravel/gin@v1.17.0/utils.go:54 [gin.(*Group).WithMiddlewares.middlewaresToGinHandlers.middlewareToGinHandler.func1]
/Users/arivin29macmini/go/pkg/mod/github.com/gin-gonic/gin@v1.11.0/context.go:192 [gin.(*Context).Next]
/Users/arivin29macmini/go/pkg/mod/github.com/goravel/gin@v1.17.0/context_request.go:230 [gin.(*ContextRequest).Next]
/Users/arivin29macmini/Documents/DEVETEK/BMS/dms/app/http/middleware/cors.go:27 [routes.Api.Cors.func5]
/Users/arivin29macmini/go/pkg/mod/github.com/goravel/gin@v1.17.0/utils.go:54 [gin.(*Group).WithMiddlewares.middlewaresToGinHandlers.middlewareToGinHandler.func1]
/Users/arivin29macmini/go/pkg/mod/github.com/gin-gonic/gin@v1.11.0/context.go:192 [gin.(*Context).Next]
/Users/arivin29macmini/go/pkg/mod/github.com/goravel/gin@v1.17.0/context_request.go:230 [gin.(*ContextRequest).Next]
/Users/arivin29macmini/go/pkg/mod/github.com/goravel/gin@v1.17.0/middleware_tls.go:18 [gin.NewRoute.Tls.func3]
/Users/arivin29macmini/go/pkg/mod/github.com/goravel/gin@v1.17.0/utils.go:54 [gin.(*Route).init.middlewaresToGinHandlers.middlewareToGinHandler.func3]
/Users/arivin29macmini/go/pkg/mod/github.com/gin-gonic/gin@v1.11.0/context.go:192 [gin.(*Context).Next]
/Users/arivin29macmini/go/pkg/mod/github.com/goravel/gin@v1.17.0/context_request.go:230 [gin.(*ContextRequest).Next]
/Users/arivin29macmini/go/pkg/mod/github.com/goravel/gin@v1.17.0/middleware_cors.go:63 [gin.NewRoute.Cors.func2]
/Users/arivin29macmini/go/pkg/mod/github.com/goravel/gin@v1.17.0/utils.go:54 [gin.(*Route).init.middlewaresToGinHandlers.middlewareToGinHandler.func3]
/Users/arivin29macmini/go/pkg/mod/github.com/gin-gonic/gin@v1.11.0/context.go:192 [gin.(*Context).Next]
/Users/arivin29macmini/go/pkg/mod/github.com/goravel/gin@v1.17.0/context_request.go:230 [gin.(*ContextRequest).Next]
[2026-04-16 01:49:39.814] local.info: [39.329ms] [rows:3] SELECT * FROM "document_versions" WHERE document_id = '1cb5293d-d875-4bab-865b-85e18ccee4aa' ORDER BY version_number desc
[2026-04-16 01:49:39.833] local.info: [18.744ms] [rows:1] SELECT * FROM "users" WHERE "users"."id" = '00000000-0000-0000-0000-000000000099'
[2026-04-16 01:49:39.853] local.info: [20.083ms] [rows:1] SELECT * FROM "departments" WHERE "departments"."id" = '00000000-0000-0000-0000-000000000003'
[2026-04-16 01:49:39.874] local.info: [20.671ms] [rows:1] SELECT * FROM "document_types" WHERE "document_types"."id" = '7367ca3d-eb1d-43dd-a115-cf3d2ceecdfa'
[2026-04-16 01:49:39.893] local.info: [18.994ms] [rows:1] SELECT * FROM "offices" WHERE "offices"."id" = '00000000-0000-0000-0000-000000000002'
[2026-04-16 01:49:39.913] local.info: [20.012ms] [rows:1] SELECT * FROM "document_templates" WHERE "document_templates"."id" = 'ef6ad65a-07d2-444b-951d-d197ee14c8a0'
[2026-04-16 01:49:39.913] local.info: [146.838ms] [rows:1] SELECT * FROM "documents" WHERE id = '1cb5293d-d875-4bab-865b-85e18ccee4aa' AND deleted_at IS NULL ORDER BY "documents"."id" LIMIT 1
[2026-04-16 01:49:44.831] local.info: [16.694ms] [rows:1] SELECT * FROM "users" WHERE id = '00000000-0000-0000-0000-000000000099' ORDER BY "users"."id" LIMIT 1
[2026-04-16 01:49:44.831] local.info: [21.365ms] [rows:1] SELECT * FROM "users" WHERE id = '00000000-0000-0000-0000-000000000099' ORDER BY "users"."id" LIMIT 1
[2026-04-16 01:49:44.832] local.info: [21.531ms] [rows:1] SELECT * FROM "users" WHERE id = '00000000-0000-0000-0000-000000000099' ORDER BY "users"."id" LIMIT 1
[2026-04-16 01:49:44.839] local.info: [23.632ms] [rows:1] SELECT * FROM "users" WHERE id = '00000000-0000-0000-0000-000000000099' ORDER BY "users"."id" LIMIT 1
[2026-04-16 01:49:44.838] local.info: [7.021ms] [rows:1] SELECT * FROM "user_roles" WHERE user_id = '00000000-0000-0000-0000-000000000099'
[2026-04-16 01:49:44.838] local.info: [23.707ms] [rows:1] SELECT * FROM "users" WHERE id = '00000000-0000-0000-0000-000000000099' ORDER BY "users"."id" LIMIT 1
[2026-04-16 01:49:44.838] local.info: [23.796ms] [rows:1] SELECT * FROM "users" WHERE id = '00000000-0000-0000-0000-000000000099' ORDER BY "users"."id" LIMIT 1
[2026-04-16 01:49:44.838] local.info: [6.736ms] [rows:1] SELECT * FROM "user_roles" WHERE user_id = '00000000-0000-0000-0000-000000000099'
[2026-04-16 01:49:44.847] local.info: [7.722ms] [rows:1] SELECT * FROM "roles" WHERE id IN ('68c46dfb-a565-4938-99d7-9fdd0acf8a7e')
[2026-04-16 01:49:44.847] local.info: [7.942ms] [rows:1] SELECT * FROM "user_roles" WHERE user_id = '00000000-0000-0000-0000-000000000099'
[2026-04-16 01:49:44.847] local.info: [15.106ms] [rows:1] SELECT * FROM "user_roles" WHERE user_id = '00000000-0000-0000-0000-000000000099'
[2026-04-16 01:49:44.847] local.info: [8.019ms] [rows:1] SELECT * FROM "user_roles" WHERE user_id = '00000000-0000-0000-0000-000000000099'
[2026-04-16 01:49:44.847] local.info: [8.055ms] [rows:1] SELECT * FROM "user_roles" WHERE user_id = '00000000-0000-0000-0000-000000000099'
[2026-04-16 01:49:44.856] local.info: [9.642ms] [rows:1] SELECT * FROM "roles" WHERE id IN ('68c46dfb-a565-4938-99d7-9fdd0acf8a7e')
[2026-04-16 01:49:44.856] local.info: [9.269ms] [rows:1] SELECT * FROM "roles" WHERE id IN ('68c46dfb-a565-4938-99d7-9fdd0acf8a7e')
[2026-04-16 01:49:44.856] local.info: [17.140ms] [rows:1] SELECT * FROM "roles" WHERE id IN ('68c46dfb-a565-4938-99d7-9fdd0acf8a7e')
[2026-04-16 01:49:44.856] local.info: [9.099ms] [rows:1] SELECT * FROM "roles" WHERE id IN ('68c46dfb-a565-4938-99d7-9fdd0acf8a7e')
[2026-04-16 01:49:44.856] local.info: [9.605ms] [rows:1] SELECT * FROM "roles" WHERE id IN ('68c46dfb-a565-4938-99d7-9fdd0acf8a7e')
[2026-04-16 01:49:44.863] local.info: [16.152ms] [rows:45] SELECT * FROM "role_permissions" WHERE role_id IN ('68c46dfb-a565-4938-99d7-9fdd0acf8a7e')
[2026-04-16 01:49:44.864] local.info: [7.382ms] [rows:45] SELECT * FROM "role_permissions" WHERE role_id IN ('68c46dfb-a565-4938-99d7-9fdd0acf8a7e')
[2026-04-16 01:49:44.868] local.info: [11.802ms] [rows:45] SELECT * FROM "role_permissions" WHERE role_id IN ('68c46dfb-a565-4938-99d7-9fdd0acf8a7e')
[2026-04-16 01:49:44.869] local.info: [12.202ms] [rows:45] SELECT * FROM "role_permissions" WHERE role_id IN ('68c46dfb-a565-4938-99d7-9fdd0acf8a7e')
[2026-04-16 01:49:44.869] local.info: [12.788ms] [rows:45] SELECT * FROM "role_permissions" WHERE role_id IN ('68c46dfb-a565-4938-99d7-9fdd0acf8a7e')
[2026-04-16 01:49:44.872] local.info: [15.003ms] [rows:45] SELECT * FROM "role_permissions" WHERE role_id IN ('68c46dfb-a565-4938-99d7-9fdd0acf8a7e')
[2026-04-16 01:49:44.874] local.info: [11.111ms] [rows:45] SELECT * FROM "permissions" WHERE id IN ('ab6da9f5-8b11-4644-9aaa-009b3b28a4ec','5daf3519-8949-4d26-b4bc-00c8b03f04fe','91166846-7ec1-42de-b134-ce141c3a9d7d','28c919a4-3744-4931-805a-a219892adbe3','789e0c77-5a0c-4ea7-a2e1-606803a6e2bd','6cd9d7a8-34ac-4740-9bc1-aa386ae6de38','8d2454fc-6567-46f9-8527-5843c7142e3c','cf81b7d4-096a-435a-b515-ad3f779199b8','82188518-37d9-45c0-9bca-b0d202cc9449','c01ff63f-6e93-4a78-8e50-87af96ab4a89','a14b8e8b-3f32-475f-8a47-5d33dab3042e','653cb315-36f1-4697-90e4-329900532da2','217d2f9d-5606-432f-99aa-bd6fb720b45f','328bd207-61d6-40ab-9d1d-bbe31ba63a3e','9b3cb586-a24f-4353-8c5a-6a860eba7357','a9280ee9-eb73-4cfb-8092-80f4c2cc5529','e225de9e-e14e-4219-a638-44d136be5613','46c78359-bdb4-421e-9182-d1d095921f20','b0aabdc2-3a7f-496c-a902-ee468671cf24','f4e500e8-45dd-4eeb-8b47-c97d832f18b2','00f63f53-4009-405a-9736-eff543475f78','31cb98ec-4d68-460a-8a6b-1566b0356cb5','29033b15-df4d-4afe-b261-d9f9d978215b','770de03c-008e-4352-915b-dbad46394b3e','386b4440-e446-4a4c-bbf2-2df0b3d482e7','764434f1-f401-4cec-b0a5-94c50e4c10bb','f8315a47-3595-4af7-afca-831deb36ae44','16b41fad-47bb-456e-818a-0e17a10696d3','7dba2974-eed0-4a24-8090-13ce49e8ae9c','2107c201-e779-4d54-b9d8-e77e63506727','540fda97-9bb5-45a3-8677-e5494a35f98d','8db21bed-0a56-4384-b989-46c85bf60a4a','b64fe46a-25b2-4780-b910-8897bab331d1','04b0026e-ed12-4e5e-85e2-1ed905581184','c4b26668-789f-4117-b9af-34719df71955','06cf74d1-3ae5-4aee-8048-5fab3132f2ba','5ce4a39b-7e40-4486-b5d7-7f910cb36590','b23b7eaa-6c87-413b-b144-42b7afafd4df','f033f831-0ad6-4654-b9cc-9ad6f8c92e8c','af282aaf-606b-4d5f-9ef8-070dc205befb','24c1e762-e92d-485c-ab51-7bd8574e8cb1','2d68eaae-a710-43ae-b278-b376f0865788','21fdd8fe-78d5-4ce1-ae83-7df1ebfc6f56','23922b05-5fbd-49fd-8f6e-3847cabd2503','5c53b1b4-f8e2-4bd1-a376-d983f799cf4b')
[2026-04-16 01:49:44.878] local.info: [13.775ms] [rows:45] SELECT * FROM "permissions" WHERE id IN ('ab6da9f5-8b11-4644-9aaa-009b3b28a4ec','5daf3519-8949-4d26-b4bc-00c8b03f04fe','91166846-7ec1-42de-b134-ce141c3a9d7d','28c919a4-3744-4931-805a-a219892adbe3','789e0c77-5a0c-4ea7-a2e1-606803a6e2bd','6cd9d7a8-34ac-4740-9bc1-aa386ae6de38','8d2454fc-6567-46f9-8527-5843c7142e3c','cf81b7d4-096a-435a-b515-ad3f779199b8','82188518-37d9-45c0-9bca-b0d202cc9449','c01ff63f-6e93-4a78-8e50-87af96ab4a89','a14b8e8b-3f32-475f-8a47-5d33dab3042e','653cb315-36f1-4697-90e4-329900532da2','217d2f9d-5606-432f-99aa-bd6fb720b45f','328bd207-61d6-40ab-9d1d-bbe31ba63a3e','9b3cb586-a24f-4353-8c5a-6a860eba7357','a9280ee9-eb73-4cfb-8092-80f4c2cc5529','e225de9e-e14e-4219-a638-44d136be5613','46c78359-bdb4-421e-9182-d1d095921f20','b0aabdc2-3a7f-496c-a902-ee468671cf24','f4e500e8-45dd-4eeb-8b47-c97d832f18b2','00f63f53-4009-405a-9736-eff543475f78','31cb98ec-4d68-460a-8a6b-1566b0356cb5','29033b15-df4d-4afe-b261-d9f9d978215b','770de03c-008e-4352-915b-dbad46394b3e','386b4440-e446-4a4c-bbf2-2df0b3d482e7','764434f1-f401-4cec-b0a5-94c50e4c10bb','f8315a47-3595-4af7-afca-831deb36ae44','16b41fad-47bb-456e-818a-0e17a10696d3','7dba2974-eed0-4a24-8090-13ce49e8ae9c','2107c201-e779-4d54-b9d8-e77e63506727','540fda97-9bb5-45a3-8677-e5494a35f98d','8db21bed-0a56-4384-b989-46c85bf60a4a','b64fe46a-25b2-4780-b910-8897bab331d1','04b0026e-ed12-4e5e-85e2-1ed905581184','c4b26668-789f-4117-b9af-34719df71955','06cf74d1-3ae5-4aee-8048-5fab3132f2ba','5ce4a39b-7e40-4486-b5d7-7f910cb36590','b23b7eaa-6c87-413b-b144-42b7afafd4df','f033f831-0ad6-4654-b9cc-9ad6f8c92e8c','af282aaf-606b-4d5f-9ef8-070dc205befb','24c1e762-e92d-485c-ab51-7bd8574e8cb1','2d68eaae-a710-43ae-b278-b376f0865788','21fdd8fe-78d5-4ce1-ae83-7df1ebfc6f56','23922b05-5fbd-49fd-8f6e-3847cabd2503','5c53b1b4-f8e2-4bd1-a376-d983f799cf4b')
[2026-04-16 01:49:44.879] local.info: [9.827ms] [rows:45] SELECT * FROM "permissions" WHERE id IN ('ab6da9f5-8b11-4644-9aaa-009b3b28a4ec','5daf3519-8949-4d26-b4bc-00c8b03f04fe','91166846-7ec1-42de-b134-ce141c3a9d7d','28c919a4-3744-4931-805a-a219892adbe3','789e0c77-5a0c-4ea7-a2e1-606803a6e2bd','6cd9d7a8-34ac-4740-9bc1-aa386ae6de38','8d2454fc-6567-46f9-8527-5843c7142e3c','cf81b7d4-096a-435a-b515-ad3f779199b8','82188518-37d9-45c0-9bca-b0d202cc9449','c01ff63f-6e93-4a78-8e50-87af96ab4a89','a14b8e8b-3f32-475f-8a47-5d33dab3042e','653cb315-36f1-4697-90e4-329900532da2','217d2f9d-5606-432f-99aa-bd6fb720b45f','328bd207-61d6-40ab-9d1d-bbe31ba63a3e','9b3cb586-a24f-4353-8c5a-6a860eba7357','a9280ee9-eb73-4cfb-8092-80f4c2cc5529','e225de9e-e14e-4219-a638-44d136be5613','46c78359-bdb4-421e-9182-d1d095921f20','b0aabdc2-3a7f-496c-a902-ee468671cf24','f4e500e8-45dd-4eeb-8b47-c97d832f18b2','00f63f53-4009-405a-9736-eff543475f78','31cb98ec-4d68-460a-8a6b-1566b0356cb5','29033b15-df4d-4afe-b261-d9f9d978215b','770de03c-008e-4352-915b-dbad46394b3e','386b4440-e446-4a4c-bbf2-2df0b3d482e7','764434f1-f401-4cec-b0a5-94c50e4c10bb','f8315a47-3595-4af7-afca-831deb36ae44','16b41fad-47bb-456e-818a-0e17a10696d3','7dba2974-eed0-4a24-8090-13ce49e8ae9c','2107c201-e779-4d54-b9d8-e77e63506727','540fda97-9bb5-45a3-8677-e5494a35f98d','8db21bed-0a56-4384-b989-46c85bf60a4a','b64fe46a-25b2-4780-b910-8897bab331d1','04b0026e-ed12-4e5e-85e2-1ed905581184','c4b26668-789f-4117-b9af-34719df71955','06cf74d1-3ae5-4aee-8048-5fab3132f2ba','5ce4a39b-7e40-4486-b5d7-7f910cb36590','b23b7eaa-6c87-413b-b144-42b7afafd4df','f033f831-0ad6-4654-b9cc-9ad6f8c92e8c','af282aaf-606b-4d5f-9ef8-070dc205befb','24c1e762-e92d-485c-ab51-7bd8574e8cb1','2d68eaae-a710-43ae-b278-b376f0865788','21fdd8fe-78d5-4ce1-ae83-7df1ebfc6f56','23922b05-5fbd-49fd-8f6e-3847cabd2503','5c53b1b4-f8e2-4bd1-a376-d983f799cf4b')
[2026-04-16 01:49:44.88] local.info: [11.140ms] [rows:45] SELECT * FROM "permissions" WHERE id IN ('ab6da9f5-8b11-4644-9aaa-009b3b28a4ec','5daf3519-8949-4d26-b4bc-00c8b03f04fe','91166846-7ec1-42de-b134-ce141c3a9d7d','28c919a4-3744-4931-805a-a219892adbe3','789e0c77-5a0c-4ea7-a2e1-606803a6e2bd','6cd9d7a8-34ac-4740-9bc1-aa386ae6de38','8d2454fc-6567-46f9-8527-5843c7142e3c','cf81b7d4-096a-435a-b515-ad3f779199b8','82188518-37d9-45c0-9bca-b0d202cc9449','c01ff63f-6e93-4a78-8e50-87af96ab4a89','a14b8e8b-3f32-475f-8a47-5d33dab3042e','653cb315-36f1-4697-90e4-329900532da2','217d2f9d-5606-432f-99aa-bd6fb720b45f','328bd207-61d6-40ab-9d1d-bbe31ba63a3e','9b3cb586-a24f-4353-8c5a-6a860eba7357','a9280ee9-eb73-4cfb-8092-80f4c2cc5529','e225de9e-e14e-4219-a638-44d136be5613','46c78359-bdb4-421e-9182-d1d095921f20','b0aabdc2-3a7f-496c-a902-ee468671cf24','f4e500e8-45dd-4eeb-8b47-c97d832f18b2','00f63f53-4009-405a-9736-eff543475f78','31cb98ec-4d68-460a-8a6b-1566b0356cb5','29033b15-df4d-4afe-b261-d9f9d978215b','770de03c-008e-4352-915b-dbad46394b3e','386b4440-e446-4a4c-bbf2-2df0b3d482e7','764434f1-f401-4cec-b0a5-94c50e4c10bb','f8315a47-3595-4af7-afca-831deb36ae44','16b41fad-47bb-456e-818a-0e17a10696d3','7dba2974-eed0-4a24-8090-13ce49e8ae9c','2107c201-e779-4d54-b9d8-e77e63506727','540fda97-9bb5-45a3-8677-e5494a35f98d','8db21bed-0a56-4384-b989-46c85bf60a4a','b64fe46a-25b2-4780-b910-8897bab331d1','04b0026e-ed12-4e5e-85e2-1ed905581184','c4b26668-789f-4117-b9af-34719df71955','06cf74d1-3ae5-4aee-8048-5fab3132f2ba','5ce4a39b-7e40-4486-b5d7-7f910cb36590','b23b7eaa-6c87-413b-b144-42b7afafd4df','f033f831-0ad6-4654-b9cc-9ad6f8c92e8c','af282aaf-606b-4d5f-9ef8-070dc205befb','24c1e762-e92d-485c-ab51-7bd8574e8cb1','2d68eaae-a710-43ae-b278-b376f0865788','21fdd8fe-78d5-4ce1-ae83-7df1ebfc6f56','23922b05-5fbd-49fd-8f6e-3847cabd2503','5c53b1b4-f8e2-4bd1-a376-d983f799cf4b')
[2026-04-16 01:49:44.881] local.info: [11.567ms] [rows:45] SELECT * FROM "permissions" WHERE id IN ('ab6da9f5-8b11-4644-9aaa-009b3b28a4ec','5daf3519-8949-4d26-b4bc-00c8b03f04fe','91166846-7ec1-42de-b134-ce141c3a9d7d','28c919a4-3744-4931-805a-a219892adbe3','789e0c77-5a0c-4ea7-a2e1-606803a6e2bd','6cd9d7a8-34ac-4740-9bc1-aa386ae6de38','8d2454fc-6567-46f9-8527-5843c7142e3c','cf81b7d4-096a-435a-b515-ad3f779199b8','82188518-37d9-45c0-9bca-b0d202cc9449','c01ff63f-6e93-4a78-8e50-87af96ab4a89','a14b8e8b-3f32-475f-8a47-5d33dab3042e','653cb315-36f1-4697-90e4-329900532da2','217d2f9d-5606-432f-99aa-bd6fb720b45f','328bd207-61d6-40ab-9d1d-bbe31ba63a3e','9b3cb586-a24f-4353-8c5a-6a860eba7357','a9280ee9-eb73-4cfb-8092-80f4c2cc5529','e225de9e-e14e-4219-a638-44d136be5613','46c78359-bdb4-421e-9182-d1d095921f20','b0aabdc2-3a7f-496c-a902-ee468671cf24','f4e500e8-45dd-4eeb-8b47-c97d832f18b2','00f63f53-4009-405a-9736-eff543475f78','31cb98ec-4d68-460a-8a6b-1566b0356cb5','29033b15-df4d-4afe-b261-d9f9d978215b','770de03c-008e-4352-915b-dbad46394b3e','386b4440-e446-4a4c-bbf2-2df0b3d482e7','764434f1-f401-4cec-b0a5-94c50e4c10bb','f8315a47-3595-4af7-afca-831deb36ae44','16b41fad-47bb-456e-818a-0e17a10696d3','7dba2974-eed0-4a24-8090-13ce49e8ae9c','2107c201-e779-4d54-b9d8-e77e63506727','540fda97-9bb5-45a3-8677-e5494a35f98d','8db21bed-0a56-4384-b989-46c85bf60a4a','b64fe46a-25b2-4780-b910-8897bab331d1','04b0026e-ed12-4e5e-85e2-1ed905581184','c4b26668-789f-4117-b9af-34719df71955','06cf74d1-3ae5-4aee-8048-5fab3132f2ba','5ce4a39b-7e40-4486-b5d7-7f910cb36590','b23b7eaa-6c87-413b-b144-42b7afafd4df','f033f831-0ad6-4654-b9cc-9ad6f8c92e8c','af282aaf-606b-4d5f-9ef8-070dc205befb','24c1e762-e92d-485c-ab51-7bd8574e8cb1','2d68eaae-a710-43ae-b278-b376f0865788','21fdd8fe-78d5-4ce1-ae83-7df1ebfc6f56','23922b05-5fbd-49fd-8f6e-3847cabd2503','5c53b1b4-f8e2-4bd1-a376-d983f799cf4b')
[2026-04-16 01:49:44.883] local.info: [11.251ms] [rows:45] SELECT * FROM "permissions" WHERE id IN ('ab6da9f5-8b11-4644-9aaa-009b3b28a4ec','5daf3519-8949-4d26-b4bc-00c8b03f04fe','91166846-7ec1-42de-b134-ce141c3a9d7d','28c919a4-3744-4931-805a-a219892adbe3','789e0c77-5a0c-4ea7-a2e1-606803a6e2bd','6cd9d7a8-34ac-4740-9bc1-aa386ae6de38','8d2454fc-6567-46f9-8527-5843c7142e3c','cf81b7d4-096a-435a-b515-ad3f779199b8','82188518-37d9-45c0-9bca-b0d202cc9449','c01ff63f-6e93-4a78-8e50-87af96ab4a89','a14b8e8b-3f32-475f-8a47-5d33dab3042e','653cb315-36f1-4697-90e4-329900532da2','217d2f9d-5606-432f-99aa-bd6fb720b45f','328bd207-61d6-40ab-9d1d-bbe31ba63a3e','9b3cb586-a24f-4353-8c5a-6a860eba7357','a9280ee9-eb73-4cfb-8092-80f4c2cc5529','e225de9e-e14e-4219-a638-44d136be5613','46c78359-bdb4-421e-9182-d1d095921f20','b0aabdc2-3a7f-496c-a902-ee468671cf24','f4e500e8-45dd-4eeb-8b47-c97d832f18b2','00f63f53-4009-405a-9736-eff543475f78','31cb98ec-4d68-460a-8a6b-1566b0356cb5','29033b15-df4d-4afe-b261-d9f9d978215b','770de03c-008e-4352-915b-dbad46394b3e','386b4440-e446-4a4c-bbf2-2df0b3d482e7','764434f1-f401-4cec-b0a5-94c50e4c10bb','f8315a47-3595-4af7-afca-831deb36ae44','16b41fad-47bb-456e-818a-0e17a10696d3','7dba2974-eed0-4a24-8090-13ce49e8ae9c','2107c201-e779-4d54-b9d8-e77e63506727','540fda97-9bb5-45a3-8677-e5494a35f98d','8db21bed-0a56-4384-b989-46c85bf60a4a','b64fe46a-25b2-4780-b910-8897bab331d1','04b0026e-ed12-4e5e-85e2-1ed905581184','c4b26668-789f-4117-b9af-34719df71955','06cf74d1-3ae5-4aee-8048-5fab3132f2ba','5ce4a39b-7e40-4486-b5d7-7f910cb36590','b23b7eaa-6c87-413b-b144-42b7afafd4df','f033f831-0ad6-4654-b9cc-9ad6f8c92e8c','af282aaf-606b-4d5f-9ef8-070dc205befb','24c1e762-e92d-485c-ab51-7bd8574e8cb1','2d68eaae-a710-43ae-b278-b376f0865788','21fdd8fe-78d5-4ce1-ae83-7df1ebfc6f56','23922b05-5fbd-49fd-8f6e-3847cabd2503','5c53b1b4-f8e2-4bd1-a376-d983f799cf4b')
[2026-04-16 01:49:44.887] local.info: [12.813ms] [rows:1] SELECT * FROM "documents" WHERE id = '1cb5293d-d875-4bab-865b-85e18ccee4aa' AND deleted_at IS NULL ORDER BY "documents"."id" LIMIT 1
[2026-04-16 01:49:44.888] local.info: [9.402ms] [rows:1] SELECT count(*) FROM "notifications" WHERE user_id = '00000000-0000-0000-0000-000000000099' AND is_read = false
[2026-04-16 01:49:44.898] local.info: [17.118ms] [rows:1] SELECT * FROM "documents" WHERE id = '1cb5293d-d875-4bab-865b-85e18ccee4aa' AND deleted_at IS NULL ORDER BY "documents"."id" LIMIT 1
[2026-04-16 01:49:44.898] local.info: [18.626ms] [rows:1] SELECT count(*) FROM "document_types"
[2026-04-16 01:49:44.898] local.info: [15.201ms] [rows:0] SELECT * FROM "workflow_instances" WHERE document_id = '1cb5293d-d875-4bab-865b-85e18ccee4aa' AND status = 'active' ORDER BY "workflow_instances"."id" LIMIT 1
[2026-04-16 01:49:44.914] local.info: [26.824ms] [rows:1] SELECT * FROM "document_categories" WHERE "document_categories"."id" = '1de6dcb1-c46b-466f-af65-bc4b8d75de05'
[2026-04-16 01:49:44.915] local.info: [16.165ms] [rows:5] SELECT * FROM "document_types" ORDER BY sort_order asc, created_at desc LIMIT 20
[2026-04-16 01:49:44.915] local.error: [16.277ms] [rows:0] SELECT * FROM "document_comments" WHERE (document_id = '1cb5293d-d875-4bab-865b-85e18ccee4aa' AND deleted_at IS NULL) AND parent_id IS NULL ORDER BY created_at desc	ERROR: column "parent_id" does not exist (SQLSTATE 42703)
[Trace] /Users/arivin29macmini/go/pkg/mod/github.com/goravel/framework@v1.17.2/log/writer.go:202 [log.(*Writer).withStackTrace]
/Users/arivin29macmini/go/pkg/mod/github.com/goravel/framework@v1.17.2/log/writer.go:65 [log.(*Writer).Errorf]
/Users/arivin29macmini/go/pkg/mod/github.com/goravel/framework@v1.17.2/database/db/logger.go:79 [db.(*Logger).Errorf]
/Users/arivin29macmini/go/pkg/mod/github.com/goravel/framework@v1.17.2/database/db/logger.go:102 [db.(*Logger).Trace]
/Users/arivin29macmini/go/pkg/mod/github.com/goravel/framework@v1.17.2/database/db/logger.go:153 [db.(*Gorm).Trace]
/Users/arivin29macmini/go/pkg/mod/gorm.io/gorm@v1.31.1/callbacks.go:140 [gorm.(*processor).Execute]
/Users/arivin29macmini/go/pkg/mod/gorm.io/gorm@v1.31.1/finisher_api.go:172 [gorm.(*DB).Find]
/Users/arivin29macmini/go/pkg/mod/github.com/goravel/framework@v1.17.2/database/gorm/query.go:270 [gorm.(*Query).Find]
/Users/arivin29macmini/go/pkg/mod/github.com/goravel/framework@v1.17.2/database/gorm/query.go:417 [gorm.(*Query).Get]
/Users/arivin29macmini/Documents/DEVETEK/BMS/dms/app/repositories/comment_repository.go:83 [repositories.(*commentRepository).List]
/Users/arivin29macmini/Documents/DEVETEK/BMS/dms/app/services/comment_service.go:73 [services.(*CommentService).List]
/Users/arivin29macmini/Documents/DEVETEK/BMS/dms/app/http/controllers/comment_controller.go:29 [controllers.(*CommentController).Index]
/Users/arivin29macmini/go/pkg/mod/github.com/goravel/gin@v1.17.0/utils.go:37 [gin.(*Group).Get.handlerToGinHandler.func1]
/Users/arivin29macmini/go/pkg/mod/github.com/gin-gonic/gin@v1.11.0/context.go:192 [gin.(*Context).Next]
/Users/arivin29macmini/go/pkg/mod/github.com/goravel/gin@v1.17.0/context_request.go:230 [gin.(*ContextRequest).Next]
/Users/arivin29macmini/go/pkg/mod/github.com/goravel/gin@v1.17.0/context_response.go:157 [gin.(*Route).init.ResponseMiddleware.func2]
/Users/arivin29macmini/go/pkg/mod/github.com/goravel/gin@v1.17.0/utils.go:54 [gin.(*Group).WithMiddlewares.middlewaresToGinHandlers.middlewareToGinHandler.func1]
/Users/arivin29macmini/go/pkg/mod/github.com/gin-gonic/gin@v1.11.0/context.go:192 [gin.(*Context).Next]
/Users/arivin29macmini/go/pkg/mod/github.com/goravel/gin@v1.17.0/context_request.go:230 [gin.(*ContextRequest).Next]
/Users/arivin29macmini/Documents/DEVETEK/BMS/dms/app/http/middleware/rbac.go:30 [routes.Api.func2.2.RequirePermission.85]
/Users/arivin29macmini/go/pkg/mod/github.com/goravel/gin@v1.17.0/utils.go:54 [gin.(*Group).WithMiddlewares.middlewaresToGinHandlers.middlewareToGinHandler.func1]
/Users/arivin29macmini/go/pkg/mod/github.com/gin-gonic/gin@v1.11.0/context.go:192 [gin.(*Context).Next]
/Users/arivin29macmini/go/pkg/mod/github.com/goravel/gin@v1.17.0/context_request.go:230 [gin.(*ContextRequest).Next]
/Users/arivin29macmini/Documents/DEVETEK/BMS/dms/app/http/middleware/scope.go:63 [routes.Api.func2.DataScope.5]
/Users/arivin29macmini/go/pkg/mod/github.com/goravel/gin@v1.17.0/utils.go:54 [gin.(*Group).WithMiddlewares.middlewaresToGinHandlers.middlewareToGinHandler.func1]
/Users/arivin29macmini/go/pkg/mod/github.com/gin-gonic/gin@v1.11.0/context.go:192 [gin.(*Context).Next]
/Users/arivin29macmini/go/pkg/mod/github.com/goravel/gin@v1.17.0/context_request.go:230 [gin.(*ContextRequest).Next]
/Users/arivin29macmini/Documents/DEVETEK/BMS/dms/app/http/middleware/auth.go:50 [routes.Api.func2.Auth.4]
/Users/arivin29macmini/go/pkg/mod/github.com/goravel/gin@v1.17.0/utils.go:54 [gin.(*Group).WithMiddlewares.middlewaresToGinHandlers.middlewareToGinHandler.func1]
/Users/arivin29macmini/go/pkg/mod/github.com/gin-gonic/gin@v1.11.0/context.go:192 [gin.(*Context).Next]
/Users/arivin29macmini/go/pkg/mod/github.com/goravel/gin@v1.17.0/context_request.go:230 [gin.(*ContextRequest).Next]
/Users/arivin29macmini/Documents/DEVETEK/BMS/dms/app/http/middleware/cors.go:27 [routes.Api.Cors.func5]
/Users/arivin29macmini/go/pkg/mod/github.com/goravel/gin@v1.17.0/utils.go:54 [gin.(*Group).WithMiddlewares.middlewaresToGinHandlers.middlewareToGinHandler.func1]
/Users/arivin29macmini/go/pkg/mod/github.com/gin-gonic/gin@v1.11.0/context.go:192 [gin.(*Context).Next]
/Users/arivin29macmini/go/pkg/mod/github.com/goravel/gin@v1.17.0/context_request.go:230 [gin.(*ContextRequest).Next]
/Users/arivin29macmini/go/pkg/mod/github.com/goravel/gin@v1.17.0/middleware_tls.go:18 [gin.NewRoute.Tls.func3]
/Users/arivin29macmini/go/pkg/mod/github.com/goravel/gin@v1.17.0/utils.go:54 [gin.(*Route).init.middlewaresToGinHandlers.middlewareToGinHandler.func3]
/Users/arivin29macmini/go/pkg/mod/github.com/gin-gonic/gin@v1.11.0/context.go:192 [gin.(*Context).Next]
/Users/arivin29macmini/go/pkg/mod/github.com/goravel/gin@v1.17.0/context_request.go:230 [gin.(*ContextRequest).Next]
/Users/arivin29macmini/go/pkg/mod/github.com/goravel/gin@v1.17.0/middleware_cors.go:63 [gin.NewRoute.Cors.func2]
/Users/arivin29macmini/go/pkg/mod/github.com/goravel/gin@v1.17.0/utils.go:54 [gin.(*Route).init.middlewaresToGinHandlers.middlewareToGinHandler.func3]
/Users/arivin29macmini/go/pkg/mod/github.com/gin-gonic/gin@v1.11.0/context.go:192 [gin.(*Context).Next]
/Users/arivin29macmini/go/pkg/mod/github.com/goravel/gin@v1.17.0/context_request.go:230 [gin.(*ContextRequest).Next]
[2026-04-16 01:49:44.933] local.info: [18.124ms] [rows:1] SELECT * FROM "companies" WHERE "companies"."id" = '00000000-0000-0000-0000-000000000001'
[2026-04-16 01:49:44.933] local.info: [18.200ms] [rows:1] SELECT * FROM "users" WHERE "users"."id" = '00000000-0000-0000-0000-000000000099'
[2026-04-16 01:49:44.933] local.info: [45.823ms] [rows:3] SELECT * FROM "document_versions" WHERE document_id = '1cb5293d-d875-4bab-865b-85e18ccee4aa' ORDER BY version_number desc
[2026-04-16 01:49:44.953] local.info: [19.919ms] [rows:1] SELECT * FROM "users" WHERE "users"."id" = '00000000-0000-0000-0000-000000000099'
[2026-04-16 01:49:44.972] local.info: [19.706ms] [rows:1] SELECT * FROM "departments" WHERE "departments"."id" = '00000000-0000-0000-0000-000000000003'
[2026-04-16 01:49:44.994] local.info: [21.804ms] [rows:1] SELECT * FROM "document_types" WHERE "document_types"."id" = '7367ca3d-eb1d-43dd-a115-cf3d2ceecdfa'
[2026-04-16 01:49:45.013] local.info: [18.290ms] [rows:1] SELECT * FROM "offices" WHERE "offices"."id" = '00000000-0000-0000-0000-000000000002'
[2026-04-16 01:49:45.033] local.info: [19.889ms] [rows:1] SELECT * FROM "document_templates" WHERE "document_templates"."id" = 'ef6ad65a-07d2-444b-951d-d197ee14c8a0'
[2026-04-16 01:49:45.033] local.info: [154.182ms] [rows:1] SELECT * FROM "documents" WHERE id = '1cb5293d-d875-4bab-865b-85e18ccee4aa' AND deleted_at IS NULL ORDER BY "documents"."id" LIMIT 1
[2026-04-16 01:49:48.744] local.info: [17.062ms] [rows:1] SELECT * FROM "users" WHERE id = '00000000-0000-0000-0000-000000000099' ORDER BY "users"."id" LIMIT 1
[2026-04-16 01:49:48.744] local.info: [23.383ms] [rows:1] SELECT * FROM "users" WHERE id = '00000000-0000-0000-0000-000000000099' ORDER BY "users"."id" LIMIT 1
[2026-04-16 01:49:48.744] local.info: [18.532ms] [rows:1] SELECT * FROM "users" WHERE id = '00000000-0000-0000-0000-000000000099' ORDER BY "users"."id" LIMIT 1
[2026-04-16 01:49:48.75] local.info: [6.254ms] [rows:1] SELECT * FROM "user_roles" WHERE user_id = '00000000-0000-0000-0000-000000000099'
[2026-04-16 01:49:48.75] local.info: [6.376ms] [rows:1] SELECT * FROM "user_roles" WHERE user_id = '00000000-0000-0000-0000-000000000099'
[2026-04-16 01:49:48.75] local.info: [24.313ms] [rows:1] SELECT * FROM "users" WHERE id = '00000000-0000-0000-0000-000000000099' ORDER BY "users"."id" LIMIT 1
[2026-04-16 01:49:48.75] local.info: [23.772ms] [rows:1] SELECT * FROM "users" WHERE id = '00000000-0000-0000-0000-000000000099' ORDER BY "users"."id" LIMIT 1
[2026-04-16 01:49:48.75] local.info: [25.099ms] [rows:1] SELECT * FROM "users" WHERE id = '00000000-0000-0000-0000-000000000099' ORDER BY "users"."id" LIMIT 1
[2026-04-16 01:49:48.757] local.info: [13.627ms] [rows:1] SELECT * FROM "user_roles" WHERE user_id = '00000000-0000-0000-0000-000000000099'
[2026-04-16 01:49:48.757] local.info: [7.354ms] [rows:1] SELECT * FROM "user_roles" WHERE user_id = '00000000-0000-0000-0000-000000000099'
[2026-04-16 01:49:48.758] local.info: [7.473ms] [rows:1] SELECT * FROM "roles" WHERE id IN ('68c46dfb-a565-4938-99d7-9fdd0acf8a7e')
[2026-04-16 01:49:48.758] local.info: [7.494ms] [rows:1] SELECT * FROM "roles" WHERE id IN ('68c46dfb-a565-4938-99d7-9fdd0acf8a7e')
[2026-04-16 01:49:48.764] local.info: [14.218ms] [rows:1] SELECT * FROM "user_roles" WHERE user_id = '00000000-0000-0000-0000-000000000099'
[2026-04-16 01:49:48.764] local.info: [6.923ms] [rows:1] SELECT * FROM "roles" WHERE id IN ('68c46dfb-a565-4938-99d7-9fdd0acf8a7e')
[2026-04-16 01:49:48.764] local.info: [7.053ms] [rows:1] SELECT * FROM "roles" WHERE id IN ('68c46dfb-a565-4938-99d7-9fdd0acf8a7e')
[2026-04-16 01:49:48.765] local.info: [14.367ms] [rows:1] SELECT * FROM "user_roles" WHERE user_id = '00000000-0000-0000-0000-000000000099'
[2026-04-16 01:49:48.765] local.info: [7.332ms] [rows:45] SELECT * FROM "role_permissions" WHERE role_id IN ('68c46dfb-a565-4938-99d7-9fdd0acf8a7e')
[2026-04-16 01:49:48.774] local.info: [15.948ms] [rows:45] SELECT * FROM "role_permissions" WHERE role_id IN ('68c46dfb-a565-4938-99d7-9fdd0acf8a7e')
[2026-04-16 01:49:48.774] local.info: [9.160ms] [rows:1] SELECT * FROM "roles" WHERE id IN ('68c46dfb-a565-4938-99d7-9fdd0acf8a7e')
[2026-04-16 01:49:48.774] local.info: [9.231ms] [rows:45] SELECT * FROM "role_permissions" WHERE role_id IN ('68c46dfb-a565-4938-99d7-9fdd0acf8a7e')
[2026-04-16 01:49:48.774] local.info: [9.496ms] [rows:45] SELECT * FROM "role_permissions" WHERE role_id IN ('68c46dfb-a565-4938-99d7-9fdd0acf8a7e')
[2026-04-16 01:49:48.774] local.info: [9.746ms] [rows:1] SELECT * FROM "roles" WHERE id IN ('68c46dfb-a565-4938-99d7-9fdd0acf8a7e')
[2026-04-16 01:49:48.784] local.info: [18.611ms] [rows:45] SELECT * FROM "permissions" WHERE id IN ('ab6da9f5-8b11-4644-9aaa-009b3b28a4ec','5daf3519-8949-4d26-b4bc-00c8b03f04fe','91166846-7ec1-42de-b134-ce141c3a9d7d','28c919a4-3744-4931-805a-a219892adbe3','789e0c77-5a0c-4ea7-a2e1-606803a6e2bd','6cd9d7a8-34ac-4740-9bc1-aa386ae6de38','8d2454fc-6567-46f9-8527-5843c7142e3c','cf81b7d4-096a-435a-b515-ad3f779199b8','82188518-37d9-45c0-9bca-b0d202cc9449','c01ff63f-6e93-4a78-8e50-87af96ab4a89','a14b8e8b-3f32-475f-8a47-5d33dab3042e','653cb315-36f1-4697-90e4-329900532da2','217d2f9d-5606-432f-99aa-bd6fb720b45f','328bd207-61d6-40ab-9d1d-bbe31ba63a3e','9b3cb586-a24f-4353-8c5a-6a860eba7357','a9280ee9-eb73-4cfb-8092-80f4c2cc5529','e225de9e-e14e-4219-a638-44d136be5613','46c78359-bdb4-421e-9182-d1d095921f20','b0aabdc2-3a7f-496c-a902-ee468671cf24','f4e500e8-45dd-4eeb-8b47-c97d832f18b2','00f63f53-4009-405a-9736-eff543475f78','31cb98ec-4d68-460a-8a6b-1566b0356cb5','29033b15-df4d-4afe-b261-d9f9d978215b','770de03c-008e-4352-915b-dbad46394b3e','386b4440-e446-4a4c-bbf2-2df0b3d482e7','764434f1-f401-4cec-b0a5-94c50e4c10bb','f8315a47-3595-4af7-afca-831deb36ae44','16b41fad-47bb-456e-818a-0e17a10696d3','7dba2974-eed0-4a24-8090-13ce49e8ae9c','2107c201-e779-4d54-b9d8-e77e63506727','540fda97-9bb5-45a3-8677-e5494a35f98d','8db21bed-0a56-4384-b989-46c85bf60a4a','b64fe46a-25b2-4780-b910-8897bab331d1','04b0026e-ed12-4e5e-85e2-1ed905581184','c4b26668-789f-4117-b9af-34719df71955','06cf74d1-3ae5-4aee-8048-5fab3132f2ba','5ce4a39b-7e40-4486-b5d7-7f910cb36590','b23b7eaa-6c87-413b-b144-42b7afafd4df','f033f831-0ad6-4654-b9cc-9ad6f8c92e8c','af282aaf-606b-4d5f-9ef8-070dc205befb','24c1e762-e92d-485c-ab51-7bd8574e8cb1','2d68eaae-a710-43ae-b278-b376f0865788','21fdd8fe-78d5-4ce1-ae83-7df1ebfc6f56','23922b05-5fbd-49fd-8f6e-3847cabd2503','5c53b1b4-f8e2-4bd1-a376-d983f799cf4b')
[2026-04-16 01:49:48.786] local.info: [12.252ms] [rows:45] SELECT * FROM "permissions" WHERE id IN ('ab6da9f5-8b11-4644-9aaa-009b3b28a4ec','5daf3519-8949-4d26-b4bc-00c8b03f04fe','91166846-7ec1-42de-b134-ce141c3a9d7d','28c919a4-3744-4931-805a-a219892adbe3','789e0c77-5a0c-4ea7-a2e1-606803a6e2bd','6cd9d7a8-34ac-4740-9bc1-aa386ae6de38','8d2454fc-6567-46f9-8527-5843c7142e3c','cf81b7d4-096a-435a-b515-ad3f779199b8','82188518-37d9-45c0-9bca-b0d202cc9449','c01ff63f-6e93-4a78-8e50-87af96ab4a89','a14b8e8b-3f32-475f-8a47-5d33dab3042e','653cb315-36f1-4697-90e4-329900532da2','217d2f9d-5606-432f-99aa-bd6fb720b45f','328bd207-61d6-40ab-9d1d-bbe31ba63a3e','9b3cb586-a24f-4353-8c5a-6a860eba7357','a9280ee9-eb73-4cfb-8092-80f4c2cc5529','e225de9e-e14e-4219-a638-44d136be5613','46c78359-bdb4-421e-9182-d1d095921f20','b0aabdc2-3a7f-496c-a902-ee468671cf24','f4e500e8-45dd-4eeb-8b47-c97d832f18b2','00f63f53-4009-405a-9736-eff543475f78','31cb98ec-4d68-460a-8a6b-1566b0356cb5','29033b15-df4d-4afe-b261-d9f9d978215b','770de03c-008e-4352-915b-dbad46394b3e','386b4440-e446-4a4c-bbf2-2df0b3d482e7','764434f1-f401-4cec-b0a5-94c50e4c10bb','f8315a47-3595-4af7-afca-831deb36ae44','16b41fad-47bb-456e-818a-0e17a10696d3','7dba2974-eed0-4a24-8090-13ce49e8ae9c','2107c201-e779-4d54-b9d8-e77e63506727','540fda97-9bb5-45a3-8677-e5494a35f98d','8db21bed-0a56-4384-b989-46c85bf60a4a','b64fe46a-25b2-4780-b910-8897bab331d1','04b0026e-ed12-4e5e-85e2-1ed905581184','c4b26668-789f-4117-b9af-34719df71955','06cf74d1-3ae5-4aee-8048-5fab3132f2ba','5ce4a39b-7e40-4486-b5d7-7f910cb36590','b23b7eaa-6c87-413b-b144-42b7afafd4df','f033f831-0ad6-4654-b9cc-9ad6f8c92e8c','af282aaf-606b-4d5f-9ef8-070dc205befb','24c1e762-e92d-485c-ab51-7bd8574e8cb1','2d68eaae-a710-43ae-b278-b376f0865788','21fdd8fe-78d5-4ce1-ae83-7df1ebfc6f56','23922b05-5fbd-49fd-8f6e-3847cabd2503','5c53b1b4-f8e2-4bd1-a376-d983f799cf4b')
[2026-04-16 01:49:48.787] local.info: [13.707ms] [rows:45] SELECT * FROM "role_permissions" WHERE role_id IN ('68c46dfb-a565-4938-99d7-9fdd0acf8a7e')
[2026-04-16 01:49:48.788] local.info: [14.536ms] [rows:45] SELECT * FROM "permissions" WHERE id IN ('ab6da9f5-8b11-4644-9aaa-009b3b28a4ec','5daf3519-8949-4d26-b4bc-00c8b03f04fe','91166846-7ec1-42de-b134-ce141c3a9d7d','28c919a4-3744-4931-805a-a219892adbe3','789e0c77-5a0c-4ea7-a2e1-606803a6e2bd','6cd9d7a8-34ac-4740-9bc1-aa386ae6de38','8d2454fc-6567-46f9-8527-5843c7142e3c','cf81b7d4-096a-435a-b515-ad3f779199b8','82188518-37d9-45c0-9bca-b0d202cc9449','c01ff63f-6e93-4a78-8e50-87af96ab4a89','a14b8e8b-3f32-475f-8a47-5d33dab3042e','653cb315-36f1-4697-90e4-329900532da2','217d2f9d-5606-432f-99aa-bd6fb720b45f','328bd207-61d6-40ab-9d1d-bbe31ba63a3e','9b3cb586-a24f-4353-8c5a-6a860eba7357','a9280ee9-eb73-4cfb-8092-80f4c2cc5529','e225de9e-e14e-4219-a638-44d136be5613','46c78359-bdb4-421e-9182-d1d095921f20','b0aabdc2-3a7f-496c-a902-ee468671cf24','f4e500e8-45dd-4eeb-8b47-c97d832f18b2','00f63f53-4009-405a-9736-eff543475f78','31cb98ec-4d68-460a-8a6b-1566b0356cb5','29033b15-df4d-4afe-b261-d9f9d978215b','770de03c-008e-4352-915b-dbad46394b3e','386b4440-e446-4a4c-bbf2-2df0b3d482e7','764434f1-f401-4cec-b0a5-94c50e4c10bb','f8315a47-3595-4af7-afca-831deb36ae44','16b41fad-47bb-456e-818a-0e17a10696d3','7dba2974-eed0-4a24-8090-13ce49e8ae9c','2107c201-e779-4d54-b9d8-e77e63506727','540fda97-9bb5-45a3-8677-e5494a35f98d','8db21bed-0a56-4384-b989-46c85bf60a4a','b64fe46a-25b2-4780-b910-8897bab331d1','04b0026e-ed12-4e5e-85e2-1ed905581184','c4b26668-789f-4117-b9af-34719df71955','06cf74d1-3ae5-4aee-8048-5fab3132f2ba','5ce4a39b-7e40-4486-b5d7-7f910cb36590','b23b7eaa-6c87-413b-b144-42b7afafd4df','f033f831-0ad6-4654-b9cc-9ad6f8c92e8c','af282aaf-606b-4d5f-9ef8-070dc205befb','24c1e762-e92d-485c-ab51-7bd8574e8cb1','2d68eaae-a710-43ae-b278-b376f0865788','21fdd8fe-78d5-4ce1-ae83-7df1ebfc6f56','23922b05-5fbd-49fd-8f6e-3847cabd2503','5c53b1b4-f8e2-4bd1-a376-d983f799cf4b')
[2026-04-16 01:49:48.798] local.info: [23.758ms] [rows:45] SELECT * FROM "permissions" WHERE id IN ('ab6da9f5-8b11-4644-9aaa-009b3b28a4ec','5daf3519-8949-4d26-b4bc-00c8b03f04fe','91166846-7ec1-42de-b134-ce141c3a9d7d','28c919a4-3744-4931-805a-a219892adbe3','789e0c77-5a0c-4ea7-a2e1-606803a6e2bd','6cd9d7a8-34ac-4740-9bc1-aa386ae6de38','8d2454fc-6567-46f9-8527-5843c7142e3c','cf81b7d4-096a-435a-b515-ad3f779199b8','82188518-37d9-45c0-9bca-b0d202cc9449','c01ff63f-6e93-4a78-8e50-87af96ab4a89','a14b8e8b-3f32-475f-8a47-5d33dab3042e','653cb315-36f1-4697-90e4-329900532da2','217d2f9d-5606-432f-99aa-bd6fb720b45f','328bd207-61d6-40ab-9d1d-bbe31ba63a3e','9b3cb586-a24f-4353-8c5a-6a860eba7357','a9280ee9-eb73-4cfb-8092-80f4c2cc5529','e225de9e-e14e-4219-a638-44d136be5613','46c78359-bdb4-421e-9182-d1d095921f20','b0aabdc2-3a7f-496c-a902-ee468671cf24','f4e500e8-45dd-4eeb-8b47-c97d832f18b2','00f63f53-4009-405a-9736-eff543475f78','31cb98ec-4d68-460a-8a6b-1566b0356cb5','29033b15-df4d-4afe-b261-d9f9d978215b','770de03c-008e-4352-915b-dbad46394b3e','386b4440-e446-4a4c-bbf2-2df0b3d482e7','764434f1-f401-4cec-b0a5-94c50e4c10bb','f8315a47-3595-4af7-afca-831deb36ae44','16b41fad-47bb-456e-818a-0e17a10696d3','7dba2974-eed0-4a24-8090-13ce49e8ae9c','2107c201-e779-4d54-b9d8-e77e63506727','540fda97-9bb5-45a3-8677-e5494a35f98d','8db21bed-0a56-4384-b989-46c85bf60a4a','b64fe46a-25b2-4780-b910-8897bab331d1','04b0026e-ed12-4e5e-85e2-1ed905581184','c4b26668-789f-4117-b9af-34719df71955','06cf74d1-3ae5-4aee-8048-5fab3132f2ba','5ce4a39b-7e40-4486-b5d7-7f910cb36590','b23b7eaa-6c87-413b-b144-42b7afafd4df','f033f831-0ad6-4654-b9cc-9ad6f8c92e8c','af282aaf-606b-4d5f-9ef8-070dc205befb','24c1e762-e92d-485c-ab51-7bd8574e8cb1','2d68eaae-a710-43ae-b278-b376f0865788','21fdd8fe-78d5-4ce1-ae83-7df1ebfc6f56','23922b05-5fbd-49fd-8f6e-3847cabd2503','5c53b1b4-f8e2-4bd1-a376-d983f799cf4b')
[2026-04-16 01:49:48.798] local.info: [23.585ms] [rows:45] SELECT * FROM "role_permissions" WHERE role_id IN ('68c46dfb-a565-4938-99d7-9fdd0acf8a7e')
[2026-04-16 01:49:48.798] local.info: [11.351ms] [rows:1] SELECT count(*) FROM "document_types"
[2026-04-16 01:49:48.798] local.info: [13.965ms] [rows:1] SELECT count(*) FROM "notifications" WHERE user_id = '00000000-0000-0000-0000-000000000099' AND is_read = false
[2026-04-16 01:49:48.798] local.info: [10.248ms] [rows:45] SELECT * FROM "permissions" WHERE id IN ('ab6da9f5-8b11-4644-9aaa-009b3b28a4ec','5daf3519-8949-4d26-b4bc-00c8b03f04fe','91166846-7ec1-42de-b134-ce141c3a9d7d','28c919a4-3744-4931-805a-a219892adbe3','789e0c77-5a0c-4ea7-a2e1-606803a6e2bd','6cd9d7a8-34ac-4740-9bc1-aa386ae6de38','8d2454fc-6567-46f9-8527-5843c7142e3c','cf81b7d4-096a-435a-b515-ad3f779199b8','82188518-37d9-45c0-9bca-b0d202cc9449','c01ff63f-6e93-4a78-8e50-87af96ab4a89','a14b8e8b-3f32-475f-8a47-5d33dab3042e','653cb315-36f1-4697-90e4-329900532da2','217d2f9d-5606-432f-99aa-bd6fb720b45f','328bd207-61d6-40ab-9d1d-bbe31ba63a3e','9b3cb586-a24f-4353-8c5a-6a860eba7357','a9280ee9-eb73-4cfb-8092-80f4c2cc5529','e225de9e-e14e-4219-a638-44d136be5613','46c78359-bdb4-421e-9182-d1d095921f20','b0aabdc2-3a7f-496c-a902-ee468671cf24','f4e500e8-45dd-4eeb-8b47-c97d832f18b2','00f63f53-4009-405a-9736-eff543475f78','31cb98ec-4d68-460a-8a6b-1566b0356cb5','29033b15-df4d-4afe-b261-d9f9d978215b','770de03c-008e-4352-915b-dbad46394b3e','386b4440-e446-4a4c-bbf2-2df0b3d482e7','764434f1-f401-4cec-b0a5-94c50e4c10bb','f8315a47-3595-4af7-afca-831deb36ae44','16b41fad-47bb-456e-818a-0e17a10696d3','7dba2974-eed0-4a24-8090-13ce49e8ae9c','2107c201-e779-4d54-b9d8-e77e63506727','540fda97-9bb5-45a3-8677-e5494a35f98d','8db21bed-0a56-4384-b989-46c85bf60a4a','b64fe46a-25b2-4780-b910-8897bab331d1','04b0026e-ed12-4e5e-85e2-1ed905581184','c4b26668-789f-4117-b9af-34719df71955','06cf74d1-3ae5-4aee-8048-5fab3132f2ba','5ce4a39b-7e40-4486-b5d7-7f910cb36590','b23b7eaa-6c87-413b-b144-42b7afafd4df','f033f831-0ad6-4654-b9cc-9ad6f8c92e8c','af282aaf-606b-4d5f-9ef8-070dc205befb','24c1e762-e92d-485c-ab51-7bd8574e8cb1','2d68eaae-a710-43ae-b278-b376f0865788','21fdd8fe-78d5-4ce1-ae83-7df1ebfc6f56','23922b05-5fbd-49fd-8f6e-3847cabd2503','5c53b1b4-f8e2-4bd1-a376-d983f799cf4b')
[2026-04-16 01:49:48.806] local.info: [7.642ms] [rows:0] SELECT * FROM "workflow_instances" WHERE document_id = '1cb5293d-d875-4bab-865b-85e18ccee4aa' AND status = 'active' ORDER BY "workflow_instances"."id" LIMIT 1
[2026-04-16 01:49:48.806] local.info: [8.225ms] [rows:45] SELECT * FROM "permissions" WHERE id IN ('ab6da9f5-8b11-4644-9aaa-009b3b28a4ec','5daf3519-8949-4d26-b4bc-00c8b03f04fe','91166846-7ec1-42de-b134-ce141c3a9d7d','28c919a4-3744-4931-805a-a219892adbe3','789e0c77-5a0c-4ea7-a2e1-606803a6e2bd','6cd9d7a8-34ac-4740-9bc1-aa386ae6de38','8d2454fc-6567-46f9-8527-5843c7142e3c','cf81b7d4-096a-435a-b515-ad3f779199b8','82188518-37d9-45c0-9bca-b0d202cc9449','c01ff63f-6e93-4a78-8e50-87af96ab4a89','a14b8e8b-3f32-475f-8a47-5d33dab3042e','653cb315-36f1-4697-90e4-329900532da2','217d2f9d-5606-432f-99aa-bd6fb720b45f','328bd207-61d6-40ab-9d1d-bbe31ba63a3e','9b3cb586-a24f-4353-8c5a-6a860eba7357','a9280ee9-eb73-4cfb-8092-80f4c2cc5529','e225de9e-e14e-4219-a638-44d136be5613','46c78359-bdb4-421e-9182-d1d095921f20','b0aabdc2-3a7f-496c-a902-ee468671cf24','f4e500e8-45dd-4eeb-8b47-c97d832f18b2','00f63f53-4009-405a-9736-eff543475f78','31cb98ec-4d68-460a-8a6b-1566b0356cb5','29033b15-df4d-4afe-b261-d9f9d978215b','770de03c-008e-4352-915b-dbad46394b3e','386b4440-e446-4a4c-bbf2-2df0b3d482e7','764434f1-f401-4cec-b0a5-94c50e4c10bb','f8315a47-3595-4af7-afca-831deb36ae44','16b41fad-47bb-456e-818a-0e17a10696d3','7dba2974-eed0-4a24-8090-13ce49e8ae9c','2107c201-e779-4d54-b9d8-e77e63506727','540fda97-9bb5-45a3-8677-e5494a35f98d','8db21bed-0a56-4384-b989-46c85bf60a4a','b64fe46a-25b2-4780-b910-8897bab331d1','04b0026e-ed12-4e5e-85e2-1ed905581184','c4b26668-789f-4117-b9af-34719df71955','06cf74d1-3ae5-4aee-8048-5fab3132f2ba','5ce4a39b-7e40-4486-b5d7-7f910cb36590','b23b7eaa-6c87-413b-b144-42b7afafd4df','f033f831-0ad6-4654-b9cc-9ad6f8c92e8c','af282aaf-606b-4d5f-9ef8-070dc205befb','24c1e762-e92d-485c-ab51-7bd8574e8cb1','2d68eaae-a710-43ae-b278-b376f0865788','21fdd8fe-78d5-4ce1-ae83-7df1ebfc6f56','23922b05-5fbd-49fd-8f6e-3847cabd2503','5c53b1b4-f8e2-4bd1-a376-d983f799cf4b')
[2026-04-16 01:49:48.807] local.info: [9.169ms] [rows:5] SELECT * FROM "document_types" ORDER BY sort_order asc, created_at desc LIMIT 20
[2026-04-16 01:49:48.814] local.info: [16.000ms] [rows:1] SELECT * FROM "documents" WHERE id = '1cb5293d-d875-4bab-865b-85e18ccee4aa' AND deleted_at IS NULL ORDER BY "documents"."id" LIMIT 1
[2026-04-16 01:49:48.814] local.info: [8.360ms] [rows:1] SELECT * FROM "document_categories" WHERE "document_categories"."id" = '1de6dcb1-c46b-466f-af65-bc4b8d75de05'
[2026-04-16 01:49:48.833] local.info: [27.085ms] [rows:1] SELECT * FROM "documents" WHERE id = '1cb5293d-d875-4bab-865b-85e18ccee4aa' AND deleted_at IS NULL ORDER BY "documents"."id" LIMIT 1
[2026-04-16 01:49:48.833] local.info: [19.444ms] [rows:1] SELECT * FROM "companies" WHERE "companies"."id" = '00000000-0000-0000-0000-000000000001'
[2026-04-16 01:49:48.854] local.info: [20.816ms] [rows:1] SELECT * FROM "users" WHERE "users"."id" = '00000000-0000-0000-0000-000000000099'
[2026-04-16 01:49:48.854] local.info: [21.016ms] [rows:1] SELECT * FROM "users" WHERE "users"."id" = '00000000-0000-0000-0000-000000000099'
[2026-04-16 01:49:48.854] local.info: [40.644ms] [rows:3] SELECT * FROM "document_versions" WHERE document_id = '1cb5293d-d875-4bab-865b-85e18ccee4aa' ORDER BY version_number desc
[2026-04-16 01:49:48.854] local.error: [21.074ms] [rows:0] SELECT * FROM "document_comments" WHERE (document_id = '1cb5293d-d875-4bab-865b-85e18ccee4aa' AND deleted_at IS NULL) AND parent_id IS NULL ORDER BY created_at desc	ERROR: column "parent_id" does not exist (SQLSTATE 42703)
[Trace] /Users/arivin29macmini/go/pkg/mod/github.com/goravel/framework@v1.17.2/log/writer.go:202 [log.(*Writer).withStackTrace]
/Users/arivin29macmini/go/pkg/mod/github.com/goravel/framework@v1.17.2/log/writer.go:65 [log.(*Writer).Errorf]
/Users/arivin29macmini/go/pkg/mod/github.com/goravel/framework@v1.17.2/database/db/logger.go:79 [db.(*Logger).Errorf]
/Users/arivin29macmini/go/pkg/mod/github.com/goravel/framework@v1.17.2/database/db/logger.go:102 [db.(*Logger).Trace]
/Users/arivin29macmini/go/pkg/mod/github.com/goravel/framework@v1.17.2/database/db/logger.go:153 [db.(*Gorm).Trace]
/Users/arivin29macmini/go/pkg/mod/gorm.io/gorm@v1.31.1/callbacks.go:140 [gorm.(*processor).Execute]
/Users/arivin29macmini/go/pkg/mod/gorm.io/gorm@v1.31.1/finisher_api.go:172 [gorm.(*DB).Find]
/Users/arivin29macmini/go/pkg/mod/github.com/goravel/framework@v1.17.2/database/gorm/query.go:270 [gorm.(*Query).Find]
/Users/arivin29macmini/go/pkg/mod/github.com/goravel/framework@v1.17.2/database/gorm/query.go:417 [gorm.(*Query).Get]
/Users/arivin29macmini/Documents/DEVETEK/BMS/dms/app/repositories/comment_repository.go:83 [repositories.(*commentRepository).List]
/Users/arivin29macmini/Documents/DEVETEK/BMS/dms/app/services/comment_service.go:73 [services.(*CommentService).List]
/Users/arivin29macmini/Documents/DEVETEK/BMS/dms/app/http/controllers/comment_controller.go:29 [controllers.(*CommentController).Index]
/Users/arivin29macmini/go/pkg/mod/github.com/goravel/gin@v1.17.0/utils.go:37 [gin.(*Group).Get.handlerToGinHandler.func1]
/Users/arivin29macmini/go/pkg/mod/github.com/gin-gonic/gin@v1.11.0/context.go:192 [gin.(*Context).Next]
/Users/arivin29macmini/go/pkg/mod/github.com/goravel/gin@v1.17.0/context_request.go:230 [gin.(*ContextRequest).Next]
/Users/arivin29macmini/go/pkg/mod/github.com/goravel/gin@v1.17.0/context_response.go:157 [gin.(*Route).init.ResponseMiddleware.func2]
/Users/arivin29macmini/go/pkg/mod/github.com/goravel/gin@v1.17.0/utils.go:54 [gin.(*Group).WithMiddlewares.middlewaresToGinHandlers.middlewareToGinHandler.func1]
/Users/arivin29macmini/go/pkg/mod/github.com/gin-gonic/gin@v1.11.0/context.go:192 [gin.(*Context).Next]
/Users/arivin29macmini/go/pkg/mod/github.com/goravel/gin@v1.17.0/context_request.go:230 [gin.(*ContextRequest).Next]
/Users/arivin29macmini/Documents/DEVETEK/BMS/dms/app/http/middleware/rbac.go:30 [routes.Api.func2.2.RequirePermission.85]
/Users/arivin29macmini/go/pkg/mod/github.com/goravel/gin@v1.17.0/utils.go:54 [gin.(*Group).WithMiddlewares.middlewaresToGinHandlers.middlewareToGinHandler.func1]
/Users/arivin29macmini/go/pkg/mod/github.com/gin-gonic/gin@v1.11.0/context.go:192 [gin.(*Context).Next]
/Users/arivin29macmini/go/pkg/mod/github.com/goravel/gin@v1.17.0/context_request.go:230 [gin.(*ContextRequest).Next]
/Users/arivin29macmini/Documents/DEVETEK/BMS/dms/app/http/middleware/scope.go:63 [routes.Api.func2.DataScope.5]
/Users/arivin29macmini/go/pkg/mod/github.com/goravel/gin@v1.17.0/utils.go:54 [gin.(*Group).WithMiddlewares.middlewaresToGinHandlers.middlewareToGinHandler.func1]
/Users/arivin29macmini/go/pkg/mod/github.com/gin-gonic/gin@v1.11.0/context.go:192 [gin.(*Context).Next]
/Users/arivin29macmini/go/pkg/mod/github.com/goravel/gin@v1.17.0/context_request.go:230 [gin.(*ContextRequest).Next]
/Users/arivin29macmini/Documents/DEVETEK/BMS/dms/app/http/middleware/auth.go:50 [routes.Api.func2.Auth.4]
/Users/arivin29macmini/go/pkg/mod/github.com/goravel/gin@v1.17.0/utils.go:54 [gin.(*Group).WithMiddlewares.middlewaresToGinHandlers.middlewareToGinHandler.func1]
/Users/arivin29macmini/go/pkg/mod/github.com/gin-gonic/gin@v1.11.0/context.go:192 [gin.(*Context).Next]
/Users/arivin29macmini/go/pkg/mod/github.com/goravel/gin@v1.17.0/context_request.go:230 [gin.(*ContextRequest).Next]
/Users/arivin29macmini/Documents/DEVETEK/BMS/dms/app/http/middleware/cors.go:27 [routes.Api.Cors.func5]
/Users/arivin29macmini/go/pkg/mod/github.com/goravel/gin@v1.17.0/utils.go:54 [gin.(*Group).WithMiddlewares.middlewaresToGinHandlers.middlewareToGinHandler.func1]
/Users/arivin29macmini/go/pkg/mod/github.com/gin-gonic/gin@v1.11.0/context.go:192 [gin.(*Context).Next]
/Users/arivin29macmini/go/pkg/mod/github.com/goravel/gin@v1.17.0/context_request.go:230 [gin.(*ContextRequest).Next]
/Users/arivin29macmini/go/pkg/mod/github.com/goravel/gin@v1.17.0/middleware_tls.go:18 [gin.NewRoute.Tls.func3]
/Users/arivin29macmini/go/pkg/mod/github.com/goravel/gin@v1.17.0/utils.go:54 [gin.(*Route).init.middlewaresToGinHandlers.middlewareToGinHandler.func3]
/Users/arivin29macmini/go/pkg/mod/github.com/gin-gonic/gin@v1.11.0/context.go:192 [gin.(*Context).Next]
/Users/arivin29macmini/go/pkg/mod/github.com/goravel/gin@v1.17.0/context_request.go:230 [gin.(*ContextRequest).Next]
/Users/arivin29macmini/go/pkg/mod/github.com/goravel/gin@v1.17.0/middleware_cors.go:63 [gin.NewRoute.Cors.func2]
/Users/arivin29macmini/go/pkg/mod/github.com/goravel/gin@v1.17.0/utils.go:54 [gin.(*Route).init.middlewaresToGinHandlers.middlewareToGinHandler.func3]
/Users/arivin29macmini/go/pkg/mod/github.com/gin-gonic/gin@v1.11.0/context.go:192 [gin.(*Context).Next]
/Users/arivin29macmini/go/pkg/mod/github.com/goravel/gin@v1.17.0/context_request.go:230 [gin.(*ContextRequest).Next]
[2026-04-16 01:49:48.873] local.info: [18.555ms] [rows:1] SELECT * FROM "departments" WHERE "departments"."id" = '00000000-0000-0000-0000-000000000003'
[2026-04-16 01:49:48.893] local.info: [20.078ms] [rows:1] SELECT * FROM "document_types" WHERE "document_types"."id" = '7367ca3d-eb1d-43dd-a115-cf3d2ceecdfa'
[2026-04-16 01:49:48.913] local.info: [19.817ms] [rows:1] SELECT * FROM "offices" WHERE "offices"."id" = '00000000-0000-0000-0000-000000000002'
[2026-04-16 01:49:48.933] local.info: [19.757ms] [rows:1] SELECT * FROM "document_templates" WHERE "document_templates"."id" = 'ef6ad65a-07d2-444b-951d-d197ee14c8a0'
[2026-04-16 01:49:48.933] local.info: [144.556ms] [rows:1] SELECT * FROM "documents" WHERE id = '1cb5293d-d875-4bab-865b-85e18ccee4aa' AND deleted_at IS NULL ORDER BY "documents"."id" LIMIT 1
[2026-04-16 01:50:08.56] local.info: [40.494ms] [rows:1] SELECT * FROM "users" WHERE id = '00000000-0000-0000-0000-000000000099' ORDER BY "users"."id" LIMIT 1
[2026-04-16 01:50:08.56] local.info: [30.105ms] [rows:1] SELECT * FROM "users" WHERE id = '00000000-0000-0000-0000-000000000099' ORDER BY "users"."id" LIMIT 1
[2026-04-16 01:50:08.56] local.info: [18.536ms] [rows:1] SELECT * FROM "users" WHERE id = '00000000-0000-0000-0000-000000000099' ORDER BY "users"."id" LIMIT 1
[2026-04-16 01:50:08.567] local.info: [24.442ms] [rows:1] SELECT * FROM "users" WHERE id = '00000000-0000-0000-0000-000000000099' ORDER BY "users"."id" LIMIT 1
[2026-04-16 01:50:08.568] local.info: [7.262ms] [rows:1] SELECT * FROM "user_roles" WHERE user_id = '00000000-0000-0000-0000-000000000099'
[2026-04-16 01:50:08.568] local.info: [7.310ms] [rows:1] SELECT * FROM "user_roles" WHERE user_id = '00000000-0000-0000-0000-000000000099'
[2026-04-16 01:50:08.576] local.info: [33.171ms] [rows:1] SELECT * FROM "users" WHERE id = '00000000-0000-0000-0000-000000000099' ORDER BY "users"."id" LIMIT 1
[2026-04-16 01:50:08.576] local.info: [16.077ms] [rows:1] SELECT * FROM "user_roles" WHERE user_id = '00000000-0000-0000-0000-000000000099'
[2026-04-16 01:50:08.576] local.info: [8.938ms] [rows:1] SELECT * FROM "user_roles" WHERE user_id = '00000000-0000-0000-0000-000000000099'
[2026-04-16 01:50:08.576] local.info: [8.654ms] [rows:1] SELECT * FROM "roles" WHERE id IN ('68c46dfb-a565-4938-99d7-9fdd0acf8a7e')
[2026-04-16 01:50:08.585] local.info: [17.424ms] [rows:1] SELECT * FROM "roles" WHERE id IN ('68c46dfb-a565-4938-99d7-9fdd0acf8a7e')
[2026-04-16 01:50:08.585] local.info: [9.054ms] [rows:1] SELECT * FROM "user_roles" WHERE user_id = '00000000-0000-0000-0000-000000000099'
[2026-04-16 01:50:08.585] local.info: [8.806ms] [rows:1] SELECT * FROM "roles" WHERE id IN ('68c46dfb-a565-4938-99d7-9fdd0acf8a7e')
[2026-04-16 01:50:08.585] local.info: [8.855ms] [rows:1] SELECT * FROM "roles" WHERE id IN ('68c46dfb-a565-4938-99d7-9fdd0acf8a7e')
[2026-04-16 01:50:08.593] local.info: [16.827ms] [rows:45] SELECT * FROM "role_permissions" WHERE role_id IN ('68c46dfb-a565-4938-99d7-9fdd0acf8a7e')
[2026-04-16 01:50:08.595] local.info: [9.349ms] [rows:45] SELECT * FROM "role_permissions" WHERE role_id IN ('68c46dfb-a565-4938-99d7-9fdd0acf8a7e')
[2026-04-16 01:50:08.598] local.info: [12.558ms] [rows:45] SELECT * FROM "role_permissions" WHERE role_id IN ('68c46dfb-a565-4938-99d7-9fdd0acf8a7e')
[2026-04-16 01:50:08.598] local.info: [12.970ms] [rows:1] SELECT * FROM "roles" WHERE id IN ('68c46dfb-a565-4938-99d7-9fdd0acf8a7e')
[2026-04-16 01:50:08.601] local.info: [15.981ms] [rows:45] SELECT * FROM "role_permissions" WHERE role_id IN ('68c46dfb-a565-4938-99d7-9fdd0acf8a7e')
[2026-04-16 01:50:08.603] local.info: [9.800ms] [rows:45] SELECT * FROM "permissions" WHERE id IN ('ab6da9f5-8b11-4644-9aaa-009b3b28a4ec','5daf3519-8949-4d26-b4bc-00c8b03f04fe','91166846-7ec1-42de-b134-ce141c3a9d7d','28c919a4-3744-4931-805a-a219892adbe3','789e0c77-5a0c-4ea7-a2e1-606803a6e2bd','6cd9d7a8-34ac-4740-9bc1-aa386ae6de38','8d2454fc-6567-46f9-8527-5843c7142e3c','cf81b7d4-096a-435a-b515-ad3f779199b8','82188518-37d9-45c0-9bca-b0d202cc9449','c01ff63f-6e93-4a78-8e50-87af96ab4a89','a14b8e8b-3f32-475f-8a47-5d33dab3042e','653cb315-36f1-4697-90e4-329900532da2','217d2f9d-5606-432f-99aa-bd6fb720b45f','328bd207-61d6-40ab-9d1d-bbe31ba63a3e','9b3cb586-a24f-4353-8c5a-6a860eba7357','a9280ee9-eb73-4cfb-8092-80f4c2cc5529','e225de9e-e14e-4219-a638-44d136be5613','46c78359-bdb4-421e-9182-d1d095921f20','b0aabdc2-3a7f-496c-a902-ee468671cf24','f4e500e8-45dd-4eeb-8b47-c97d832f18b2','00f63f53-4009-405a-9736-eff543475f78','31cb98ec-4d68-460a-8a6b-1566b0356cb5','29033b15-df4d-4afe-b261-d9f9d978215b','770de03c-008e-4352-915b-dbad46394b3e','386b4440-e446-4a4c-bbf2-2df0b3d482e7','764434f1-f401-4cec-b0a5-94c50e4c10bb','f8315a47-3595-4af7-afca-831deb36ae44','16b41fad-47bb-456e-818a-0e17a10696d3','7dba2974-eed0-4a24-8090-13ce49e8ae9c','2107c201-e779-4d54-b9d8-e77e63506727','540fda97-9bb5-45a3-8677-e5494a35f98d','8db21bed-0a56-4384-b989-46c85bf60a4a','b64fe46a-25b2-4780-b910-8897bab331d1','04b0026e-ed12-4e5e-85e2-1ed905581184','c4b26668-789f-4117-b9af-34719df71955','06cf74d1-3ae5-4aee-8048-5fab3132f2ba','5ce4a39b-7e40-4486-b5d7-7f910cb36590','b23b7eaa-6c87-413b-b144-42b7afafd4df','f033f831-0ad6-4654-b9cc-9ad6f8c92e8c','af282aaf-606b-4d5f-9ef8-070dc205befb','24c1e762-e92d-485c-ab51-7bd8574e8cb1','2d68eaae-a710-43ae-b278-b376f0865788','21fdd8fe-78d5-4ce1-ae83-7df1ebfc6f56','23922b05-5fbd-49fd-8f6e-3847cabd2503','5c53b1b4-f8e2-4bd1-a376-d983f799cf4b')
[2026-04-16 01:50:08.606] local.info: [10.964ms] [rows:45] SELECT * FROM "permissions" WHERE id IN ('ab6da9f5-8b11-4644-9aaa-009b3b28a4ec','5daf3519-8949-4d26-b4bc-00c8b03f04fe','91166846-7ec1-42de-b134-ce141c3a9d7d','28c919a4-3744-4931-805a-a219892adbe3','789e0c77-5a0c-4ea7-a2e1-606803a6e2bd','6cd9d7a8-34ac-4740-9bc1-aa386ae6de38','8d2454fc-6567-46f9-8527-5843c7142e3c','cf81b7d4-096a-435a-b515-ad3f779199b8','82188518-37d9-45c0-9bca-b0d202cc9449','c01ff63f-6e93-4a78-8e50-87af96ab4a89','a14b8e8b-3f32-475f-8a47-5d33dab3042e','653cb315-36f1-4697-90e4-329900532da2','217d2f9d-5606-432f-99aa-bd6fb720b45f','328bd207-61d6-40ab-9d1d-bbe31ba63a3e','9b3cb586-a24f-4353-8c5a-6a860eba7357','a9280ee9-eb73-4cfb-8092-80f4c2cc5529','e225de9e-e14e-4219-a638-44d136be5613','46c78359-bdb4-421e-9182-d1d095921f20','b0aabdc2-3a7f-496c-a902-ee468671cf24','f4e500e8-45dd-4eeb-8b47-c97d832f18b2','00f63f53-4009-405a-9736-eff543475f78','31cb98ec-4d68-460a-8a6b-1566b0356cb5','29033b15-df4d-4afe-b261-d9f9d978215b','770de03c-008e-4352-915b-dbad46394b3e','386b4440-e446-4a4c-bbf2-2df0b3d482e7','764434f1-f401-4cec-b0a5-94c50e4c10bb','f8315a47-3595-4af7-afca-831deb36ae44','16b41fad-47bb-456e-818a-0e17a10696d3','7dba2974-eed0-4a24-8090-13ce49e8ae9c','2107c201-e779-4d54-b9d8-e77e63506727','540fda97-9bb5-45a3-8677-e5494a35f98d','8db21bed-0a56-4384-b989-46c85bf60a4a','b64fe46a-25b2-4780-b910-8897bab331d1','04b0026e-ed12-4e5e-85e2-1ed905581184','c4b26668-789f-4117-b9af-34719df71955','06cf74d1-3ae5-4aee-8048-5fab3132f2ba','5ce4a39b-7e40-4486-b5d7-7f910cb36590','b23b7eaa-6c87-413b-b144-42b7afafd4df','f033f831-0ad6-4654-b9cc-9ad6f8c92e8c','af282aaf-606b-4d5f-9ef8-070dc205befb','24c1e762-e92d-485c-ab51-7bd8574e8cb1','2d68eaae-a710-43ae-b278-b376f0865788','21fdd8fe-78d5-4ce1-ae83-7df1ebfc6f56','23922b05-5fbd-49fd-8f6e-3847cabd2503','5c53b1b4-f8e2-4bd1-a376-d983f799cf4b')
[2026-04-16 01:50:08.609] local.info: [10.910ms] [rows:45] SELECT * FROM "role_permissions" WHERE role_id IN ('68c46dfb-a565-4938-99d7-9fdd0acf8a7e')
[2026-04-16 01:50:08.613] local.info: [14.458ms] [rows:45] SELECT * FROM "permissions" WHERE id IN ('ab6da9f5-8b11-4644-9aaa-009b3b28a4ec','5daf3519-8949-4d26-b4bc-00c8b03f04fe','91166846-7ec1-42de-b134-ce141c3a9d7d','28c919a4-3744-4931-805a-a219892adbe3','789e0c77-5a0c-4ea7-a2e1-606803a6e2bd','6cd9d7a8-34ac-4740-9bc1-aa386ae6de38','8d2454fc-6567-46f9-8527-5843c7142e3c','cf81b7d4-096a-435a-b515-ad3f779199b8','82188518-37d9-45c0-9bca-b0d202cc9449','c01ff63f-6e93-4a78-8e50-87af96ab4a89','a14b8e8b-3f32-475f-8a47-5d33dab3042e','653cb315-36f1-4697-90e4-329900532da2','217d2f9d-5606-432f-99aa-bd6fb720b45f','328bd207-61d6-40ab-9d1d-bbe31ba63a3e','9b3cb586-a24f-4353-8c5a-6a860eba7357','a9280ee9-eb73-4cfb-8092-80f4c2cc5529','e225de9e-e14e-4219-a638-44d136be5613','46c78359-bdb4-421e-9182-d1d095921f20','b0aabdc2-3a7f-496c-a902-ee468671cf24','f4e500e8-45dd-4eeb-8b47-c97d832f18b2','00f63f53-4009-405a-9736-eff543475f78','31cb98ec-4d68-460a-8a6b-1566b0356cb5','29033b15-df4d-4afe-b261-d9f9d978215b','770de03c-008e-4352-915b-dbad46394b3e','386b4440-e446-4a4c-bbf2-2df0b3d482e7','764434f1-f401-4cec-b0a5-94c50e4c10bb','f8315a47-3595-4af7-afca-831deb36ae44','16b41fad-47bb-456e-818a-0e17a10696d3','7dba2974-eed0-4a24-8090-13ce49e8ae9c','2107c201-e779-4d54-b9d8-e77e63506727','540fda97-9bb5-45a3-8677-e5494a35f98d','8db21bed-0a56-4384-b989-46c85bf60a4a','b64fe46a-25b2-4780-b910-8897bab331d1','04b0026e-ed12-4e5e-85e2-1ed905581184','c4b26668-789f-4117-b9af-34719df71955','06cf74d1-3ae5-4aee-8048-5fab3132f2ba','5ce4a39b-7e40-4486-b5d7-7f910cb36590','b23b7eaa-6c87-413b-b144-42b7afafd4df','f033f831-0ad6-4654-b9cc-9ad6f8c92e8c','af282aaf-606b-4d5f-9ef8-070dc205befb','24c1e762-e92d-485c-ab51-7bd8574e8cb1','2d68eaae-a710-43ae-b278-b376f0865788','21fdd8fe-78d5-4ce1-ae83-7df1ebfc6f56','23922b05-5fbd-49fd-8f6e-3847cabd2503','5c53b1b4-f8e2-4bd1-a376-d983f799cf4b')
[2026-04-16 01:50:08.615] local.info: [13.673ms] [rows:45] SELECT * FROM "permissions" WHERE id IN ('ab6da9f5-8b11-4644-9aaa-009b3b28a4ec','5daf3519-8949-4d26-b4bc-00c8b03f04fe','91166846-7ec1-42de-b134-ce141c3a9d7d','28c919a4-3744-4931-805a-a219892adbe3','789e0c77-5a0c-4ea7-a2e1-606803a6e2bd','6cd9d7a8-34ac-4740-9bc1-aa386ae6de38','8d2454fc-6567-46f9-8527-5843c7142e3c','cf81b7d4-096a-435a-b515-ad3f779199b8','82188518-37d9-45c0-9bca-b0d202cc9449','c01ff63f-6e93-4a78-8e50-87af96ab4a89','a14b8e8b-3f32-475f-8a47-5d33dab3042e','653cb315-36f1-4697-90e4-329900532da2','217d2f9d-5606-432f-99aa-bd6fb720b45f','328bd207-61d6-40ab-9d1d-bbe31ba63a3e','9b3cb586-a24f-4353-8c5a-6a860eba7357','a9280ee9-eb73-4cfb-8092-80f4c2cc5529','e225de9e-e14e-4219-a638-44d136be5613','46c78359-bdb4-421e-9182-d1d095921f20','b0aabdc2-3a7f-496c-a902-ee468671cf24','f4e500e8-45dd-4eeb-8b47-c97d832f18b2','00f63f53-4009-405a-9736-eff543475f78','31cb98ec-4d68-460a-8a6b-1566b0356cb5','29033b15-df4d-4afe-b261-d9f9d978215b','770de03c-008e-4352-915b-dbad46394b3e','386b4440-e446-4a4c-bbf2-2df0b3d482e7','764434f1-f401-4cec-b0a5-94c50e4c10bb','f8315a47-3595-4af7-afca-831deb36ae44','16b41fad-47bb-456e-818a-0e17a10696d3','7dba2974-eed0-4a24-8090-13ce49e8ae9c','2107c201-e779-4d54-b9d8-e77e63506727','540fda97-9bb5-45a3-8677-e5494a35f98d','8db21bed-0a56-4384-b989-46c85bf60a4a','b64fe46a-25b2-4780-b910-8897bab331d1','04b0026e-ed12-4e5e-85e2-1ed905581184','c4b26668-789f-4117-b9af-34719df71955','06cf74d1-3ae5-4aee-8048-5fab3132f2ba','5ce4a39b-7e40-4486-b5d7-7f910cb36590','b23b7eaa-6c87-413b-b144-42b7afafd4df','f033f831-0ad6-4654-b9cc-9ad6f8c92e8c','af282aaf-606b-4d5f-9ef8-070dc205befb','24c1e762-e92d-485c-ab51-7bd8574e8cb1','2d68eaae-a710-43ae-b278-b376f0865788','21fdd8fe-78d5-4ce1-ae83-7df1ebfc6f56','23922b05-5fbd-49fd-8f6e-3847cabd2503','5c53b1b4-f8e2-4bd1-a376-d983f799cf4b')
[2026-04-16 01:50:08.615] local.info: [11.864ms] [rows:1] SELECT count(*) FROM "notifications" WHERE user_id = '00000000-0000-0000-0000-000000000099' AND is_read = false
[2026-04-16 01:50:08.618] local.info: [11.890ms] [rows:1] SELECT count(*) FROM "document_templates" WHERE company_id = '00000000-0000-0000-0000-000000000001'
[2026-04-16 01:50:08.627] local.info: [17.007ms] [rows:45] SELECT * FROM "permissions" WHERE id IN ('ab6da9f5-8b11-4644-9aaa-009b3b28a4ec','5daf3519-8949-4d26-b4bc-00c8b03f04fe','91166846-7ec1-42de-b134-ce141c3a9d7d','28c919a4-3744-4931-805a-a219892adbe3','789e0c77-5a0c-4ea7-a2e1-606803a6e2bd','6cd9d7a8-34ac-4740-9bc1-aa386ae6de38','8d2454fc-6567-46f9-8527-5843c7142e3c','cf81b7d4-096a-435a-b515-ad3f779199b8','82188518-37d9-45c0-9bca-b0d202cc9449','c01ff63f-6e93-4a78-8e50-87af96ab4a89','a14b8e8b-3f32-475f-8a47-5d33dab3042e','653cb315-36f1-4697-90e4-329900532da2','217d2f9d-5606-432f-99aa-bd6fb720b45f','328bd207-61d6-40ab-9d1d-bbe31ba63a3e','9b3cb586-a24f-4353-8c5a-6a860eba7357','a9280ee9-eb73-4cfb-8092-80f4c2cc5529','e225de9e-e14e-4219-a638-44d136be5613','46c78359-bdb4-421e-9182-d1d095921f20','b0aabdc2-3a7f-496c-a902-ee468671cf24','f4e500e8-45dd-4eeb-8b47-c97d832f18b2','00f63f53-4009-405a-9736-eff543475f78','31cb98ec-4d68-460a-8a6b-1566b0356cb5','29033b15-df4d-4afe-b261-d9f9d978215b','770de03c-008e-4352-915b-dbad46394b3e','386b4440-e446-4a4c-bbf2-2df0b3d482e7','764434f1-f401-4cec-b0a5-94c50e4c10bb','f8315a47-3595-4af7-afca-831deb36ae44','16b41fad-47bb-456e-818a-0e17a10696d3','7dba2974-eed0-4a24-8090-13ce49e8ae9c','2107c201-e779-4d54-b9d8-e77e63506727','540fda97-9bb5-45a3-8677-e5494a35f98d','8db21bed-0a56-4384-b989-46c85bf60a4a','b64fe46a-25b2-4780-b910-8897bab331d1','04b0026e-ed12-4e5e-85e2-1ed905581184','c4b26668-789f-4117-b9af-34719df71955','06cf74d1-3ae5-4aee-8048-5fab3132f2ba','5ce4a39b-7e40-4486-b5d7-7f910cb36590','b23b7eaa-6c87-413b-b144-42b7afafd4df','f033f831-0ad6-4654-b9cc-9ad6f8c92e8c','af282aaf-606b-4d5f-9ef8-070dc205befb','24c1e762-e92d-485c-ab51-7bd8574e8cb1','2d68eaae-a710-43ae-b278-b376f0865788','21fdd8fe-78d5-4ce1-ae83-7df1ebfc6f56','23922b05-5fbd-49fd-8f6e-3847cabd2503','5c53b1b4-f8e2-4bd1-a376-d983f799cf4b')
[2026-04-16 01:50:08.627] local.info: [13.996ms] [rows:1] SELECT count(*) FROM "document_categories" WHERE deleted_at IS NULL
[2026-04-16 01:50:08.635] local.info: [19.861ms] [rows:1] SELECT count(*) FROM "document_types"
[2026-04-16 01:50:08.635] local.info: [8.556ms] [rows:1] SELECT count(*) FROM "companies"
[2026-04-16 01:50:08.655] local.info: [19.422ms] [rows:1] SELECT * FROM "companies" ORDER BY created_at desc LIMIT 20
[2026-04-16 01:50:08.655] local.info: [27.918ms] [rows:1] SELECT * FROM "document_categories" WHERE deleted_at IS NULL ORDER BY sort_order asc, created_at desc LIMIT 20
[2026-04-16 01:50:08.655] local.info: [19.638ms] [rows:5] SELECT * FROM "document_types" ORDER BY sort_order asc, created_at desc LIMIT 20
[2026-04-16 01:50:08.655] local.info: [19.778ms] [rows:1] SELECT * FROM "document_types" WHERE "document_types"."id" = '7367ca3d-eb1d-43dd-a115-cf3d2ceecdfa'
[2026-04-16 01:50:08.656] local.info: [37.526ms] [rows:1] SELECT * FROM "document_templates" WHERE company_id = '00000000-0000-0000-0000-000000000001' ORDER BY created_at desc LIMIT 20
[2026-04-16 01:50:08.682] local.info: [26.034ms] [rows:1] SELECT * FROM "users" WHERE id = '00000000-0000-0000-0000-000000000099' ORDER BY "users"."id" LIMIT 1
[2026-04-16 01:50:08.703] local.info: [19.964ms] [rows:1] SELECT * FROM "user_roles" WHERE user_id = '00000000-0000-0000-0000-000000000099'
[2026-04-16 01:50:08.723] local.info: [20.424ms] [rows:1] SELECT * FROM "roles" WHERE id IN ('68c46dfb-a565-4938-99d7-9fdd0acf8a7e')
[2026-04-16 01:50:08.743] local.info: [19.415ms] [rows:45] SELECT * FROM "role_permissions" WHERE role_id IN ('68c46dfb-a565-4938-99d7-9fdd0acf8a7e')
[2026-04-16 01:50:08.762] local.info: [19.209ms] [rows:45] SELECT * FROM "permissions" WHERE id IN ('ab6da9f5-8b11-4644-9aaa-009b3b28a4ec','5daf3519-8949-4d26-b4bc-00c8b03f04fe','91166846-7ec1-42de-b134-ce141c3a9d7d','28c919a4-3744-4931-805a-a219892adbe3','789e0c77-5a0c-4ea7-a2e1-606803a6e2bd','6cd9d7a8-34ac-4740-9bc1-aa386ae6de38','8d2454fc-6567-46f9-8527-5843c7142e3c','cf81b7d4-096a-435a-b515-ad3f779199b8','82188518-37d9-45c0-9bca-b0d202cc9449','c01ff63f-6e93-4a78-8e50-87af96ab4a89','a14b8e8b-3f32-475f-8a47-5d33dab3042e','653cb315-36f1-4697-90e4-329900532da2','217d2f9d-5606-432f-99aa-bd6fb720b45f','328bd207-61d6-40ab-9d1d-bbe31ba63a3e','9b3cb586-a24f-4353-8c5a-6a860eba7357','a9280ee9-eb73-4cfb-8092-80f4c2cc5529','e225de9e-e14e-4219-a638-44d136be5613','46c78359-bdb4-421e-9182-d1d095921f20','b0aabdc2-3a7f-496c-a902-ee468671cf24','f4e500e8-45dd-4eeb-8b47-c97d832f18b2','00f63f53-4009-405a-9736-eff543475f78','31cb98ec-4d68-460a-8a6b-1566b0356cb5','29033b15-df4d-4afe-b261-d9f9d978215b','770de03c-008e-4352-915b-dbad46394b3e','386b4440-e446-4a4c-bbf2-2df0b3d482e7','764434f1-f401-4cec-b0a5-94c50e4c10bb','f8315a47-3595-4af7-afca-831deb36ae44','16b41fad-47bb-456e-818a-0e17a10696d3','7dba2974-eed0-4a24-8090-13ce49e8ae9c','2107c201-e779-4d54-b9d8-e77e63506727','540fda97-9bb5-45a3-8677-e5494a35f98d','8db21bed-0a56-4384-b989-46c85bf60a4a','b64fe46a-25b2-4780-b910-8897bab331d1','04b0026e-ed12-4e5e-85e2-1ed905581184','c4b26668-789f-4117-b9af-34719df71955','06cf74d1-3ae5-4aee-8048-5fab3132f2ba','5ce4a39b-7e40-4486-b5d7-7f910cb36590','b23b7eaa-6c87-413b-b144-42b7afafd4df','f033f831-0ad6-4654-b9cc-9ad6f8c92e8c','af282aaf-606b-4d5f-9ef8-070dc205befb','24c1e762-e92d-485c-ab51-7bd8574e8cb1','2d68eaae-a710-43ae-b278-b376f0865788','21fdd8fe-78d5-4ce1-ae83-7df1ebfc6f56','23922b05-5fbd-49fd-8f6e-3847cabd2503','5c53b1b4-f8e2-4bd1-a376-d983f799cf4b')
[2026-04-16 01:50:08.783] local.info: [19.959ms] [rows:1] SELECT count(*) FROM "document_types"
[2026-04-16 01:50:08.806] local.info: [23.539ms] [rows:5] SELECT * FROM "document_types" ORDER BY sort_order asc, created_at desc LIMIT 20
[2026-04-16 01:50:14.833] local.info: [45.182ms] [rows:1] SELECT * FROM "users" WHERE id = '00000000-0000-0000-0000-000000000099' ORDER BY "users"."id" LIMIT 1
[2026-04-16 01:50:14.852] local.info: [19.743ms] [rows:1] SELECT * FROM "user_roles" WHERE user_id = '00000000-0000-0000-0000-000000000099'
[2026-04-16 01:50:14.873] local.info: [19.921ms] [rows:1] SELECT * FROM "roles" WHERE id IN ('68c46dfb-a565-4938-99d7-9fdd0acf8a7e')
[2026-04-16 01:50:14.893] local.info: [19.614ms] [rows:45] SELECT * FROM "role_permissions" WHERE role_id IN ('68c46dfb-a565-4938-99d7-9fdd0acf8a7e')
[2026-04-16 01:50:14.933] local.info: [39.746ms] [rows:45] SELECT * FROM "permissions" WHERE id IN ('ab6da9f5-8b11-4644-9aaa-009b3b28a4ec','5daf3519-8949-4d26-b4bc-00c8b03f04fe','91166846-7ec1-42de-b134-ce141c3a9d7d','28c919a4-3744-4931-805a-a219892adbe3','789e0c77-5a0c-4ea7-a2e1-606803a6e2bd','6cd9d7a8-34ac-4740-9bc1-aa386ae6de38','8d2454fc-6567-46f9-8527-5843c7142e3c','cf81b7d4-096a-435a-b515-ad3f779199b8','82188518-37d9-45c0-9bca-b0d202cc9449','c01ff63f-6e93-4a78-8e50-87af96ab4a89','a14b8e8b-3f32-475f-8a47-5d33dab3042e','653cb315-36f1-4697-90e4-329900532da2','217d2f9d-5606-432f-99aa-bd6fb720b45f','328bd207-61d6-40ab-9d1d-bbe31ba63a3e','9b3cb586-a24f-4353-8c5a-6a860eba7357','a9280ee9-eb73-4cfb-8092-80f4c2cc5529','e225de9e-e14e-4219-a638-44d136be5613','46c78359-bdb4-421e-9182-d1d095921f20','b0aabdc2-3a7f-496c-a902-ee468671cf24','f4e500e8-45dd-4eeb-8b47-c97d832f18b2','00f63f53-4009-405a-9736-eff543475f78','31cb98ec-4d68-460a-8a6b-1566b0356cb5','29033b15-df4d-4afe-b261-d9f9d978215b','770de03c-008e-4352-915b-dbad46394b3e','386b4440-e446-4a4c-bbf2-2df0b3d482e7','764434f1-f401-4cec-b0a5-94c50e4c10bb','f8315a47-3595-4af7-afca-831deb36ae44','16b41fad-47bb-456e-818a-0e17a10696d3','7dba2974-eed0-4a24-8090-13ce49e8ae9c','2107c201-e779-4d54-b9d8-e77e63506727','540fda97-9bb5-45a3-8677-e5494a35f98d','8db21bed-0a56-4384-b989-46c85bf60a4a','b64fe46a-25b2-4780-b910-8897bab331d1','04b0026e-ed12-4e5e-85e2-1ed905581184','c4b26668-789f-4117-b9af-34719df71955','06cf74d1-3ae5-4aee-8048-5fab3132f2ba','5ce4a39b-7e40-4486-b5d7-7f910cb36590','b23b7eaa-6c87-413b-b144-42b7afafd4df','f033f831-0ad6-4654-b9cc-9ad6f8c92e8c','af282aaf-606b-4d5f-9ef8-070dc205befb','24c1e762-e92d-485c-ab51-7bd8574e8cb1','2d68eaae-a710-43ae-b278-b376f0865788','21fdd8fe-78d5-4ce1-ae83-7df1ebfc6f56','23922b05-5fbd-49fd-8f6e-3847cabd2503','5c53b1b4-f8e2-4bd1-a376-d983f799cf4b')
[2026-04-16 01:50:14.952] local.info: [19.341ms] [rows:1] SELECT * FROM "document_templates" WHERE id = 'ef6ad65a-07d2-444b-951d-d197ee14c8a0' ORDER BY "document_templates"."id" LIMIT 1
[2026-04-16 01:50:14.973] local.info: [20.061ms] [rows:3] SELECT * FROM "template_tags" WHERE template_id = 'ef6ad65a-07d2-444b-951d-d197ee14c8a0' ORDER BY group_order asc, field_order asc
[2026-04-16 01:50:17.182] local.info: [41.852ms] [rows:1] SELECT * FROM "users" WHERE id = '00000000-0000-0000-0000-000000000099' ORDER BY "users"."id" LIMIT 1
[2026-04-16 01:50:17.203] local.info: [20.179ms] [rows:1] SELECT * FROM "user_roles" WHERE user_id = '00000000-0000-0000-0000-000000000099'
[2026-04-16 01:50:17.223] local.info: [19.769ms] [rows:1] SELECT * FROM "roles" WHERE id IN ('68c46dfb-a565-4938-99d7-9fdd0acf8a7e')
[2026-04-16 01:50:17.246] local.info: [22.674ms] [rows:45] SELECT * FROM "role_permissions" WHERE role_id IN ('68c46dfb-a565-4938-99d7-9fdd0acf8a7e')
[2026-04-16 01:50:17.273] local.info: [27.328ms] [rows:45] SELECT * FROM "permissions" WHERE id IN ('ab6da9f5-8b11-4644-9aaa-009b3b28a4ec','5daf3519-8949-4d26-b4bc-00c8b03f04fe','91166846-7ec1-42de-b134-ce141c3a9d7d','28c919a4-3744-4931-805a-a219892adbe3','789e0c77-5a0c-4ea7-a2e1-606803a6e2bd','6cd9d7a8-34ac-4740-9bc1-aa386ae6de38','8d2454fc-6567-46f9-8527-5843c7142e3c','cf81b7d4-096a-435a-b515-ad3f779199b8','82188518-37d9-45c0-9bca-b0d202cc9449','c01ff63f-6e93-4a78-8e50-87af96ab4a89','a14b8e8b-3f32-475f-8a47-5d33dab3042e','653cb315-36f1-4697-90e4-329900532da2','217d2f9d-5606-432f-99aa-bd6fb720b45f','328bd207-61d6-40ab-9d1d-bbe31ba63a3e','9b3cb586-a24f-4353-8c5a-6a860eba7357','a9280ee9-eb73-4cfb-8092-80f4c2cc5529','e225de9e-e14e-4219-a638-44d136be5613','46c78359-bdb4-421e-9182-d1d095921f20','b0aabdc2-3a7f-496c-a902-ee468671cf24','f4e500e8-45dd-4eeb-8b47-c97d832f18b2','00f63f53-4009-405a-9736-eff543475f78','31cb98ec-4d68-460a-8a6b-1566b0356cb5','29033b15-df4d-4afe-b261-d9f9d978215b','770de03c-008e-4352-915b-dbad46394b3e','386b4440-e446-4a4c-bbf2-2df0b3d482e7','764434f1-f401-4cec-b0a5-94c50e4c10bb','f8315a47-3595-4af7-afca-831deb36ae44','16b41fad-47bb-456e-818a-0e17a10696d3','7dba2974-eed0-4a24-8090-13ce49e8ae9c','2107c201-e779-4d54-b9d8-e77e63506727','540fda97-9bb5-45a3-8677-e5494a35f98d','8db21bed-0a56-4384-b989-46c85bf60a4a','b64fe46a-25b2-4780-b910-8897bab331d1','04b0026e-ed12-4e5e-85e2-1ed905581184','c4b26668-789f-4117-b9af-34719df71955','06cf74d1-3ae5-4aee-8048-5fab3132f2ba','5ce4a39b-7e40-4486-b5d7-7f910cb36590','b23b7eaa-6c87-413b-b144-42b7afafd4df','f033f831-0ad6-4654-b9cc-9ad6f8c92e8c','af282aaf-606b-4d5f-9ef8-070dc205befb','24c1e762-e92d-485c-ab51-7bd8574e8cb1','2d68eaae-a710-43ae-b278-b376f0865788','21fdd8fe-78d5-4ce1-ae83-7df1ebfc6f56','23922b05-5fbd-49fd-8f6e-3847cabd2503','5c53b1b4-f8e2-4bd1-a376-d983f799cf4b')
[2026-04-16 01:50:17.293] local.info: [19.135ms] [rows:1] SELECT count(*) FROM "document_templates" WHERE company_id = '00000000-0000-0000-0000-000000000001'
[2026-04-16 01:50:17.333] local.info: [20.841ms] [rows:1] SELECT * FROM "document_types" WHERE "document_types"."id" = '7367ca3d-eb1d-43dd-a115-cf3d2ceecdfa'
[2026-04-16 01:50:17.334] local.info: [40.605ms] [rows:1] SELECT * FROM "document_templates" WHERE company_id = '00000000-0000-0000-0000-000000000001' ORDER BY created_at desc LIMIT 20
[2026-04-16 01:50:18.884] local.info: [47.457ms] [rows:1] SELECT * FROM "users" WHERE id = '00000000-0000-0000-0000-000000000099' ORDER BY "users"."id" LIMIT 1
[2026-04-16 01:50:18.902] local.info: [18.456ms] [rows:1] SELECT * FROM "user_roles" WHERE user_id = '00000000-0000-0000-0000-000000000099'
[2026-04-16 01:50:18.922] local.info: [19.839ms] [rows:1] SELECT * FROM "roles" WHERE id IN ('68c46dfb-a565-4938-99d7-9fdd0acf8a7e')
[2026-04-16 01:50:18.942] local.info: [20.063ms] [rows:45] SELECT * FROM "role_permissions" WHERE role_id IN ('68c46dfb-a565-4938-99d7-9fdd0acf8a7e')
[2026-04-16 01:50:18.962] local.info: [20.145ms] [rows:45] SELECT * FROM "permissions" WHERE id IN ('ab6da9f5-8b11-4644-9aaa-009b3b28a4ec','5daf3519-8949-4d26-b4bc-00c8b03f04fe','91166846-7ec1-42de-b134-ce141c3a9d7d','28c919a4-3744-4931-805a-a219892adbe3','789e0c77-5a0c-4ea7-a2e1-606803a6e2bd','6cd9d7a8-34ac-4740-9bc1-aa386ae6de38','8d2454fc-6567-46f9-8527-5843c7142e3c','cf81b7d4-096a-435a-b515-ad3f779199b8','82188518-37d9-45c0-9bca-b0d202cc9449','c01ff63f-6e93-4a78-8e50-87af96ab4a89','a14b8e8b-3f32-475f-8a47-5d33dab3042e','653cb315-36f1-4697-90e4-329900532da2','217d2f9d-5606-432f-99aa-bd6fb720b45f','328bd207-61d6-40ab-9d1d-bbe31ba63a3e','9b3cb586-a24f-4353-8c5a-6a860eba7357','a9280ee9-eb73-4cfb-8092-80f4c2cc5529','e225de9e-e14e-4219-a638-44d136be5613','46c78359-bdb4-421e-9182-d1d095921f20','b0aabdc2-3a7f-496c-a902-ee468671cf24','f4e500e8-45dd-4eeb-8b47-c97d832f18b2','00f63f53-4009-405a-9736-eff543475f78','31cb98ec-4d68-460a-8a6b-1566b0356cb5','29033b15-df4d-4afe-b261-d9f9d978215b','770de03c-008e-4352-915b-dbad46394b3e','386b4440-e446-4a4c-bbf2-2df0b3d482e7','764434f1-f401-4cec-b0a5-94c50e4c10bb','f8315a47-3595-4af7-afca-831deb36ae44','16b41fad-47bb-456e-818a-0e17a10696d3','7dba2974-eed0-4a24-8090-13ce49e8ae9c','2107c201-e779-4d54-b9d8-e77e63506727','540fda97-9bb5-45a3-8677-e5494a35f98d','8db21bed-0a56-4384-b989-46c85bf60a4a','b64fe46a-25b2-4780-b910-8897bab331d1','04b0026e-ed12-4e5e-85e2-1ed905581184','c4b26668-789f-4117-b9af-34719df71955','06cf74d1-3ae5-4aee-8048-5fab3132f2ba','5ce4a39b-7e40-4486-b5d7-7f910cb36590','b23b7eaa-6c87-413b-b144-42b7afafd4df','f033f831-0ad6-4654-b9cc-9ad6f8c92e8c','af282aaf-606b-4d5f-9ef8-070dc205befb','24c1e762-e92d-485c-ab51-7bd8574e8cb1','2d68eaae-a710-43ae-b278-b376f0865788','21fdd8fe-78d5-4ce1-ae83-7df1ebfc6f56','23922b05-5fbd-49fd-8f6e-3847cabd2503','5c53b1b4-f8e2-4bd1-a376-d983f799cf4b')
[2026-04-16 01:50:18.982] local.info: [19.758ms] [rows:1] SELECT count(*) FROM "notifications" WHERE user_id = '00000000-0000-0000-0000-000000000099' AND is_read = false
[2026-04-16 01:50:20.733] local.info: [40.752ms] [rows:1] SELECT * FROM "users" WHERE id = '00000000-0000-0000-0000-000000000099' ORDER BY "users"."id" LIMIT 1
[2026-04-16 01:50:20.753] local.info: [19.802ms] [rows:1] SELECT * FROM "user_roles" WHERE user_id = '00000000-0000-0000-0000-000000000099'
[2026-04-16 01:50:20.773] local.info: [19.871ms] [rows:1] SELECT * FROM "roles" WHERE id IN ('68c46dfb-a565-4938-99d7-9fdd0acf8a7e')
[2026-04-16 01:50:20.793] local.info: [19.684ms] [rows:45] SELECT * FROM "role_permissions" WHERE role_id IN ('68c46dfb-a565-4938-99d7-9fdd0acf8a7e')
[2026-04-16 01:50:20.813] local.info: [19.876ms] [rows:45] SELECT * FROM "permissions" WHERE id IN ('ab6da9f5-8b11-4644-9aaa-009b3b28a4ec','5daf3519-8949-4d26-b4bc-00c8b03f04fe','91166846-7ec1-42de-b134-ce141c3a9d7d','28c919a4-3744-4931-805a-a219892adbe3','789e0c77-5a0c-4ea7-a2e1-606803a6e2bd','6cd9d7a8-34ac-4740-9bc1-aa386ae6de38','8d2454fc-6567-46f9-8527-5843c7142e3c','cf81b7d4-096a-435a-b515-ad3f779199b8','82188518-37d9-45c0-9bca-b0d202cc9449','c01ff63f-6e93-4a78-8e50-87af96ab4a89','a14b8e8b-3f32-475f-8a47-5d33dab3042e','653cb315-36f1-4697-90e4-329900532da2','217d2f9d-5606-432f-99aa-bd6fb720b45f','328bd207-61d6-40ab-9d1d-bbe31ba63a3e','9b3cb586-a24f-4353-8c5a-6a860eba7357','a9280ee9-eb73-4cfb-8092-80f4c2cc5529','e225de9e-e14e-4219-a638-44d136be5613','46c78359-bdb4-421e-9182-d1d095921f20','b0aabdc2-3a7f-496c-a902-ee468671cf24','f4e500e8-45dd-4eeb-8b47-c97d832f18b2','00f63f53-4009-405a-9736-eff543475f78','31cb98ec-4d68-460a-8a6b-1566b0356cb5','29033b15-df4d-4afe-b261-d9f9d978215b','770de03c-008e-4352-915b-dbad46394b3e','386b4440-e446-4a4c-bbf2-2df0b3d482e7','764434f1-f401-4cec-b0a5-94c50e4c10bb','f8315a47-3595-4af7-afca-831deb36ae44','16b41fad-47bb-456e-818a-0e17a10696d3','7dba2974-eed0-4a24-8090-13ce49e8ae9c','2107c201-e779-4d54-b9d8-e77e63506727','540fda97-9bb5-45a3-8677-e5494a35f98d','8db21bed-0a56-4384-b989-46c85bf60a4a','b64fe46a-25b2-4780-b910-8897bab331d1','04b0026e-ed12-4e5e-85e2-1ed905581184','c4b26668-789f-4117-b9af-34719df71955','06cf74d1-3ae5-4aee-8048-5fab3132f2ba','5ce4a39b-7e40-4486-b5d7-7f910cb36590','b23b7eaa-6c87-413b-b144-42b7afafd4df','f033f831-0ad6-4654-b9cc-9ad6f8c92e8c','af282aaf-606b-4d5f-9ef8-070dc205befb','24c1e762-e92d-485c-ab51-7bd8574e8cb1','2d68eaae-a710-43ae-b278-b376f0865788','21fdd8fe-78d5-4ce1-ae83-7df1ebfc6f56','23922b05-5fbd-49fd-8f6e-3847cabd2503','5c53b1b4-f8e2-4bd1-a376-d983f799cf4b')
[2026-04-16 01:50:20.836] local.info: [22.290ms] [rows:1] SELECT * FROM "document_templates" WHERE id = 'ef6ad65a-07d2-444b-951d-d197ee14c8a0' ORDER BY "document_templates"."id" LIMIT 1
[2026-04-16 01:50:20.863] local.info: [26.419ms] [rows:3] SELECT * FROM "template_tags" WHERE template_id = 'ef6ad65a-07d2-444b-951d-d197ee14c8a0' ORDER BY group_order asc, field_order asc
[2026-04-16 01:50:38.582] local.info: [55.613ms] [rows:1] SELECT * FROM "users" WHERE id = '00000000-0000-0000-0000-000000000099' ORDER BY "users"."id" LIMIT 1
[2026-04-16 01:50:38.602] local.info: [19.581ms] [rows:1] SELECT * FROM "user_roles" WHERE user_id = '00000000-0000-0000-0000-000000000099'
[2026-04-16 01:50:38.622] local.info: [20.083ms] [rows:1] SELECT * FROM "roles" WHERE id IN ('68c46dfb-a565-4938-99d7-9fdd0acf8a7e')
[2026-04-16 01:50:38.642] local.info: [19.673ms] [rows:45] SELECT * FROM "role_permissions" WHERE role_id IN ('68c46dfb-a565-4938-99d7-9fdd0acf8a7e')
[2026-04-16 01:50:38.662] local.info: [19.837ms] [rows:45] SELECT * FROM "permissions" WHERE id IN ('ab6da9f5-8b11-4644-9aaa-009b3b28a4ec','5daf3519-8949-4d26-b4bc-00c8b03f04fe','91166846-7ec1-42de-b134-ce141c3a9d7d','28c919a4-3744-4931-805a-a219892adbe3','789e0c77-5a0c-4ea7-a2e1-606803a6e2bd','6cd9d7a8-34ac-4740-9bc1-aa386ae6de38','8d2454fc-6567-46f9-8527-5843c7142e3c','cf81b7d4-096a-435a-b515-ad3f779199b8','82188518-37d9-45c0-9bca-b0d202cc9449','c01ff63f-6e93-4a78-8e50-87af96ab4a89','a14b8e8b-3f32-475f-8a47-5d33dab3042e','653cb315-36f1-4697-90e4-329900532da2','217d2f9d-5606-432f-99aa-bd6fb720b45f','328bd207-61d6-40ab-9d1d-bbe31ba63a3e','9b3cb586-a24f-4353-8c5a-6a860eba7357','a9280ee9-eb73-4cfb-8092-80f4c2cc5529','e225de9e-e14e-4219-a638-44d136be5613','46c78359-bdb4-421e-9182-d1d095921f20','b0aabdc2-3a7f-496c-a902-ee468671cf24','f4e500e8-45dd-4eeb-8b47-c97d832f18b2','00f63f53-4009-405a-9736-eff543475f78','31cb98ec-4d68-460a-8a6b-1566b0356cb5','29033b15-df4d-4afe-b261-d9f9d978215b','770de03c-008e-4352-915b-dbad46394b3e','386b4440-e446-4a4c-bbf2-2df0b3d482e7','764434f1-f401-4cec-b0a5-94c50e4c10bb','f8315a47-3595-4af7-afca-831deb36ae44','16b41fad-47bb-456e-818a-0e17a10696d3','7dba2974-eed0-4a24-8090-13ce49e8ae9c','2107c201-e779-4d54-b9d8-e77e63506727','540fda97-9bb5-45a3-8677-e5494a35f98d','8db21bed-0a56-4384-b989-46c85bf60a4a','b64fe46a-25b2-4780-b910-8897bab331d1','04b0026e-ed12-4e5e-85e2-1ed905581184','c4b26668-789f-4117-b9af-34719df71955','06cf74d1-3ae5-4aee-8048-5fab3132f2ba','5ce4a39b-7e40-4486-b5d7-7f910cb36590','b23b7eaa-6c87-413b-b144-42b7afafd4df','f033f831-0ad6-4654-b9cc-9ad6f8c92e8c','af282aaf-606b-4d5f-9ef8-070dc205befb','24c1e762-e92d-485c-ab51-7bd8574e8cb1','2d68eaae-a710-43ae-b278-b376f0865788','21fdd8fe-78d5-4ce1-ae83-7df1ebfc6f56','23922b05-5fbd-49fd-8f6e-3847cabd2503','5c53b1b4-f8e2-4bd1-a376-d983f799cf4b')
[2026-04-16 01:50:38.682] local.info: [19.452ms] [rows:1] SELECT count(*) FROM "notifications" WHERE user_id = '00000000-0000-0000-0000-000000000099' AND is_read = false
[2026-04-16 01:50:48.882] local.info: [43.608ms] [rows:1] SELECT * FROM "users" WHERE id = '00000000-0000-0000-0000-000000000099' ORDER BY "users"."id" LIMIT 1
[2026-04-16 01:50:48.902] local.info: [19.726ms] [rows:1] SELECT * FROM "user_roles" WHERE user_id = '00000000-0000-0000-0000-000000000099'
[2026-04-16 01:50:48.922] local.info: [19.821ms] [rows:1] SELECT * FROM "roles" WHERE id IN ('68c46dfb-a565-4938-99d7-9fdd0acf8a7e')
[2026-04-16 01:50:48.942] local.info: [19.968ms] [rows:45] SELECT * FROM "role_permissions" WHERE role_id IN ('68c46dfb-a565-4938-99d7-9fdd0acf8a7e')
[2026-04-16 01:50:48.962] local.info: [19.912ms] [rows:45] SELECT * FROM "permissions" WHERE id IN ('ab6da9f5-8b11-4644-9aaa-009b3b28a4ec','5daf3519-8949-4d26-b4bc-00c8b03f04fe','91166846-7ec1-42de-b134-ce141c3a9d7d','28c919a4-3744-4931-805a-a219892adbe3','789e0c77-5a0c-4ea7-a2e1-606803a6e2bd','6cd9d7a8-34ac-4740-9bc1-aa386ae6de38','8d2454fc-6567-46f9-8527-5843c7142e3c','cf81b7d4-096a-435a-b515-ad3f779199b8','82188518-37d9-45c0-9bca-b0d202cc9449','c01ff63f-6e93-4a78-8e50-87af96ab4a89','a14b8e8b-3f32-475f-8a47-5d33dab3042e','653cb315-36f1-4697-90e4-329900532da2','217d2f9d-5606-432f-99aa-bd6fb720b45f','328bd207-61d6-40ab-9d1d-bbe31ba63a3e','9b3cb586-a24f-4353-8c5a-6a860eba7357','a9280ee9-eb73-4cfb-8092-80f4c2cc5529','e225de9e-e14e-4219-a638-44d136be5613','46c78359-bdb4-421e-9182-d1d095921f20','b0aabdc2-3a7f-496c-a902-ee468671cf24','f4e500e8-45dd-4eeb-8b47-c97d832f18b2','00f63f53-4009-405a-9736-eff543475f78','31cb98ec-4d68-460a-8a6b-1566b0356cb5','29033b15-df4d-4afe-b261-d9f9d978215b','770de03c-008e-4352-915b-dbad46394b3e','386b4440-e446-4a4c-bbf2-2df0b3d482e7','764434f1-f401-4cec-b0a5-94c50e4c10bb','f8315a47-3595-4af7-afca-831deb36ae44','16b41fad-47bb-456e-818a-0e17a10696d3','7dba2974-eed0-4a24-8090-13ce49e8ae9c','2107c201-e779-4d54-b9d8-e77e63506727','540fda97-9bb5-45a3-8677-e5494a35f98d','8db21bed-0a56-4384-b989-46c85bf60a4a','b64fe46a-25b2-4780-b910-8897bab331d1','04b0026e-ed12-4e5e-85e2-1ed905581184','c4b26668-789f-4117-b9af-34719df71955','06cf74d1-3ae5-4aee-8048-5fab3132f2ba','5ce4a39b-7e40-4486-b5d7-7f910cb36590','b23b7eaa-6c87-413b-b144-42b7afafd4df','f033f831-0ad6-4654-b9cc-9ad6f8c92e8c','af282aaf-606b-4d5f-9ef8-070dc205befb','24c1e762-e92d-485c-ab51-7bd8574e8cb1','2d68eaae-a710-43ae-b278-b376f0865788','21fdd8fe-78d5-4ce1-ae83-7df1ebfc6f56','23922b05-5fbd-49fd-8f6e-3847cabd2503','5c53b1b4-f8e2-4bd1-a376-d983f799cf4b')
[2026-04-16 01:50:48.982] local.info: [19.726ms] [rows:1] SELECT count(*) FROM "notifications" WHERE user_id = '00000000-0000-0000-0000-000000000099' AND is_read = false
[2026-04-16 01:51:01.512] local.info: [46.499ms] [rows:1] SELECT * FROM "users" WHERE id = '00000000-0000-0000-0000-000000000099' ORDER BY "users"."id" LIMIT 1
[2026-04-16 01:51:01.532] local.info: [19.072ms] [rows:1] SELECT * FROM "user_roles" WHERE user_id = '00000000-0000-0000-0000-000000000099'
[2026-04-16 01:51:01.552] local.info: [19.957ms] [rows:1] SELECT * FROM "roles" WHERE id IN ('68c46dfb-a565-4938-99d7-9fdd0acf8a7e')
[2026-04-16 01:51:01.572] local.info: [19.560ms] [rows:45] SELECT * FROM "role_permissions" WHERE role_id IN ('68c46dfb-a565-4938-99d7-9fdd0acf8a7e')
[2026-04-16 01:51:01.592] local.info: [19.838ms] [rows:45] SELECT * FROM "permissions" WHERE id IN ('ab6da9f5-8b11-4644-9aaa-009b3b28a4ec','5daf3519-8949-4d26-b4bc-00c8b03f04fe','91166846-7ec1-42de-b134-ce141c3a9d7d','28c919a4-3744-4931-805a-a219892adbe3','789e0c77-5a0c-4ea7-a2e1-606803a6e2bd','6cd9d7a8-34ac-4740-9bc1-aa386ae6de38','8d2454fc-6567-46f9-8527-5843c7142e3c','cf81b7d4-096a-435a-b515-ad3f779199b8','82188518-37d9-45c0-9bca-b0d202cc9449','c01ff63f-6e93-4a78-8e50-87af96ab4a89','a14b8e8b-3f32-475f-8a47-5d33dab3042e','653cb315-36f1-4697-90e4-329900532da2','217d2f9d-5606-432f-99aa-bd6fb720b45f','328bd207-61d6-40ab-9d1d-bbe31ba63a3e','9b3cb586-a24f-4353-8c5a-6a860eba7357','a9280ee9-eb73-4cfb-8092-80f4c2cc5529','e225de9e-e14e-4219-a638-44d136be5613','46c78359-bdb4-421e-9182-d1d095921f20','b0aabdc2-3a7f-496c-a902-ee468671cf24','f4e500e8-45dd-4eeb-8b47-c97d832f18b2','00f63f53-4009-405a-9736-eff543475f78','31cb98ec-4d68-460a-8a6b-1566b0356cb5','29033b15-df4d-4afe-b261-d9f9d978215b','770de03c-008e-4352-915b-dbad46394b3e','386b4440-e446-4a4c-bbf2-2df0b3d482e7','764434f1-f401-4cec-b0a5-94c50e4c10bb','f8315a47-3595-4af7-afca-831deb36ae44','16b41fad-47bb-456e-818a-0e17a10696d3','7dba2974-eed0-4a24-8090-13ce49e8ae9c','2107c201-e779-4d54-b9d8-e77e63506727','540fda97-9bb5-45a3-8677-e5494a35f98d','8db21bed-0a56-4384-b989-46c85bf60a4a','b64fe46a-25b2-4780-b910-8897bab331d1','04b0026e-ed12-4e5e-85e2-1ed905581184','c4b26668-789f-4117-b9af-34719df71955','06cf74d1-3ae5-4aee-8048-5fab3132f2ba','5ce4a39b-7e40-4486-b5d7-7f910cb36590','b23b7eaa-6c87-413b-b144-42b7afafd4df','f033f831-0ad6-4654-b9cc-9ad6f8c92e8c','af282aaf-606b-4d5f-9ef8-070dc205befb','24c1e762-e92d-485c-ab51-7bd8574e8cb1','2d68eaae-a710-43ae-b278-b376f0865788','21fdd8fe-78d5-4ce1-ae83-7df1ebfc6f56','23922b05-5fbd-49fd-8f6e-3847cabd2503','5c53b1b4-f8e2-4bd1-a376-d983f799cf4b')
[2026-04-16 01:51:01.622] local.info: [29.106ms] [rows:1] SELECT count(*) FROM "document_templates" WHERE company_id = '00000000-0000-0000-0000-000000000001'
[2026-04-16 01:51:01.662] local.info: [20.268ms] [rows:1] SELECT * FROM "document_types" WHERE "document_types"."id" = '7367ca3d-eb1d-43dd-a115-cf3d2ceecdfa'
[2026-04-16 01:51:01.664] local.info: [41.668ms] [rows:1] SELECT * FROM "document_templates" WHERE company_id = '00000000-0000-0000-0000-000000000001' ORDER BY created_at desc LIMIT 20
[2026-04-16 01:51:08.572] local.info: [45.583ms] [rows:1] SELECT * FROM "users" WHERE id = '00000000-0000-0000-0000-000000000099' ORDER BY "users"."id" LIMIT 1
[2026-04-16 01:51:08.592] local.info: [19.431ms] [rows:1] SELECT * FROM "user_roles" WHERE user_id = '00000000-0000-0000-0000-000000000099'
[2026-04-16 01:51:08.612] local.info: [19.758ms] [rows:1] SELECT * FROM "roles" WHERE id IN ('68c46dfb-a565-4938-99d7-9fdd0acf8a7e')
[2026-04-16 01:51:08.632] local.info: [19.767ms] [rows:45] SELECT * FROM "role_permissions" WHERE role_id IN ('68c46dfb-a565-4938-99d7-9fdd0acf8a7e')
[2026-04-16 01:51:08.652] local.info: [19.893ms] [rows:45] SELECT * FROM "permissions" WHERE id IN ('ab6da9f5-8b11-4644-9aaa-009b3b28a4ec','5daf3519-8949-4d26-b4bc-00c8b03f04fe','91166846-7ec1-42de-b134-ce141c3a9d7d','28c919a4-3744-4931-805a-a219892adbe3','789e0c77-5a0c-4ea7-a2e1-606803a6e2bd','6cd9d7a8-34ac-4740-9bc1-aa386ae6de38','8d2454fc-6567-46f9-8527-5843c7142e3c','cf81b7d4-096a-435a-b515-ad3f779199b8','82188518-37d9-45c0-9bca-b0d202cc9449','c01ff63f-6e93-4a78-8e50-87af96ab4a89','a14b8e8b-3f32-475f-8a47-5d33dab3042e','653cb315-36f1-4697-90e4-329900532da2','217d2f9d-5606-432f-99aa-bd6fb720b45f','328bd207-61d6-40ab-9d1d-bbe31ba63a3e','9b3cb586-a24f-4353-8c5a-6a860eba7357','a9280ee9-eb73-4cfb-8092-80f4c2cc5529','e225de9e-e14e-4219-a638-44d136be5613','46c78359-bdb4-421e-9182-d1d095921f20','b0aabdc2-3a7f-496c-a902-ee468671cf24','f4e500e8-45dd-4eeb-8b47-c97d832f18b2','00f63f53-4009-405a-9736-eff543475f78','31cb98ec-4d68-460a-8a6b-1566b0356cb5','29033b15-df4d-4afe-b261-d9f9d978215b','770de03c-008e-4352-915b-dbad46394b3e','386b4440-e446-4a4c-bbf2-2df0b3d482e7','764434f1-f401-4cec-b0a5-94c50e4c10bb','f8315a47-3595-4af7-afca-831deb36ae44','16b41fad-47bb-456e-818a-0e17a10696d3','7dba2974-eed0-4a24-8090-13ce49e8ae9c','2107c201-e779-4d54-b9d8-e77e63506727','540fda97-9bb5-45a3-8677-e5494a35f98d','8db21bed-0a56-4384-b989-46c85bf60a4a','b64fe46a-25b2-4780-b910-8897bab331d1','04b0026e-ed12-4e5e-85e2-1ed905581184','c4b26668-789f-4117-b9af-34719df71955','06cf74d1-3ae5-4aee-8048-5fab3132f2ba','5ce4a39b-7e40-4486-b5d7-7f910cb36590','b23b7eaa-6c87-413b-b144-42b7afafd4df','f033f831-0ad6-4654-b9cc-9ad6f8c92e8c','af282aaf-606b-4d5f-9ef8-070dc205befb','24c1e762-e92d-485c-ab51-7bd8574e8cb1','2d68eaae-a710-43ae-b278-b376f0865788','21fdd8fe-78d5-4ce1-ae83-7df1ebfc6f56','23922b05-5fbd-49fd-8f6e-3847cabd2503','5c53b1b4-f8e2-4bd1-a376-d983f799cf4b')
[2026-04-16 01:51:08.672] local.info: [19.715ms] [rows:1] SELECT count(*) FROM "notifications" WHERE user_id = '00000000-0000-0000-0000-000000000099' AND is_read = false
[2026-04-16 01:51:18.881] local.info: [46.089ms] [rows:1] SELECT * FROM "users" WHERE id = '00000000-0000-0000-0000-000000000099' ORDER BY "users"."id" LIMIT 1
[2026-04-16 01:51:18.901] local.info: [19.804ms] [rows:1] SELECT * FROM "user_roles" WHERE user_id = '00000000-0000-0000-0000-000000000099'
[2026-04-16 01:51:18.921] local.info: [20.034ms] [rows:1] SELECT * FROM "roles" WHERE id IN ('68c46dfb-a565-4938-99d7-9fdd0acf8a7e')
[2026-04-16 01:51:18.942] local.info: [19.905ms] [rows:45] SELECT * FROM "role_permissions" WHERE role_id IN ('68c46dfb-a565-4938-99d7-9fdd0acf8a7e')
[2026-04-16 01:51:18.962] local.info: [20.002ms] [rows:45] SELECT * FROM "permissions" WHERE id IN ('ab6da9f5-8b11-4644-9aaa-009b3b28a4ec','5daf3519-8949-4d26-b4bc-00c8b03f04fe','91166846-7ec1-42de-b134-ce141c3a9d7d','28c919a4-3744-4931-805a-a219892adbe3','789e0c77-5a0c-4ea7-a2e1-606803a6e2bd','6cd9d7a8-34ac-4740-9bc1-aa386ae6de38','8d2454fc-6567-46f9-8527-5843c7142e3c','cf81b7d4-096a-435a-b515-ad3f779199b8','82188518-37d9-45c0-9bca-b0d202cc9449','c01ff63f-6e93-4a78-8e50-87af96ab4a89','a14b8e8b-3f32-475f-8a47-5d33dab3042e','653cb315-36f1-4697-90e4-329900532da2','217d2f9d-5606-432f-99aa-bd6fb720b45f','328bd207-61d6-40ab-9d1d-bbe31ba63a3e','9b3cb586-a24f-4353-8c5a-6a860eba7357','a9280ee9-eb73-4cfb-8092-80f4c2cc5529','e225de9e-e14e-4219-a638-44d136be5613','46c78359-bdb4-421e-9182-d1d095921f20','b0aabdc2-3a7f-496c-a902-ee468671cf24','f4e500e8-45dd-4eeb-8b47-c97d832f18b2','00f63f53-4009-405a-9736-eff543475f78','31cb98ec-4d68-460a-8a6b-1566b0356cb5','29033b15-df4d-4afe-b261-d9f9d978215b','770de03c-008e-4352-915b-dbad46394b3e','386b4440-e446-4a4c-bbf2-2df0b3d482e7','764434f1-f401-4cec-b0a5-94c50e4c10bb','f8315a47-3595-4af7-afca-831deb36ae44','16b41fad-47bb-456e-818a-0e17a10696d3','7dba2974-eed0-4a24-8090-13ce49e8ae9c','2107c201-e779-4d54-b9d8-e77e63506727','540fda97-9bb5-45a3-8677-e5494a35f98d','8db21bed-0a56-4384-b989-46c85bf60a4a','b64fe46a-25b2-4780-b910-8897bab331d1','04b0026e-ed12-4e5e-85e2-1ed905581184','c4b26668-789f-4117-b9af-34719df71955','06cf74d1-3ae5-4aee-8048-5fab3132f2ba','5ce4a39b-7e40-4486-b5d7-7f910cb36590','b23b7eaa-6c87-413b-b144-42b7afafd4df','f033f831-0ad6-4654-b9cc-9ad6f8c92e8c','af282aaf-606b-4d5f-9ef8-070dc205befb','24c1e762-e92d-485c-ab51-7bd8574e8cb1','2d68eaae-a710-43ae-b278-b376f0865788','21fdd8fe-78d5-4ce1-ae83-7df1ebfc6f56','23922b05-5fbd-49fd-8f6e-3847cabd2503','5c53b1b4-f8e2-4bd1-a376-d983f799cf4b')
[2026-04-16 01:51:18.981] local.info: [19.628ms] [rows:1] SELECT count(*) FROM "notifications" WHERE user_id = '00000000-0000-0000-0000-000000000099' AND is_read = false
[2026-04-16 01:51:38.572] local.info: [44.652ms] [rows:1] SELECT * FROM "users" WHERE id = '00000000-0000-0000-0000-000000000099' ORDER BY "users"."id" LIMIT 1
[2026-04-16 01:51:38.591] local.info: [19.316ms] [rows:1] SELECT * FROM "user_roles" WHERE user_id = '00000000-0000-0000-0000-000000000099'
[2026-04-16 01:51:38.611] local.info: [19.747ms] [rows:1] SELECT * FROM "roles" WHERE id IN ('68c46dfb-a565-4938-99d7-9fdd0acf8a7e')
[2026-04-16 01:51:38.631] local.info: [19.681ms] [rows:45] SELECT * FROM "role_permissions" WHERE role_id IN ('68c46dfb-a565-4938-99d7-9fdd0acf8a7e')
[2026-04-16 01:51:38.652] local.info: [20.185ms] [rows:45] SELECT * FROM "permissions" WHERE id IN ('ab6da9f5-8b11-4644-9aaa-009b3b28a4ec','5daf3519-8949-4d26-b4bc-00c8b03f04fe','91166846-7ec1-42de-b134-ce141c3a9d7d','28c919a4-3744-4931-805a-a219892adbe3','789e0c77-5a0c-4ea7-a2e1-606803a6e2bd','6cd9d7a8-34ac-4740-9bc1-aa386ae6de38','8d2454fc-6567-46f9-8527-5843c7142e3c','cf81b7d4-096a-435a-b515-ad3f779199b8','82188518-37d9-45c0-9bca-b0d202cc9449','c01ff63f-6e93-4a78-8e50-87af96ab4a89','a14b8e8b-3f32-475f-8a47-5d33dab3042e','653cb315-36f1-4697-90e4-329900532da2','217d2f9d-5606-432f-99aa-bd6fb720b45f','328bd207-61d6-40ab-9d1d-bbe31ba63a3e','9b3cb586-a24f-4353-8c5a-6a860eba7357','a9280ee9-eb73-4cfb-8092-80f4c2cc5529','e225de9e-e14e-4219-a638-44d136be5613','46c78359-bdb4-421e-9182-d1d095921f20','b0aabdc2-3a7f-496c-a902-ee468671cf24','f4e500e8-45dd-4eeb-8b47-c97d832f18b2','00f63f53-4009-405a-9736-eff543475f78','31cb98ec-4d68-460a-8a6b-1566b0356cb5','29033b15-df4d-4afe-b261-d9f9d978215b','770de03c-008e-4352-915b-dbad46394b3e','386b4440-e446-4a4c-bbf2-2df0b3d482e7','764434f1-f401-4cec-b0a5-94c50e4c10bb','f8315a47-3595-4af7-afca-831deb36ae44','16b41fad-47bb-456e-818a-0e17a10696d3','7dba2974-eed0-4a24-8090-13ce49e8ae9c','2107c201-e779-4d54-b9d8-e77e63506727','540fda97-9bb5-45a3-8677-e5494a35f98d','8db21bed-0a56-4384-b989-46c85bf60a4a','b64fe46a-25b2-4780-b910-8897bab331d1','04b0026e-ed12-4e5e-85e2-1ed905581184','c4b26668-789f-4117-b9af-34719df71955','06cf74d1-3ae5-4aee-8048-5fab3132f2ba','5ce4a39b-7e40-4486-b5d7-7f910cb36590','b23b7eaa-6c87-413b-b144-42b7afafd4df','f033f831-0ad6-4654-b9cc-9ad6f8c92e8c','af282aaf-606b-4d5f-9ef8-070dc205befb','24c1e762-e92d-485c-ab51-7bd8574e8cb1','2d68eaae-a710-43ae-b278-b376f0865788','21fdd8fe-78d5-4ce1-ae83-7df1ebfc6f56','23922b05-5fbd-49fd-8f6e-3847cabd2503','5c53b1b4-f8e2-4bd1-a376-d983f799cf4b')
[2026-04-16 01:51:38.671] local.info: [18.917ms] [rows:1] SELECT count(*) FROM "notifications" WHERE user_id = '00000000-0000-0000-0000-000000000099' AND is_read = false
[2026-04-16 01:51:48.881] local.info: [42.924ms] [rows:1] SELECT * FROM "users" WHERE id = '00000000-0000-0000-0000-000000000099' ORDER BY "users"."id" LIMIT 1
[2026-04-16 01:51:48.901] local.info: [19.162ms] [rows:1] SELECT * FROM "user_roles" WHERE user_id = '00000000-0000-0000-0000-000000000099'
[2026-04-16 01:51:48.921] local.info: [19.714ms] [rows:1] SELECT * FROM "roles" WHERE id IN ('68c46dfb-a565-4938-99d7-9fdd0acf8a7e')
[2026-04-16 01:51:48.941] local.info: [20.026ms] [rows:45] SELECT * FROM "role_permissions" WHERE role_id IN ('68c46dfb-a565-4938-99d7-9fdd0acf8a7e')
[2026-04-16 01:51:48.971] local.info: [29.789ms] [rows:45] SELECT * FROM "permissions" WHERE id IN ('ab6da9f5-8b11-4644-9aaa-009b3b28a4ec','5daf3519-8949-4d26-b4bc-00c8b03f04fe','91166846-7ec1-42de-b134-ce141c3a9d7d','28c919a4-3744-4931-805a-a219892adbe3','789e0c77-5a0c-4ea7-a2e1-606803a6e2bd','6cd9d7a8-34ac-4740-9bc1-aa386ae6de38','8d2454fc-6567-46f9-8527-5843c7142e3c','cf81b7d4-096a-435a-b515-ad3f779199b8','82188518-37d9-45c0-9bca-b0d202cc9449','c01ff63f-6e93-4a78-8e50-87af96ab4a89','a14b8e8b-3f32-475f-8a47-5d33dab3042e','653cb315-36f1-4697-90e4-329900532da2','217d2f9d-5606-432f-99aa-bd6fb720b45f','328bd207-61d6-40ab-9d1d-bbe31ba63a3e','9b3cb586-a24f-4353-8c5a-6a860eba7357','a9280ee9-eb73-4cfb-8092-80f4c2cc5529','e225de9e-e14e-4219-a638-44d136be5613','46c78359-bdb4-421e-9182-d1d095921f20','b0aabdc2-3a7f-496c-a902-ee468671cf24','f4e500e8-45dd-4eeb-8b47-c97d832f18b2','00f63f53-4009-405a-9736-eff543475f78','31cb98ec-4d68-460a-8a6b-1566b0356cb5','29033b15-df4d-4afe-b261-d9f9d978215b','770de03c-008e-4352-915b-dbad46394b3e','386b4440-e446-4a4c-bbf2-2df0b3d482e7','764434f1-f401-4cec-b0a5-94c50e4c10bb','f8315a47-3595-4af7-afca-831deb36ae44','16b41fad-47bb-456e-818a-0e17a10696d3','7dba2974-eed0-4a24-8090-13ce49e8ae9c','2107c201-e779-4d54-b9d8-e77e63506727','540fda97-9bb5-45a3-8677-e5494a35f98d','8db21bed-0a56-4384-b989-46c85bf60a4a','b64fe46a-25b2-4780-b910-8897bab331d1','04b0026e-ed12-4e5e-85e2-1ed905581184','c4b26668-789f-4117-b9af-34719df71955','06cf74d1-3ae5-4aee-8048-5fab3132f2ba','5ce4a39b-7e40-4486-b5d7-7f910cb36590','b23b7eaa-6c87-413b-b144-42b7afafd4df','f033f831-0ad6-4654-b9cc-9ad6f8c92e8c','af282aaf-606b-4d5f-9ef8-070dc205befb','24c1e762-e92d-485c-ab51-7bd8574e8cb1','2d68eaae-a710-43ae-b278-b376f0865788','21fdd8fe-78d5-4ce1-ae83-7df1ebfc6f56','23922b05-5fbd-49fd-8f6e-3847cabd2503','5c53b1b4-f8e2-4bd1-a376-d983f799cf4b')
[2026-04-16 01:51:48.991] local.info: [19.604ms] [rows:1] SELECT count(*) FROM "notifications" WHERE user_id = '00000000-0000-0000-0000-000000000099' AND is_read = false
[2026-04-16 01:52:08.571] local.info: [43.818ms] [rows:1] SELECT * FROM "users" WHERE id = '00000000-0000-0000-0000-000000000099' ORDER BY "users"."id" LIMIT 1
[2026-04-16 01:52:08.591] local.info: [19.627ms] [rows:1] SELECT * FROM "user_roles" WHERE user_id = '00000000-0000-0000-0000-000000000099'
[2026-04-16 01:52:08.611] local.info: [19.472ms] [rows:1] SELECT * FROM "roles" WHERE id IN ('68c46dfb-a565-4938-99d7-9fdd0acf8a7e')
[2026-04-16 01:52:08.631] local.info: [19.707ms] [rows:45] SELECT * FROM "role_permissions" WHERE role_id IN ('68c46dfb-a565-4938-99d7-9fdd0acf8a7e')
[2026-04-16 01:52:08.651] local.info: [19.972ms] [rows:45] SELECT * FROM "permissions" WHERE id IN ('ab6da9f5-8b11-4644-9aaa-009b3b28a4ec','5daf3519-8949-4d26-b4bc-00c8b03f04fe','91166846-7ec1-42de-b134-ce141c3a9d7d','28c919a4-3744-4931-805a-a219892adbe3','789e0c77-5a0c-4ea7-a2e1-606803a6e2bd','6cd9d7a8-34ac-4740-9bc1-aa386ae6de38','8d2454fc-6567-46f9-8527-5843c7142e3c','cf81b7d4-096a-435a-b515-ad3f779199b8','82188518-37d9-45c0-9bca-b0d202cc9449','c01ff63f-6e93-4a78-8e50-87af96ab4a89','a14b8e8b-3f32-475f-8a47-5d33dab3042e','653cb315-36f1-4697-90e4-329900532da2','217d2f9d-5606-432f-99aa-bd6fb720b45f','328bd207-61d6-40ab-9d1d-bbe31ba63a3e','9b3cb586-a24f-4353-8c5a-6a860eba7357','a9280ee9-eb73-4cfb-8092-80f4c2cc5529','e225de9e-e14e-4219-a638-44d136be5613','46c78359-bdb4-421e-9182-d1d095921f20','b0aabdc2-3a7f-496c-a902-ee468671cf24','f4e500e8-45dd-4eeb-8b47-c97d832f18b2','00f63f53-4009-405a-9736-eff543475f78','31cb98ec-4d68-460a-8a6b-1566b0356cb5','29033b15-df4d-4afe-b261-d9f9d978215b','770de03c-008e-4352-915b-dbad46394b3e','386b4440-e446-4a4c-bbf2-2df0b3d482e7','764434f1-f401-4cec-b0a5-94c50e4c10bb','f8315a47-3595-4af7-afca-831deb36ae44','16b41fad-47bb-456e-818a-0e17a10696d3','7dba2974-eed0-4a24-8090-13ce49e8ae9c','2107c201-e779-4d54-b9d8-e77e63506727','540fda97-9bb5-45a3-8677-e5494a35f98d','8db21bed-0a56-4384-b989-46c85bf60a4a','b64fe46a-25b2-4780-b910-8897bab331d1','04b0026e-ed12-4e5e-85e2-1ed905581184','c4b26668-789f-4117-b9af-34719df71955','06cf74d1-3ae5-4aee-8048-5fab3132f2ba','5ce4a39b-7e40-4486-b5d7-7f910cb36590','b23b7eaa-6c87-413b-b144-42b7afafd4df','f033f831-0ad6-4654-b9cc-9ad6f8c92e8c','af282aaf-606b-4d5f-9ef8-070dc205befb','24c1e762-e92d-485c-ab51-7bd8574e8cb1','2d68eaae-a710-43ae-b278-b376f0865788','21fdd8fe-78d5-4ce1-ae83-7df1ebfc6f56','23922b05-5fbd-49fd-8f6e-3847cabd2503','5c53b1b4-f8e2-4bd1-a376-d983f799cf4b')
[2026-04-16 01:52:08.671] local.info: [19.381ms] [rows:1] SELECT count(*) FROM "notifications" WHERE user_id = '00000000-0000-0000-0000-000000000099' AND is_read = false
[2026-04-16 01:52:18.881] local.info: [41.336ms] [rows:1] SELECT * FROM "users" WHERE id = '00000000-0000-0000-0000-000000000099' ORDER BY "users"."id" LIMIT 1
[2026-04-16 01:52:18.92] local.info: [39.549ms] [rows:1] SELECT * FROM "user_roles" WHERE user_id = '00000000-0000-0000-0000-000000000099'
[2026-04-16 01:52:18.94] local.info: [19.887ms] [rows:1] SELECT * FROM "roles" WHERE id IN ('68c46dfb-a565-4938-99d7-9fdd0acf8a7e')
[2026-04-16 01:52:18.96] local.info: [19.966ms] [rows:45] SELECT * FROM "role_permissions" WHERE role_id IN ('68c46dfb-a565-4938-99d7-9fdd0acf8a7e')
[2026-04-16 01:52:18.981] local.info: [20.026ms] [rows:45] SELECT * FROM "permissions" WHERE id IN ('ab6da9f5-8b11-4644-9aaa-009b3b28a4ec','5daf3519-8949-4d26-b4bc-00c8b03f04fe','91166846-7ec1-42de-b134-ce141c3a9d7d','28c919a4-3744-4931-805a-a219892adbe3','789e0c77-5a0c-4ea7-a2e1-606803a6e2bd','6cd9d7a8-34ac-4740-9bc1-aa386ae6de38','8d2454fc-6567-46f9-8527-5843c7142e3c','cf81b7d4-096a-435a-b515-ad3f779199b8','82188518-37d9-45c0-9bca-b0d202cc9449','c01ff63f-6e93-4a78-8e50-87af96ab4a89','a14b8e8b-3f32-475f-8a47-5d33dab3042e','653cb315-36f1-4697-90e4-329900532da2','217d2f9d-5606-432f-99aa-bd6fb720b45f','328bd207-61d6-40ab-9d1d-bbe31ba63a3e','9b3cb586-a24f-4353-8c5a-6a860eba7357','a9280ee9-eb73-4cfb-8092-80f4c2cc5529','e225de9e-e14e-4219-a638-44d136be5613','46c78359-bdb4-421e-9182-d1d095921f20','b0aabdc2-3a7f-496c-a902-ee468671cf24','f4e500e8-45dd-4eeb-8b47-c97d832f18b2','00f63f53-4009-405a-9736-eff543475f78','31cb98ec-4d68-460a-8a6b-1566b0356cb5','29033b15-df4d-4afe-b261-d9f9d978215b','770de03c-008e-4352-915b-dbad46394b3e','386b4440-e446-4a4c-bbf2-2df0b3d482e7','764434f1-f401-4cec-b0a5-94c50e4c10bb','f8315a47-3595-4af7-afca-831deb36ae44','16b41fad-47bb-456e-818a-0e17a10696d3','7dba2974-eed0-4a24-8090-13ce49e8ae9c','2107c201-e779-4d54-b9d8-e77e63506727','540fda97-9bb5-45a3-8677-e5494a35f98d','8db21bed-0a56-4384-b989-46c85bf60a4a','b64fe46a-25b2-4780-b910-8897bab331d1','04b0026e-ed12-4e5e-85e2-1ed905581184','c4b26668-789f-4117-b9af-34719df71955','06cf74d1-3ae5-4aee-8048-5fab3132f2ba','5ce4a39b-7e40-4486-b5d7-7f910cb36590','b23b7eaa-6c87-413b-b144-42b7afafd4df','f033f831-0ad6-4654-b9cc-9ad6f8c92e8c','af282aaf-606b-4d5f-9ef8-070dc205befb','24c1e762-e92d-485c-ab51-7bd8574e8cb1','2d68eaae-a710-43ae-b278-b376f0865788','21fdd8fe-78d5-4ce1-ae83-7df1ebfc6f56','23922b05-5fbd-49fd-8f6e-3847cabd2503','5c53b1b4-f8e2-4bd1-a376-d983f799cf4b')
[2026-04-16 01:52:19.001] local.info: [19.801ms] [rows:1] SELECT count(*) FROM "notifications" WHERE user_id = '00000000-0000-0000-0000-000000000099' AND is_read = false
[2026-04-16 01:52:38.571] local.info: [44.635ms] [rows:1] SELECT * FROM "users" WHERE id = '00000000-0000-0000-0000-000000000099' ORDER BY "users"."id" LIMIT 1
[2026-04-16 01:52:38.58] local.info: [9.027ms] [rows:1] SELECT * FROM "user_roles" WHERE user_id = '00000000-0000-0000-0000-000000000099'
[2026-04-16 01:52:38.591] local.info: [10.749ms] [rows:1] SELECT * FROM "roles" WHERE id IN ('68c46dfb-a565-4938-99d7-9fdd0acf8a7e')
[2026-04-16 01:52:38.61] local.info: [19.259ms] [rows:45] SELECT * FROM "role_permissions" WHERE role_id IN ('68c46dfb-a565-4938-99d7-9fdd0acf8a7e')
[2026-04-16 01:52:38.63] local.info: [19.723ms] [rows:45] SELECT * FROM "permissions" WHERE id IN ('ab6da9f5-8b11-4644-9aaa-009b3b28a4ec','5daf3519-8949-4d26-b4bc-00c8b03f04fe','91166846-7ec1-42de-b134-ce141c3a9d7d','28c919a4-3744-4931-805a-a219892adbe3','789e0c77-5a0c-4ea7-a2e1-606803a6e2bd','6cd9d7a8-34ac-4740-9bc1-aa386ae6de38','8d2454fc-6567-46f9-8527-5843c7142e3c','cf81b7d4-096a-435a-b515-ad3f779199b8','82188518-37d9-45c0-9bca-b0d202cc9449','c01ff63f-6e93-4a78-8e50-87af96ab4a89','a14b8e8b-3f32-475f-8a47-5d33dab3042e','653cb315-36f1-4697-90e4-329900532da2','217d2f9d-5606-432f-99aa-bd6fb720b45f','328bd207-61d6-40ab-9d1d-bbe31ba63a3e','9b3cb586-a24f-4353-8c5a-6a860eba7357','a9280ee9-eb73-4cfb-8092-80f4c2cc5529','e225de9e-e14e-4219-a638-44d136be5613','46c78359-bdb4-421e-9182-d1d095921f20','b0aabdc2-3a7f-496c-a902-ee468671cf24','f4e500e8-45dd-4eeb-8b47-c97d832f18b2','00f63f53-4009-405a-9736-eff543475f78','31cb98ec-4d68-460a-8a6b-1566b0356cb5','29033b15-df4d-4afe-b261-d9f9d978215b','770de03c-008e-4352-915b-dbad46394b3e','386b4440-e446-4a4c-bbf2-2df0b3d482e7','764434f1-f401-4cec-b0a5-94c50e4c10bb','f8315a47-3595-4af7-afca-831deb36ae44','16b41fad-47bb-456e-818a-0e17a10696d3','7dba2974-eed0-4a24-8090-13ce49e8ae9c','2107c201-e779-4d54-b9d8-e77e63506727','540fda97-9bb5-45a3-8677-e5494a35f98d','8db21bed-0a56-4384-b989-46c85bf60a4a','b64fe46a-25b2-4780-b910-8897bab331d1','04b0026e-ed12-4e5e-85e2-1ed905581184','c4b26668-789f-4117-b9af-34719df71955','06cf74d1-3ae5-4aee-8048-5fab3132f2ba','5ce4a39b-7e40-4486-b5d7-7f910cb36590','b23b7eaa-6c87-413b-b144-42b7afafd4df','f033f831-0ad6-4654-b9cc-9ad6f8c92e8c','af282aaf-606b-4d5f-9ef8-070dc205befb','24c1e762-e92d-485c-ab51-7bd8574e8cb1','2d68eaae-a710-43ae-b278-b376f0865788','21fdd8fe-78d5-4ce1-ae83-7df1ebfc6f56','23922b05-5fbd-49fd-8f6e-3847cabd2503','5c53b1b4-f8e2-4bd1-a376-d983f799cf4b')
[2026-04-16 01:52:38.65] local.info: [19.924ms] [rows:1] SELECT count(*) FROM "notifications" WHERE user_id = '00000000-0000-0000-0000-000000000099' AND is_read = false
[2026-04-16 01:52:48.88] local.info: [40.115ms] [rows:1] SELECT * FROM "users" WHERE id = '00000000-0000-0000-0000-000000000099' ORDER BY "users"."id" LIMIT 1
[2026-04-16 01:52:48.901] local.info: [20.370ms] [rows:1] SELECT * FROM "user_roles" WHERE user_id = '00000000-0000-0000-0000-000000000099'
[2026-04-16 01:52:48.92] local.info: [18.750ms] [rows:1] SELECT * FROM "roles" WHERE id IN ('68c46dfb-a565-4938-99d7-9fdd0acf8a7e')
[2026-04-16 01:52:48.94] local.info: [19.739ms] [rows:45] SELECT * FROM "role_permissions" WHERE role_id IN ('68c46dfb-a565-4938-99d7-9fdd0acf8a7e')
[2026-04-16 01:52:48.96] local.info: [19.852ms] [rows:45] SELECT * FROM "permissions" WHERE id IN ('ab6da9f5-8b11-4644-9aaa-009b3b28a4ec','5daf3519-8949-4d26-b4bc-00c8b03f04fe','91166846-7ec1-42de-b134-ce141c3a9d7d','28c919a4-3744-4931-805a-a219892adbe3','789e0c77-5a0c-4ea7-a2e1-606803a6e2bd','6cd9d7a8-34ac-4740-9bc1-aa386ae6de38','8d2454fc-6567-46f9-8527-5843c7142e3c','cf81b7d4-096a-435a-b515-ad3f779199b8','82188518-37d9-45c0-9bca-b0d202cc9449','c01ff63f-6e93-4a78-8e50-87af96ab4a89','a14b8e8b-3f32-475f-8a47-5d33dab3042e','653cb315-36f1-4697-90e4-329900532da2','217d2f9d-5606-432f-99aa-bd6fb720b45f','328bd207-61d6-40ab-9d1d-bbe31ba63a3e','9b3cb586-a24f-4353-8c5a-6a860eba7357','a9280ee9-eb73-4cfb-8092-80f4c2cc5529','e225de9e-e14e-4219-a638-44d136be5613','46c78359-bdb4-421e-9182-d1d095921f20','b0aabdc2-3a7f-496c-a902-ee468671cf24','f4e500e8-45dd-4eeb-8b47-c97d832f18b2','00f63f53-4009-405a-9736-eff543475f78','31cb98ec-4d68-460a-8a6b-1566b0356cb5','29033b15-df4d-4afe-b261-d9f9d978215b','770de03c-008e-4352-915b-dbad46394b3e','386b4440-e446-4a4c-bbf2-2df0b3d482e7','764434f1-f401-4cec-b0a5-94c50e4c10bb','f8315a47-3595-4af7-afca-831deb36ae44','16b41fad-47bb-456e-818a-0e17a10696d3','7dba2974-eed0-4a24-8090-13ce49e8ae9c','2107c201-e779-4d54-b9d8-e77e63506727','540fda97-9bb5-45a3-8677-e5494a35f98d','8db21bed-0a56-4384-b989-46c85bf60a4a','b64fe46a-25b2-4780-b910-8897bab331d1','04b0026e-ed12-4e5e-85e2-1ed905581184','c4b26668-789f-4117-b9af-34719df71955','06cf74d1-3ae5-4aee-8048-5fab3132f2ba','5ce4a39b-7e40-4486-b5d7-7f910cb36590','b23b7eaa-6c87-413b-b144-42b7afafd4df','f033f831-0ad6-4654-b9cc-9ad6f8c92e8c','af282aaf-606b-4d5f-9ef8-070dc205befb','24c1e762-e92d-485c-ab51-7bd8574e8cb1','2d68eaae-a710-43ae-b278-b376f0865788','21fdd8fe-78d5-4ce1-ae83-7df1ebfc6f56','23922b05-5fbd-49fd-8f6e-3847cabd2503','5c53b1b4-f8e2-4bd1-a376-d983f799cf4b')
[2026-04-16 01:52:48.98] local.info: [19.717ms] [rows:1] SELECT count(*) FROM "notifications" WHERE user_id = '00000000-0000-0000-0000-000000000099' AND is_read = false
[2026-04-16 01:53:08.88] local.info: [48.513ms] [rows:1] SELECT * FROM "users" WHERE id = '00000000-0000-0000-0000-000000000099' ORDER BY "users"."id" LIMIT 1
[2026-04-16 01:53:08.9] local.info: [19.597ms] [rows:1] SELECT * FROM "user_roles" WHERE user_id = '00000000-0000-0000-0000-000000000099'
[2026-04-16 01:53:08.92] local.info: [19.813ms] [rows:1] SELECT * FROM "roles" WHERE id IN ('68c46dfb-a565-4938-99d7-9fdd0acf8a7e')
[2026-04-16 01:53:08.94] local.info: [20.030ms] [rows:45] SELECT * FROM "role_permissions" WHERE role_id IN ('68c46dfb-a565-4938-99d7-9fdd0acf8a7e')
[2026-04-16 01:53:08.96] local.info: [19.815ms] [rows:45] SELECT * FROM "permissions" WHERE id IN ('ab6da9f5-8b11-4644-9aaa-009b3b28a4ec','5daf3519-8949-4d26-b4bc-00c8b03f04fe','91166846-7ec1-42de-b134-ce141c3a9d7d','28c919a4-3744-4931-805a-a219892adbe3','789e0c77-5a0c-4ea7-a2e1-606803a6e2bd','6cd9d7a8-34ac-4740-9bc1-aa386ae6de38','8d2454fc-6567-46f9-8527-5843c7142e3c','cf81b7d4-096a-435a-b515-ad3f779199b8','82188518-37d9-45c0-9bca-b0d202cc9449','c01ff63f-6e93-4a78-8e50-87af96ab4a89','a14b8e8b-3f32-475f-8a47-5d33dab3042e','653cb315-36f1-4697-90e4-329900532da2','217d2f9d-5606-432f-99aa-bd6fb720b45f','328bd207-61d6-40ab-9d1d-bbe31ba63a3e','9b3cb586-a24f-4353-8c5a-6a860eba7357','a9280ee9-eb73-4cfb-8092-80f4c2cc5529','e225de9e-e14e-4219-a638-44d136be5613','46c78359-bdb4-421e-9182-d1d095921f20','b0aabdc2-3a7f-496c-a902-ee468671cf24','f4e500e8-45dd-4eeb-8b47-c97d832f18b2','00f63f53-4009-405a-9736-eff543475f78','31cb98ec-4d68-460a-8a6b-1566b0356cb5','29033b15-df4d-4afe-b261-d9f9d978215b','770de03c-008e-4352-915b-dbad46394b3e','386b4440-e446-4a4c-bbf2-2df0b3d482e7','764434f1-f401-4cec-b0a5-94c50e4c10bb','f8315a47-3595-4af7-afca-831deb36ae44','16b41fad-47bb-456e-818a-0e17a10696d3','7dba2974-eed0-4a24-8090-13ce49e8ae9c','2107c201-e779-4d54-b9d8-e77e63506727','540fda97-9bb5-45a3-8677-e5494a35f98d','8db21bed-0a56-4384-b989-46c85bf60a4a','b64fe46a-25b2-4780-b910-8897bab331d1','04b0026e-ed12-4e5e-85e2-1ed905581184','c4b26668-789f-4117-b9af-34719df71955','06cf74d1-3ae5-4aee-8048-5fab3132f2ba','5ce4a39b-7e40-4486-b5d7-7f910cb36590','b23b7eaa-6c87-413b-b144-42b7afafd4df','f033f831-0ad6-4654-b9cc-9ad6f8c92e8c','af282aaf-606b-4d5f-9ef8-070dc205befb','24c1e762-e92d-485c-ab51-7bd8574e8cb1','2d68eaae-a710-43ae-b278-b376f0865788','21fdd8fe-78d5-4ce1-ae83-7df1ebfc6f56','23922b05-5fbd-49fd-8f6e-3847cabd2503','5c53b1b4-f8e2-4bd1-a376-d983f799cf4b')
[2026-04-16 01:53:08.981] local.info: [20.579ms] [rows:1] SELECT count(*) FROM "notifications" WHERE user_id = '00000000-0000-0000-0000-000000000099' AND is_read = false
[2026-04-16 01:53:18.749] local.info: [39.806ms] [rows:1] SELECT * FROM "users" WHERE id = '00000000-0000-0000-0000-000000000099' ORDER BY "users"."id" LIMIT 1
[2026-04-16 01:53:18.769] local.info: [19.814ms] [rows:1] SELECT * FROM "user_roles" WHERE user_id = '00000000-0000-0000-0000-000000000099'
[2026-04-16 01:53:18.789] local.info: [19.948ms] [rows:1] SELECT * FROM "roles" WHERE id IN ('68c46dfb-a565-4938-99d7-9fdd0acf8a7e')
[2026-04-16 01:53:18.81] local.info: [20.066ms] [rows:45] SELECT * FROM "role_permissions" WHERE role_id IN ('68c46dfb-a565-4938-99d7-9fdd0acf8a7e')
[2026-04-16 01:53:18.83] local.info: [20.344ms] [rows:45] SELECT * FROM "permissions" WHERE id IN ('ab6da9f5-8b11-4644-9aaa-009b3b28a4ec','5daf3519-8949-4d26-b4bc-00c8b03f04fe','91166846-7ec1-42de-b134-ce141c3a9d7d','28c919a4-3744-4931-805a-a219892adbe3','789e0c77-5a0c-4ea7-a2e1-606803a6e2bd','6cd9d7a8-34ac-4740-9bc1-aa386ae6de38','8d2454fc-6567-46f9-8527-5843c7142e3c','cf81b7d4-096a-435a-b515-ad3f779199b8','82188518-37d9-45c0-9bca-b0d202cc9449','c01ff63f-6e93-4a78-8e50-87af96ab4a89','a14b8e8b-3f32-475f-8a47-5d33dab3042e','653cb315-36f1-4697-90e4-329900532da2','217d2f9d-5606-432f-99aa-bd6fb720b45f','328bd207-61d6-40ab-9d1d-bbe31ba63a3e','9b3cb586-a24f-4353-8c5a-6a860eba7357','a9280ee9-eb73-4cfb-8092-80f4c2cc5529','e225de9e-e14e-4219-a638-44d136be5613','46c78359-bdb4-421e-9182-d1d095921f20','b0aabdc2-3a7f-496c-a902-ee468671cf24','f4e500e8-45dd-4eeb-8b47-c97d832f18b2','00f63f53-4009-405a-9736-eff543475f78','31cb98ec-4d68-460a-8a6b-1566b0356cb5','29033b15-df4d-4afe-b261-d9f9d978215b','770de03c-008e-4352-915b-dbad46394b3e','386b4440-e446-4a4c-bbf2-2df0b3d482e7','764434f1-f401-4cec-b0a5-94c50e4c10bb','f8315a47-3595-4af7-afca-831deb36ae44','16b41fad-47bb-456e-818a-0e17a10696d3','7dba2974-eed0-4a24-8090-13ce49e8ae9c','2107c201-e779-4d54-b9d8-e77e63506727','540fda97-9bb5-45a3-8677-e5494a35f98d','8db21bed-0a56-4384-b989-46c85bf60a4a','b64fe46a-25b2-4780-b910-8897bab331d1','04b0026e-ed12-4e5e-85e2-1ed905581184','c4b26668-789f-4117-b9af-34719df71955','06cf74d1-3ae5-4aee-8048-5fab3132f2ba','5ce4a39b-7e40-4486-b5d7-7f910cb36590','b23b7eaa-6c87-413b-b144-42b7afafd4df','f033f831-0ad6-4654-b9cc-9ad6f8c92e8c','af282aaf-606b-4d5f-9ef8-070dc205befb','24c1e762-e92d-485c-ab51-7bd8574e8cb1','2d68eaae-a710-43ae-b278-b376f0865788','21fdd8fe-78d5-4ce1-ae83-7df1ebfc6f56','23922b05-5fbd-49fd-8f6e-3847cabd2503','5c53b1b4-f8e2-4bd1-a376-d983f799cf4b')
[2026-04-16 01:53:18.85] local.info: [19.575ms] [rows:1] SELECT count(*) FROM "notifications" WHERE user_id = '00000000-0000-0000-0000-000000000099' AND is_read = false
[2026-04-16 01:53:38.879] local.info: [45.336ms] [rows:1] SELECT * FROM "users" WHERE id = '00000000-0000-0000-0000-000000000099' ORDER BY "users"."id" LIMIT 1
[2026-04-16 01:53:38.899] local.info: [19.662ms] [rows:1] SELECT * FROM "user_roles" WHERE user_id = '00000000-0000-0000-0000-000000000099'
[2026-04-16 01:53:38.92] local.info: [20.286ms] [rows:1] SELECT * FROM "roles" WHERE id IN ('68c46dfb-a565-4938-99d7-9fdd0acf8a7e')
[2026-04-16 01:53:38.94] local.info: [19.847ms] [rows:45] SELECT * FROM "role_permissions" WHERE role_id IN ('68c46dfb-a565-4938-99d7-9fdd0acf8a7e')
[2026-04-16 01:53:38.959] local.info: [19.798ms] [rows:45] SELECT * FROM "permissions" WHERE id IN ('ab6da9f5-8b11-4644-9aaa-009b3b28a4ec','5daf3519-8949-4d26-b4bc-00c8b03f04fe','91166846-7ec1-42de-b134-ce141c3a9d7d','28c919a4-3744-4931-805a-a219892adbe3','789e0c77-5a0c-4ea7-a2e1-606803a6e2bd','6cd9d7a8-34ac-4740-9bc1-aa386ae6de38','8d2454fc-6567-46f9-8527-5843c7142e3c','cf81b7d4-096a-435a-b515-ad3f779199b8','82188518-37d9-45c0-9bca-b0d202cc9449','c01ff63f-6e93-4a78-8e50-87af96ab4a89','a14b8e8b-3f32-475f-8a47-5d33dab3042e','653cb315-36f1-4697-90e4-329900532da2','217d2f9d-5606-432f-99aa-bd6fb720b45f','328bd207-61d6-40ab-9d1d-bbe31ba63a3e','9b3cb586-a24f-4353-8c5a-6a860eba7357','a9280ee9-eb73-4cfb-8092-80f4c2cc5529','e225de9e-e14e-4219-a638-44d136be5613','46c78359-bdb4-421e-9182-d1d095921f20','b0aabdc2-3a7f-496c-a902-ee468671cf24','f4e500e8-45dd-4eeb-8b47-c97d832f18b2','00f63f53-4009-405a-9736-eff543475f78','31cb98ec-4d68-460a-8a6b-1566b0356cb5','29033b15-df4d-4afe-b261-d9f9d978215b','770de03c-008e-4352-915b-dbad46394b3e','386b4440-e446-4a4c-bbf2-2df0b3d482e7','764434f1-f401-4cec-b0a5-94c50e4c10bb','f8315a47-3595-4af7-afca-831deb36ae44','16b41fad-47bb-456e-818a-0e17a10696d3','7dba2974-eed0-4a24-8090-13ce49e8ae9c','2107c201-e779-4d54-b9d8-e77e63506727','540fda97-9bb5-45a3-8677-e5494a35f98d','8db21bed-0a56-4384-b989-46c85bf60a4a','b64fe46a-25b2-4780-b910-8897bab331d1','04b0026e-ed12-4e5e-85e2-1ed905581184','c4b26668-789f-4117-b9af-34719df71955','06cf74d1-3ae5-4aee-8048-5fab3132f2ba','5ce4a39b-7e40-4486-b5d7-7f910cb36590','b23b7eaa-6c87-413b-b144-42b7afafd4df','f033f831-0ad6-4654-b9cc-9ad6f8c92e8c','af282aaf-606b-4d5f-9ef8-070dc205befb','24c1e762-e92d-485c-ab51-7bd8574e8cb1','2d68eaae-a710-43ae-b278-b376f0865788','21fdd8fe-78d5-4ce1-ae83-7df1ebfc6f56','23922b05-5fbd-49fd-8f6e-3847cabd2503','5c53b1b4-f8e2-4bd1-a376-d983f799cf4b')
[2026-04-16 01:53:38.989] local.info: [29.617ms] [rows:1] SELECT count(*) FROM "notifications" WHERE user_id = '00000000-0000-0000-0000-000000000099' AND is_read = false
[2026-04-16 01:53:48.759] local.info: [41.262ms] [rows:1] SELECT * FROM "users" WHERE id = '00000000-0000-0000-0000-000000000099' ORDER BY "users"."id" LIMIT 1
[2026-04-16 01:53:48.779] local.info: [19.428ms] [rows:1] SELECT * FROM "user_roles" WHERE user_id = '00000000-0000-0000-0000-000000000099'
[2026-04-16 01:53:48.799] local.info: [20.082ms] [rows:1] SELECT * FROM "roles" WHERE id IN ('68c46dfb-a565-4938-99d7-9fdd0acf8a7e')
[2026-04-16 01:53:48.819] local.info: [19.843ms] [rows:45] SELECT * FROM "role_permissions" WHERE role_id IN ('68c46dfb-a565-4938-99d7-9fdd0acf8a7e')
[2026-04-16 01:53:48.839] local.info: [20.173ms] [rows:45] SELECT * FROM "permissions" WHERE id IN ('ab6da9f5-8b11-4644-9aaa-009b3b28a4ec','5daf3519-8949-4d26-b4bc-00c8b03f04fe','91166846-7ec1-42de-b134-ce141c3a9d7d','28c919a4-3744-4931-805a-a219892adbe3','789e0c77-5a0c-4ea7-a2e1-606803a6e2bd','6cd9d7a8-34ac-4740-9bc1-aa386ae6de38','8d2454fc-6567-46f9-8527-5843c7142e3c','cf81b7d4-096a-435a-b515-ad3f779199b8','82188518-37d9-45c0-9bca-b0d202cc9449','c01ff63f-6e93-4a78-8e50-87af96ab4a89','a14b8e8b-3f32-475f-8a47-5d33dab3042e','653cb315-36f1-4697-90e4-329900532da2','217d2f9d-5606-432f-99aa-bd6fb720b45f','328bd207-61d6-40ab-9d1d-bbe31ba63a3e','9b3cb586-a24f-4353-8c5a-6a860eba7357','a9280ee9-eb73-4cfb-8092-80f4c2cc5529','e225de9e-e14e-4219-a638-44d136be5613','46c78359-bdb4-421e-9182-d1d095921f20','b0aabdc2-3a7f-496c-a902-ee468671cf24','f4e500e8-45dd-4eeb-8b47-c97d832f18b2','00f63f53-4009-405a-9736-eff543475f78','31cb98ec-4d68-460a-8a6b-1566b0356cb5','29033b15-df4d-4afe-b261-d9f9d978215b','770de03c-008e-4352-915b-dbad46394b3e','386b4440-e446-4a4c-bbf2-2df0b3d482e7','764434f1-f401-4cec-b0a5-94c50e4c10bb','f8315a47-3595-4af7-afca-831deb36ae44','16b41fad-47bb-456e-818a-0e17a10696d3','7dba2974-eed0-4a24-8090-13ce49e8ae9c','2107c201-e779-4d54-b9d8-e77e63506727','540fda97-9bb5-45a3-8677-e5494a35f98d','8db21bed-0a56-4384-b989-46c85bf60a4a','b64fe46a-25b2-4780-b910-8897bab331d1','04b0026e-ed12-4e5e-85e2-1ed905581184','c4b26668-789f-4117-b9af-34719df71955','06cf74d1-3ae5-4aee-8048-5fab3132f2ba','5ce4a39b-7e40-4486-b5d7-7f910cb36590','b23b7eaa-6c87-413b-b144-42b7afafd4df','f033f831-0ad6-4654-b9cc-9ad6f8c92e8c','af282aaf-606b-4d5f-9ef8-070dc205befb','24c1e762-e92d-485c-ab51-7bd8574e8cb1','2d68eaae-a710-43ae-b278-b376f0865788','21fdd8fe-78d5-4ce1-ae83-7df1ebfc6f56','23922b05-5fbd-49fd-8f6e-3847cabd2503','5c53b1b4-f8e2-4bd1-a376-d983f799cf4b')
[2026-04-16 01:53:48.859] local.info: [19.688ms] [rows:1] SELECT count(*) FROM "notifications" WHERE user_id = '00000000-0000-0000-0000-000000000099' AND is_read = false
[2026-04-16 01:54:18.759] local.info: [42.148ms] [rows:1] SELECT * FROM "users" WHERE id = '00000000-0000-0000-0000-000000000099' ORDER BY "users"."id" LIMIT 1
[2026-04-16 01:54:18.779] local.info: [19.666ms] [rows:1] SELECT * FROM "user_roles" WHERE user_id = '00000000-0000-0000-0000-000000000099'
[2026-04-16 01:54:18.799] local.info: [19.685ms] [rows:1] SELECT * FROM "roles" WHERE id IN ('68c46dfb-a565-4938-99d7-9fdd0acf8a7e')
[2026-04-16 01:54:18.819] local.info: [19.580ms] [rows:45] SELECT * FROM "role_permissions" WHERE role_id IN ('68c46dfb-a565-4938-99d7-9fdd0acf8a7e')
[2026-04-16 01:54:18.839] local.info: [20.040ms] [rows:45] SELECT * FROM "permissions" WHERE id IN ('ab6da9f5-8b11-4644-9aaa-009b3b28a4ec','5daf3519-8949-4d26-b4bc-00c8b03f04fe','91166846-7ec1-42de-b134-ce141c3a9d7d','28c919a4-3744-4931-805a-a219892adbe3','789e0c77-5a0c-4ea7-a2e1-606803a6e2bd','6cd9d7a8-34ac-4740-9bc1-aa386ae6de38','8d2454fc-6567-46f9-8527-5843c7142e3c','cf81b7d4-096a-435a-b515-ad3f779199b8','82188518-37d9-45c0-9bca-b0d202cc9449','c01ff63f-6e93-4a78-8e50-87af96ab4a89','a14b8e8b-3f32-475f-8a47-5d33dab3042e','653cb315-36f1-4697-90e4-329900532da2','217d2f9d-5606-432f-99aa-bd6fb720b45f','328bd207-61d6-40ab-9d1d-bbe31ba63a3e','9b3cb586-a24f-4353-8c5a-6a860eba7357','a9280ee9-eb73-4cfb-8092-80f4c2cc5529','e225de9e-e14e-4219-a638-44d136be5613','46c78359-bdb4-421e-9182-d1d095921f20','b0aabdc2-3a7f-496c-a902-ee468671cf24','f4e500e8-45dd-4eeb-8b47-c97d832f18b2','00f63f53-4009-405a-9736-eff543475f78','31cb98ec-4d68-460a-8a6b-1566b0356cb5','29033b15-df4d-4afe-b261-d9f9d978215b','770de03c-008e-4352-915b-dbad46394b3e','386b4440-e446-4a4c-bbf2-2df0b3d482e7','764434f1-f401-4cec-b0a5-94c50e4c10bb','f8315a47-3595-4af7-afca-831deb36ae44','16b41fad-47bb-456e-818a-0e17a10696d3','7dba2974-eed0-4a24-8090-13ce49e8ae9c','2107c201-e779-4d54-b9d8-e77e63506727','540fda97-9bb5-45a3-8677-e5494a35f98d','8db21bed-0a56-4384-b989-46c85bf60a4a','b64fe46a-25b2-4780-b910-8897bab331d1','04b0026e-ed12-4e5e-85e2-1ed905581184','c4b26668-789f-4117-b9af-34719df71955','06cf74d1-3ae5-4aee-8048-5fab3132f2ba','5ce4a39b-7e40-4486-b5d7-7f910cb36590','b23b7eaa-6c87-413b-b144-42b7afafd4df','f033f831-0ad6-4654-b9cc-9ad6f8c92e8c','af282aaf-606b-4d5f-9ef8-070dc205befb','24c1e762-e92d-485c-ab51-7bd8574e8cb1','2d68eaae-a710-43ae-b278-b376f0865788','21fdd8fe-78d5-4ce1-ae83-7df1ebfc6f56','23922b05-5fbd-49fd-8f6e-3847cabd2503','5c53b1b4-f8e2-4bd1-a376-d983f799cf4b')
[2026-04-16 01:54:18.859] local.info: [19.150ms] [rows:1] SELECT count(*) FROM "notifications" WHERE user_id = '00000000-0000-0000-0000-000000000099' AND is_read = false
[2026-04-16 01:54:40.738] local.info: [41.741ms] [rows:1] SELECT * FROM "users" WHERE id = '00000000-0000-0000-0000-000000000099' ORDER BY "users"."id" LIMIT 1
[2026-04-16 01:54:40.759] local.info: [19.984ms] [rows:1] SELECT * FROM "user_roles" WHERE user_id = '00000000-0000-0000-0000-000000000099'
[2026-04-16 01:54:40.779] local.info: [19.395ms] [rows:1] SELECT * FROM "roles" WHERE id IN ('68c46dfb-a565-4938-99d7-9fdd0acf8a7e')
[2026-04-16 01:54:40.798] local.info: [19.523ms] [rows:45] SELECT * FROM "role_permissions" WHERE role_id IN ('68c46dfb-a565-4938-99d7-9fdd0acf8a7e')
[2026-04-16 01:54:40.819] local.info: [20.487ms] [rows:45] SELECT * FROM "permissions" WHERE id IN ('ab6da9f5-8b11-4644-9aaa-009b3b28a4ec','5daf3519-8949-4d26-b4bc-00c8b03f04fe','91166846-7ec1-42de-b134-ce141c3a9d7d','28c919a4-3744-4931-805a-a219892adbe3','789e0c77-5a0c-4ea7-a2e1-606803a6e2bd','6cd9d7a8-34ac-4740-9bc1-aa386ae6de38','8d2454fc-6567-46f9-8527-5843c7142e3c','cf81b7d4-096a-435a-b515-ad3f779199b8','82188518-37d9-45c0-9bca-b0d202cc9449','c01ff63f-6e93-4a78-8e50-87af96ab4a89','a14b8e8b-3f32-475f-8a47-5d33dab3042e','653cb315-36f1-4697-90e4-329900532da2','217d2f9d-5606-432f-99aa-bd6fb720b45f','328bd207-61d6-40ab-9d1d-bbe31ba63a3e','9b3cb586-a24f-4353-8c5a-6a860eba7357','a9280ee9-eb73-4cfb-8092-80f4c2cc5529','e225de9e-e14e-4219-a638-44d136be5613','46c78359-bdb4-421e-9182-d1d095921f20','b0aabdc2-3a7f-496c-a902-ee468671cf24','f4e500e8-45dd-4eeb-8b47-c97d832f18b2','00f63f53-4009-405a-9736-eff543475f78','31cb98ec-4d68-460a-8a6b-1566b0356cb5','29033b15-df4d-4afe-b261-d9f9d978215b','770de03c-008e-4352-915b-dbad46394b3e','386b4440-e446-4a4c-bbf2-2df0b3d482e7','764434f1-f401-4cec-b0a5-94c50e4c10bb','f8315a47-3595-4af7-afca-831deb36ae44','16b41fad-47bb-456e-818a-0e17a10696d3','7dba2974-eed0-4a24-8090-13ce49e8ae9c','2107c201-e779-4d54-b9d8-e77e63506727','540fda97-9bb5-45a3-8677-e5494a35f98d','8db21bed-0a56-4384-b989-46c85bf60a4a','b64fe46a-25b2-4780-b910-8897bab331d1','04b0026e-ed12-4e5e-85e2-1ed905581184','c4b26668-789f-4117-b9af-34719df71955','06cf74d1-3ae5-4aee-8048-5fab3132f2ba','5ce4a39b-7e40-4486-b5d7-7f910cb36590','b23b7eaa-6c87-413b-b144-42b7afafd4df','f033f831-0ad6-4654-b9cc-9ad6f8c92e8c','af282aaf-606b-4d5f-9ef8-070dc205befb','24c1e762-e92d-485c-ab51-7bd8574e8cb1','2d68eaae-a710-43ae-b278-b376f0865788','21fdd8fe-78d5-4ce1-ae83-7df1ebfc6f56','23922b05-5fbd-49fd-8f6e-3847cabd2503','5c53b1b4-f8e2-4bd1-a376-d983f799cf4b')
[2026-04-16 01:54:40.839] local.info: [19.166ms] [rows:1] SELECT * FROM "documents" WHERE id = '1cb5293d-d875-4bab-865b-85e18ccee4aa' AND deleted_at IS NULL ORDER BY "documents"."id" LIMIT 1
[2026-04-16 01:54:40.859] local.info: [19.737ms] [rows:1] SELECT count(*) FROM "document_distributions" WHERE document_id = '1cb5293d-d875-4bab-865b-85e18ccee4aa'
[2026-04-16 01:54:40.879] local.info: [19.846ms] [rows:0] SELECT * FROM "document_distributions" WHERE document_id = '1cb5293d-d875-4bab-865b-85e18ccee4aa' ORDER BY created_at desc LIMIT 20
[2026-04-16 01:54:48.759] local.info: [41.025ms] [rows:1] SELECT * FROM "users" WHERE id = '00000000-0000-0000-0000-000000000099' ORDER BY "users"."id" LIMIT 1
[2026-04-16 01:54:48.779] local.info: [20.074ms] [rows:1] SELECT * FROM "user_roles" WHERE user_id = '00000000-0000-0000-0000-000000000099'
[2026-04-16 01:54:48.799] local.info: [19.345ms] [rows:1] SELECT * FROM "roles" WHERE id IN ('68c46dfb-a565-4938-99d7-9fdd0acf8a7e')
[2026-04-16 01:54:48.819] local.info: [19.926ms] [rows:45] SELECT * FROM "role_permissions" WHERE role_id IN ('68c46dfb-a565-4938-99d7-9fdd0acf8a7e')
[2026-04-16 01:54:48.839] local.info: [19.655ms] [rows:45] SELECT * FROM "permissions" WHERE id IN ('ab6da9f5-8b11-4644-9aaa-009b3b28a4ec','5daf3519-8949-4d26-b4bc-00c8b03f04fe','91166846-7ec1-42de-b134-ce141c3a9d7d','28c919a4-3744-4931-805a-a219892adbe3','789e0c77-5a0c-4ea7-a2e1-606803a6e2bd','6cd9d7a8-34ac-4740-9bc1-aa386ae6de38','8d2454fc-6567-46f9-8527-5843c7142e3c','cf81b7d4-096a-435a-b515-ad3f779199b8','82188518-37d9-45c0-9bca-b0d202cc9449','c01ff63f-6e93-4a78-8e50-87af96ab4a89','a14b8e8b-3f32-475f-8a47-5d33dab3042e','653cb315-36f1-4697-90e4-329900532da2','217d2f9d-5606-432f-99aa-bd6fb720b45f','328bd207-61d6-40ab-9d1d-bbe31ba63a3e','9b3cb586-a24f-4353-8c5a-6a860eba7357','a9280ee9-eb73-4cfb-8092-80f4c2cc5529','e225de9e-e14e-4219-a638-44d136be5613','46c78359-bdb4-421e-9182-d1d095921f20','b0aabdc2-3a7f-496c-a902-ee468671cf24','f4e500e8-45dd-4eeb-8b47-c97d832f18b2','00f63f53-4009-405a-9736-eff543475f78','31cb98ec-4d68-460a-8a6b-1566b0356cb5','29033b15-df4d-4afe-b261-d9f9d978215b','770de03c-008e-4352-915b-dbad46394b3e','386b4440-e446-4a4c-bbf2-2df0b3d482e7','764434f1-f401-4cec-b0a5-94c50e4c10bb','f8315a47-3595-4af7-afca-831deb36ae44','16b41fad-47bb-456e-818a-0e17a10696d3','7dba2974-eed0-4a24-8090-13ce49e8ae9c','2107c201-e779-4d54-b9d8-e77e63506727','540fda97-9bb5-45a3-8677-e5494a35f98d','8db21bed-0a56-4384-b989-46c85bf60a4a','b64fe46a-25b2-4780-b910-8897bab331d1','04b0026e-ed12-4e5e-85e2-1ed905581184','c4b26668-789f-4117-b9af-34719df71955','06cf74d1-3ae5-4aee-8048-5fab3132f2ba','5ce4a39b-7e40-4486-b5d7-7f910cb36590','b23b7eaa-6c87-413b-b144-42b7afafd4df','f033f831-0ad6-4654-b9cc-9ad6f8c92e8c','af282aaf-606b-4d5f-9ef8-070dc205befb','24c1e762-e92d-485c-ab51-7bd8574e8cb1','2d68eaae-a710-43ae-b278-b376f0865788','21fdd8fe-78d5-4ce1-ae83-7df1ebfc6f56','23922b05-5fbd-49fd-8f6e-3847cabd2503','5c53b1b4-f8e2-4bd1-a376-d983f799cf4b')
[2026-04-16 01:54:48.858] local.info: [19.092ms] [rows:1] SELECT count(*) FROM "notifications" WHERE user_id = '00000000-0000-0000-0000-000000000099' AND is_read = false
[2026-04-16 01:54:56.888] local.info: [56.450ms] [rows:1] SELECT * FROM "users" WHERE id = '00000000-0000-0000-0000-000000000099' ORDER BY "users"."id" LIMIT 1
[2026-04-16 01:54:56.908] local.info: [20.080ms] [rows:1] SELECT * FROM "user_roles" WHERE user_id = '00000000-0000-0000-0000-000000000099'
[2026-04-16 01:54:56.928] local.info: [19.724ms] [rows:1] SELECT * FROM "roles" WHERE id IN ('68c46dfb-a565-4938-99d7-9fdd0acf8a7e')
[2026-04-16 01:54:56.948] local.info: [20.110ms] [rows:45] SELECT * FROM "role_permissions" WHERE role_id IN ('68c46dfb-a565-4938-99d7-9fdd0acf8a7e')
[2026-04-16 01:54:56.968] local.info: [19.834ms] [rows:45] SELECT * FROM "permissions" WHERE id IN ('ab6da9f5-8b11-4644-9aaa-009b3b28a4ec','5daf3519-8949-4d26-b4bc-00c8b03f04fe','91166846-7ec1-42de-b134-ce141c3a9d7d','28c919a4-3744-4931-805a-a219892adbe3','789e0c77-5a0c-4ea7-a2e1-606803a6e2bd','6cd9d7a8-34ac-4740-9bc1-aa386ae6de38','8d2454fc-6567-46f9-8527-5843c7142e3c','cf81b7d4-096a-435a-b515-ad3f779199b8','82188518-37d9-45c0-9bca-b0d202cc9449','c01ff63f-6e93-4a78-8e50-87af96ab4a89','a14b8e8b-3f32-475f-8a47-5d33dab3042e','653cb315-36f1-4697-90e4-329900532da2','217d2f9d-5606-432f-99aa-bd6fb720b45f','328bd207-61d6-40ab-9d1d-bbe31ba63a3e','9b3cb586-a24f-4353-8c5a-6a860eba7357','a9280ee9-eb73-4cfb-8092-80f4c2cc5529','e225de9e-e14e-4219-a638-44d136be5613','46c78359-bdb4-421e-9182-d1d095921f20','b0aabdc2-3a7f-496c-a902-ee468671cf24','f4e500e8-45dd-4eeb-8b47-c97d832f18b2','00f63f53-4009-405a-9736-eff543475f78','31cb98ec-4d68-460a-8a6b-1566b0356cb5','29033b15-df4d-4afe-b261-d9f9d978215b','770de03c-008e-4352-915b-dbad46394b3e','386b4440-e446-4a4c-bbf2-2df0b3d482e7','764434f1-f401-4cec-b0a5-94c50e4c10bb','f8315a47-3595-4af7-afca-831deb36ae44','16b41fad-47bb-456e-818a-0e17a10696d3','7dba2974-eed0-4a24-8090-13ce49e8ae9c','2107c201-e779-4d54-b9d8-e77e63506727','540fda97-9bb5-45a3-8677-e5494a35f98d','8db21bed-0a56-4384-b989-46c85bf60a4a','b64fe46a-25b2-4780-b910-8897bab331d1','04b0026e-ed12-4e5e-85e2-1ed905581184','c4b26668-789f-4117-b9af-34719df71955','06cf74d1-3ae5-4aee-8048-5fab3132f2ba','5ce4a39b-7e40-4486-b5d7-7f910cb36590','b23b7eaa-6c87-413b-b144-42b7afafd4df','f033f831-0ad6-4654-b9cc-9ad6f8c92e8c','af282aaf-606b-4d5f-9ef8-070dc205befb','24c1e762-e92d-485c-ab51-7bd8574e8cb1','2d68eaae-a710-43ae-b278-b376f0865788','21fdd8fe-78d5-4ce1-ae83-7df1ebfc6f56','23922b05-5fbd-49fd-8f6e-3847cabd2503','5c53b1b4-f8e2-4bd1-a376-d983f799cf4b')
[2026-04-16 01:54:56.988] local.info: [19.970ms] [rows:1] SELECT count(*) FROM "notifications" WHERE user_id = '00000000-0000-0000-0000-000000000099' AND is_read = false
[2026-04-16 01:55:18.768] local.info: [48.493ms] [rows:1] SELECT * FROM "users" WHERE id = '00000000-0000-0000-0000-000000000099' ORDER BY "users"."id" LIMIT 1
[2026-04-16 01:55:18.788] local.info: [19.687ms] [rows:1] SELECT * FROM "user_roles" WHERE user_id = '00000000-0000-0000-0000-000000000099'
[2026-04-16 01:55:18.808] local.info: [19.912ms] [rows:1] SELECT * FROM "roles" WHERE id IN ('68c46dfb-a565-4938-99d7-9fdd0acf8a7e')
[2026-04-16 01:55:18.828] local.info: [20.217ms] [rows:45] SELECT * FROM "role_permissions" WHERE role_id IN ('68c46dfb-a565-4938-99d7-9fdd0acf8a7e')
[2026-04-16 01:55:18.848] local.info: [19.790ms] [rows:45] SELECT * FROM "permissions" WHERE id IN ('ab6da9f5-8b11-4644-9aaa-009b3b28a4ec','5daf3519-8949-4d26-b4bc-00c8b03f04fe','91166846-7ec1-42de-b134-ce141c3a9d7d','28c919a4-3744-4931-805a-a219892adbe3','789e0c77-5a0c-4ea7-a2e1-606803a6e2bd','6cd9d7a8-34ac-4740-9bc1-aa386ae6de38','8d2454fc-6567-46f9-8527-5843c7142e3c','cf81b7d4-096a-435a-b515-ad3f779199b8','82188518-37d9-45c0-9bca-b0d202cc9449','c01ff63f-6e93-4a78-8e50-87af96ab4a89','a14b8e8b-3f32-475f-8a47-5d33dab3042e','653cb315-36f1-4697-90e4-329900532da2','217d2f9d-5606-432f-99aa-bd6fb720b45f','328bd207-61d6-40ab-9d1d-bbe31ba63a3e','9b3cb586-a24f-4353-8c5a-6a860eba7357','a9280ee9-eb73-4cfb-8092-80f4c2cc5529','e225de9e-e14e-4219-a638-44d136be5613','46c78359-bdb4-421e-9182-d1d095921f20','b0aabdc2-3a7f-496c-a902-ee468671cf24','f4e500e8-45dd-4eeb-8b47-c97d832f18b2','00f63f53-4009-405a-9736-eff543475f78','31cb98ec-4d68-460a-8a6b-1566b0356cb5','29033b15-df4d-4afe-b261-d9f9d978215b','770de03c-008e-4352-915b-dbad46394b3e','386b4440-e446-4a4c-bbf2-2df0b3d482e7','764434f1-f401-4cec-b0a5-94c50e4c10bb','f8315a47-3595-4af7-afca-831deb36ae44','16b41fad-47bb-456e-818a-0e17a10696d3','7dba2974-eed0-4a24-8090-13ce49e8ae9c','2107c201-e779-4d54-b9d8-e77e63506727','540fda97-9bb5-45a3-8677-e5494a35f98d','8db21bed-0a56-4384-b989-46c85bf60a4a','b64fe46a-25b2-4780-b910-8897bab331d1','04b0026e-ed12-4e5e-85e2-1ed905581184','c4b26668-789f-4117-b9af-34719df71955','06cf74d1-3ae5-4aee-8048-5fab3132f2ba','5ce4a39b-7e40-4486-b5d7-7f910cb36590','b23b7eaa-6c87-413b-b144-42b7afafd4df','f033f831-0ad6-4654-b9cc-9ad6f8c92e8c','af282aaf-606b-4d5f-9ef8-070dc205befb','24c1e762-e92d-485c-ab51-7bd8574e8cb1','2d68eaae-a710-43ae-b278-b376f0865788','21fdd8fe-78d5-4ce1-ae83-7df1ebfc6f56','23922b05-5fbd-49fd-8f6e-3847cabd2503','5c53b1b4-f8e2-4bd1-a376-d983f799cf4b')
[2026-04-16 01:55:18.868] local.info: [19.576ms] [rows:1] SELECT count(*) FROM "notifications" WHERE user_id = '00000000-0000-0000-0000-000000000099' AND is_read = false
[2026-04-16 01:55:48.758] local.info: [39.231ms] [rows:1] SELECT * FROM "users" WHERE id = '00000000-0000-0000-0000-000000000099' ORDER BY "users"."id" LIMIT 1
[2026-04-16 01:55:48.777] local.info: [19.395ms] [rows:1] SELECT * FROM "user_roles" WHERE user_id = '00000000-0000-0000-0000-000000000099'
[2026-04-16 01:55:48.798] local.info: [19.841ms] [rows:1] SELECT * FROM "roles" WHERE id IN ('68c46dfb-a565-4938-99d7-9fdd0acf8a7e')
[2026-04-16 01:55:48.82] local.info: [22.120ms] [rows:45] SELECT * FROM "role_permissions" WHERE role_id IN ('68c46dfb-a565-4938-99d7-9fdd0acf8a7e')
[2026-04-16 01:55:48.838] local.info: [17.667ms] [rows:45] SELECT * FROM "permissions" WHERE id IN ('ab6da9f5-8b11-4644-9aaa-009b3b28a4ec','5daf3519-8949-4d26-b4bc-00c8b03f04fe','91166846-7ec1-42de-b134-ce141c3a9d7d','28c919a4-3744-4931-805a-a219892adbe3','789e0c77-5a0c-4ea7-a2e1-606803a6e2bd','6cd9d7a8-34ac-4740-9bc1-aa386ae6de38','8d2454fc-6567-46f9-8527-5843c7142e3c','cf81b7d4-096a-435a-b515-ad3f779199b8','82188518-37d9-45c0-9bca-b0d202cc9449','c01ff63f-6e93-4a78-8e50-87af96ab4a89','a14b8e8b-3f32-475f-8a47-5d33dab3042e','653cb315-36f1-4697-90e4-329900532da2','217d2f9d-5606-432f-99aa-bd6fb720b45f','328bd207-61d6-40ab-9d1d-bbe31ba63a3e','9b3cb586-a24f-4353-8c5a-6a860eba7357','a9280ee9-eb73-4cfb-8092-80f4c2cc5529','e225de9e-e14e-4219-a638-44d136be5613','46c78359-bdb4-421e-9182-d1d095921f20','b0aabdc2-3a7f-496c-a902-ee468671cf24','f4e500e8-45dd-4eeb-8b47-c97d832f18b2','00f63f53-4009-405a-9736-eff543475f78','31cb98ec-4d68-460a-8a6b-1566b0356cb5','29033b15-df4d-4afe-b261-d9f9d978215b','770de03c-008e-4352-915b-dbad46394b3e','386b4440-e446-4a4c-bbf2-2df0b3d482e7','764434f1-f401-4cec-b0a5-94c50e4c10bb','f8315a47-3595-4af7-afca-831deb36ae44','16b41fad-47bb-456e-818a-0e17a10696d3','7dba2974-eed0-4a24-8090-13ce49e8ae9c','2107c201-e779-4d54-b9d8-e77e63506727','540fda97-9bb5-45a3-8677-e5494a35f98d','8db21bed-0a56-4384-b989-46c85bf60a4a','b64fe46a-25b2-4780-b910-8897bab331d1','04b0026e-ed12-4e5e-85e2-1ed905581184','c4b26668-789f-4117-b9af-34719df71955','06cf74d1-3ae5-4aee-8048-5fab3132f2ba','5ce4a39b-7e40-4486-b5d7-7f910cb36590','b23b7eaa-6c87-413b-b144-42b7afafd4df','f033f831-0ad6-4654-b9cc-9ad6f8c92e8c','af282aaf-606b-4d5f-9ef8-070dc205befb','24c1e762-e92d-485c-ab51-7bd8574e8cb1','2d68eaae-a710-43ae-b278-b376f0865788','21fdd8fe-78d5-4ce1-ae83-7df1ebfc6f56','23922b05-5fbd-49fd-8f6e-3847cabd2503','5c53b1b4-f8e2-4bd1-a376-d983f799cf4b')
[2026-04-16 01:55:48.857] local.info: [19.365ms] [rows:1] SELECT count(*) FROM "notifications" WHERE user_id = '00000000-0000-0000-0000-000000000099' AND is_read = false
[2026-04-16 01:55:56.878] local.info: [41.889ms] [rows:1] SELECT * FROM "users" WHERE id = '00000000-0000-0000-0000-000000000099' ORDER BY "users"."id" LIMIT 1
[2026-04-16 01:55:56.897] local.info: [18.734ms] [rows:1] SELECT * FROM "user_roles" WHERE user_id = '00000000-0000-0000-0000-000000000099'
[2026-04-16 01:55:56.918] local.info: [20.345ms] [rows:1] SELECT * FROM "roles" WHERE id IN ('68c46dfb-a565-4938-99d7-9fdd0acf8a7e')
[2026-04-16 01:55:56.947] local.info: [29.303ms] [rows:45] SELECT * FROM "role_permissions" WHERE role_id IN ('68c46dfb-a565-4938-99d7-9fdd0acf8a7e')
[2026-04-16 01:55:56.967] local.info: [20.122ms] [rows:45] SELECT * FROM "permissions" WHERE id IN ('ab6da9f5-8b11-4644-9aaa-009b3b28a4ec','5daf3519-8949-4d26-b4bc-00c8b03f04fe','91166846-7ec1-42de-b134-ce141c3a9d7d','28c919a4-3744-4931-805a-a219892adbe3','789e0c77-5a0c-4ea7-a2e1-606803a6e2bd','6cd9d7a8-34ac-4740-9bc1-aa386ae6de38','8d2454fc-6567-46f9-8527-5843c7142e3c','cf81b7d4-096a-435a-b515-ad3f779199b8','82188518-37d9-45c0-9bca-b0d202cc9449','c01ff63f-6e93-4a78-8e50-87af96ab4a89','a14b8e8b-3f32-475f-8a47-5d33dab3042e','653cb315-36f1-4697-90e4-329900532da2','217d2f9d-5606-432f-99aa-bd6fb720b45f','328bd207-61d6-40ab-9d1d-bbe31ba63a3e','9b3cb586-a24f-4353-8c5a-6a860eba7357','a9280ee9-eb73-4cfb-8092-80f4c2cc5529','e225de9e-e14e-4219-a638-44d136be5613','46c78359-bdb4-421e-9182-d1d095921f20','b0aabdc2-3a7f-496c-a902-ee468671cf24','f4e500e8-45dd-4eeb-8b47-c97d832f18b2','00f63f53-4009-405a-9736-eff543475f78','31cb98ec-4d68-460a-8a6b-1566b0356cb5','29033b15-df4d-4afe-b261-d9f9d978215b','770de03c-008e-4352-915b-dbad46394b3e','386b4440-e446-4a4c-bbf2-2df0b3d482e7','764434f1-f401-4cec-b0a5-94c50e4c10bb','f8315a47-3595-4af7-afca-831deb36ae44','16b41fad-47bb-456e-818a-0e17a10696d3','7dba2974-eed0-4a24-8090-13ce49e8ae9c','2107c201-e779-4d54-b9d8-e77e63506727','540fda97-9bb5-45a3-8677-e5494a35f98d','8db21bed-0a56-4384-b989-46c85bf60a4a','b64fe46a-25b2-4780-b910-8897bab331d1','04b0026e-ed12-4e5e-85e2-1ed905581184','c4b26668-789f-4117-b9af-34719df71955','06cf74d1-3ae5-4aee-8048-5fab3132f2ba','5ce4a39b-7e40-4486-b5d7-7f910cb36590','b23b7eaa-6c87-413b-b144-42b7afafd4df','f033f831-0ad6-4654-b9cc-9ad6f8c92e8c','af282aaf-606b-4d5f-9ef8-070dc205befb','24c1e762-e92d-485c-ab51-7bd8574e8cb1','2d68eaae-a710-43ae-b278-b376f0865788','21fdd8fe-78d5-4ce1-ae83-7df1ebfc6f56','23922b05-5fbd-49fd-8f6e-3847cabd2503','5c53b1b4-f8e2-4bd1-a376-d983f799cf4b')
[2026-04-16 01:55:56.987] local.info: [19.646ms] [rows:1] SELECT count(*) FROM "notifications" WHERE user_id = '00000000-0000-0000-0000-000000000099' AND is_read = false
[2026-04-16 01:56:18.099] local.info: [14.762ms] [rows:1] SELECT * FROM "users" WHERE id = '00000000-0000-0000-0000-000000000099' ORDER BY "users"."id" LIMIT 1
[2026-04-16 01:56:18.099] local.info: [17.167ms] [rows:1] SELECT * FROM "users" WHERE id = '00000000-0000-0000-0000-000000000099' ORDER BY "users"."id" LIMIT 1
[2026-04-16 01:56:18.099] local.info: [13.619ms] [rows:1] SELECT * FROM "users" WHERE id = '00000000-0000-0000-0000-000000000099' ORDER BY "users"."id" LIMIT 1
[2026-04-16 01:56:18.107] local.info: [7.917ms] [rows:1] SELECT * FROM "user_roles" WHERE user_id = '00000000-0000-0000-0000-000000000099'
[2026-04-16 01:56:18.108] local.info: [8.175ms] [rows:1] SELECT * FROM "user_roles" WHERE user_id = '00000000-0000-0000-0000-000000000099'
[2026-04-16 01:56:18.108] local.info: [18.050ms] [rows:1] SELECT * FROM "users" WHERE id = '00000000-0000-0000-0000-000000000099' ORDER BY "users"."id" LIMIT 1
[2026-04-16 01:56:18.108] local.info: [22.101ms] [rows:1] SELECT * FROM "users" WHERE id = '00000000-0000-0000-0000-000000000099' ORDER BY "users"."id" LIMIT 1
[2026-04-16 01:56:18.108] local.info: [21.853ms] [rows:1] SELECT * FROM "users" WHERE id = '00000000-0000-0000-0000-000000000099' ORDER BY "users"."id" LIMIT 1
[2026-04-16 01:56:18.117] local.info: [17.475ms] [rows:1] SELECT * FROM "user_roles" WHERE user_id = '00000000-0000-0000-0000-000000000099'
[2026-04-16 01:56:18.123] local.info: [15.060ms] [rows:1] SELECT * FROM "user_roles" WHERE user_id = '00000000-0000-0000-0000-000000000099'
[2026-04-16 01:56:18.123] local.info: [15.295ms] [rows:1] SELECT * FROM "user_roles" WHERE user_id = '00000000-0000-0000-0000-000000000099'
[2026-04-16 01:56:18.123] local.info: [15.485ms] [rows:1] SELECT * FROM "roles" WHERE id IN ('68c46dfb-a565-4938-99d7-9fdd0acf8a7e')
[2026-04-16 01:56:18.132] local.info: [24.031ms] [rows:1] SELECT * FROM "user_roles" WHERE user_id = '00000000-0000-0000-0000-000000000099'
[2026-04-16 01:56:18.132] local.info: [15.056ms] [rows:1] SELECT * FROM "roles" WHERE id IN ('68c46dfb-a565-4938-99d7-9fdd0acf8a7e')
[2026-04-16 01:56:18.132] local.info: [24.442ms] [rows:1] SELECT * FROM "roles" WHERE id IN ('68c46dfb-a565-4938-99d7-9fdd0acf8a7e')
[2026-04-16 01:56:18.132] local.info: [8.792ms] [rows:1] SELECT * FROM "roles" WHERE id IN ('68c46dfb-a565-4938-99d7-9fdd0acf8a7e')
[2026-04-16 01:56:18.141] local.info: [17.542ms] [rows:45] SELECT * FROM "role_permissions" WHERE role_id IN ('68c46dfb-a565-4938-99d7-9fdd0acf8a7e')
[2026-04-16 01:56:18.141] local.info: [9.149ms] [rows:1] SELECT * FROM "roles" WHERE id IN ('68c46dfb-a565-4938-99d7-9fdd0acf8a7e')
[2026-04-16 01:56:18.141] local.info: [18.005ms] [rows:1] SELECT * FROM "roles" WHERE id IN ('68c46dfb-a565-4938-99d7-9fdd0acf8a7e')
[2026-04-16 01:56:18.142] local.info: [9.800ms] [rows:45] SELECT * FROM "role_permissions" WHERE role_id IN ('68c46dfb-a565-4938-99d7-9fdd0acf8a7e')
[2026-04-16 01:56:18.142] local.info: [9.786ms] [rows:45] SELECT * FROM "role_permissions" WHERE role_id IN ('68c46dfb-a565-4938-99d7-9fdd0acf8a7e')
[2026-04-16 01:56:18.15] local.info: [17.717ms] [rows:45] SELECT * FROM "role_permissions" WHERE role_id IN ('68c46dfb-a565-4938-99d7-9fdd0acf8a7e')
[2026-04-16 01:56:18.15] local.info: [8.741ms] [rows:45] SELECT * FROM "role_permissions" WHERE role_id IN ('68c46dfb-a565-4938-99d7-9fdd0acf8a7e')
[2026-04-16 01:56:18.152] local.info: [11.138ms] [rows:45] SELECT * FROM "permissions" WHERE id IN ('ab6da9f5-8b11-4644-9aaa-009b3b28a4ec','5daf3519-8949-4d26-b4bc-00c8b03f04fe','91166846-7ec1-42de-b134-ce141c3a9d7d','28c919a4-3744-4931-805a-a219892adbe3','789e0c77-5a0c-4ea7-a2e1-606803a6e2bd','6cd9d7a8-34ac-4740-9bc1-aa386ae6de38','8d2454fc-6567-46f9-8527-5843c7142e3c','cf81b7d4-096a-435a-b515-ad3f779199b8','82188518-37d9-45c0-9bca-b0d202cc9449','c01ff63f-6e93-4a78-8e50-87af96ab4a89','a14b8e8b-3f32-475f-8a47-5d33dab3042e','653cb315-36f1-4697-90e4-329900532da2','217d2f9d-5606-432f-99aa-bd6fb720b45f','328bd207-61d6-40ab-9d1d-bbe31ba63a3e','9b3cb586-a24f-4353-8c5a-6a860eba7357','a9280ee9-eb73-4cfb-8092-80f4c2cc5529','e225de9e-e14e-4219-a638-44d136be5613','46c78359-bdb4-421e-9182-d1d095921f20','b0aabdc2-3a7f-496c-a902-ee468671cf24','f4e500e8-45dd-4eeb-8b47-c97d832f18b2','00f63f53-4009-405a-9736-eff543475f78','31cb98ec-4d68-460a-8a6b-1566b0356cb5','29033b15-df4d-4afe-b261-d9f9d978215b','770de03c-008e-4352-915b-dbad46394b3e','386b4440-e446-4a4c-bbf2-2df0b3d482e7','764434f1-f401-4cec-b0a5-94c50e4c10bb','f8315a47-3595-4af7-afca-831deb36ae44','16b41fad-47bb-456e-818a-0e17a10696d3','7dba2974-eed0-4a24-8090-13ce49e8ae9c','2107c201-e779-4d54-b9d8-e77e63506727','540fda97-9bb5-45a3-8677-e5494a35f98d','8db21bed-0a56-4384-b989-46c85bf60a4a','b64fe46a-25b2-4780-b910-8897bab331d1','04b0026e-ed12-4e5e-85e2-1ed905581184','c4b26668-789f-4117-b9af-34719df71955','06cf74d1-3ae5-4aee-8048-5fab3132f2ba','5ce4a39b-7e40-4486-b5d7-7f910cb36590','b23b7eaa-6c87-413b-b144-42b7afafd4df','f033f831-0ad6-4654-b9cc-9ad6f8c92e8c','af282aaf-606b-4d5f-9ef8-070dc205befb','24c1e762-e92d-485c-ab51-7bd8574e8cb1','2d68eaae-a710-43ae-b278-b376f0865788','21fdd8fe-78d5-4ce1-ae83-7df1ebfc6f56','23922b05-5fbd-49fd-8f6e-3847cabd2503','5c53b1b4-f8e2-4bd1-a376-d983f799cf4b')
[2026-04-16 01:56:18.152] local.info: [10.960ms] [rows:45] SELECT * FROM "role_permissions" WHERE role_id IN ('68c46dfb-a565-4938-99d7-9fdd0acf8a7e')
[2026-04-16 01:56:18.155] local.info: [12.774ms] [rows:45] SELECT * FROM "permissions" WHERE id IN ('ab6da9f5-8b11-4644-9aaa-009b3b28a4ec','5daf3519-8949-4d26-b4bc-00c8b03f04fe','91166846-7ec1-42de-b134-ce141c3a9d7d','28c919a4-3744-4931-805a-a219892adbe3','789e0c77-5a0c-4ea7-a2e1-606803a6e2bd','6cd9d7a8-34ac-4740-9bc1-aa386ae6de38','8d2454fc-6567-46f9-8527-5843c7142e3c','cf81b7d4-096a-435a-b515-ad3f779199b8','82188518-37d9-45c0-9bca-b0d202cc9449','c01ff63f-6e93-4a78-8e50-87af96ab4a89','a14b8e8b-3f32-475f-8a47-5d33dab3042e','653cb315-36f1-4697-90e4-329900532da2','217d2f9d-5606-432f-99aa-bd6fb720b45f','328bd207-61d6-40ab-9d1d-bbe31ba63a3e','9b3cb586-a24f-4353-8c5a-6a860eba7357','a9280ee9-eb73-4cfb-8092-80f4c2cc5529','e225de9e-e14e-4219-a638-44d136be5613','46c78359-bdb4-421e-9182-d1d095921f20','b0aabdc2-3a7f-496c-a902-ee468671cf24','f4e500e8-45dd-4eeb-8b47-c97d832f18b2','00f63f53-4009-405a-9736-eff543475f78','31cb98ec-4d68-460a-8a6b-1566b0356cb5','29033b15-df4d-4afe-b261-d9f9d978215b','770de03c-008e-4352-915b-dbad46394b3e','386b4440-e446-4a4c-bbf2-2df0b3d482e7','764434f1-f401-4cec-b0a5-94c50e4c10bb','f8315a47-3595-4af7-afca-831deb36ae44','16b41fad-47bb-456e-818a-0e17a10696d3','7dba2974-eed0-4a24-8090-13ce49e8ae9c','2107c201-e779-4d54-b9d8-e77e63506727','540fda97-9bb5-45a3-8677-e5494a35f98d','8db21bed-0a56-4384-b989-46c85bf60a4a','b64fe46a-25b2-4780-b910-8897bab331d1','04b0026e-ed12-4e5e-85e2-1ed905581184','c4b26668-789f-4117-b9af-34719df71955','06cf74d1-3ae5-4aee-8048-5fab3132f2ba','5ce4a39b-7e40-4486-b5d7-7f910cb36590','b23b7eaa-6c87-413b-b144-42b7afafd4df','f033f831-0ad6-4654-b9cc-9ad6f8c92e8c','af282aaf-606b-4d5f-9ef8-070dc205befb','24c1e762-e92d-485c-ab51-7bd8574e8cb1','2d68eaae-a710-43ae-b278-b376f0865788','21fdd8fe-78d5-4ce1-ae83-7df1ebfc6f56','23922b05-5fbd-49fd-8f6e-3847cabd2503','5c53b1b4-f8e2-4bd1-a376-d983f799cf4b')
[2026-04-16 01:56:18.159] local.info: [17.345ms] [rows:45] SELECT * FROM "permissions" WHERE id IN ('ab6da9f5-8b11-4644-9aaa-009b3b28a4ec','5daf3519-8949-4d26-b4bc-00c8b03f04fe','91166846-7ec1-42de-b134-ce141c3a9d7d','28c919a4-3744-4931-805a-a219892adbe3','789e0c77-5a0c-4ea7-a2e1-606803a6e2bd','6cd9d7a8-34ac-4740-9bc1-aa386ae6de38','8d2454fc-6567-46f9-8527-5843c7142e3c','cf81b7d4-096a-435a-b515-ad3f779199b8','82188518-37d9-45c0-9bca-b0d202cc9449','c01ff63f-6e93-4a78-8e50-87af96ab4a89','a14b8e8b-3f32-475f-8a47-5d33dab3042e','653cb315-36f1-4697-90e4-329900532da2','217d2f9d-5606-432f-99aa-bd6fb720b45f','328bd207-61d6-40ab-9d1d-bbe31ba63a3e','9b3cb586-a24f-4353-8c5a-6a860eba7357','a9280ee9-eb73-4cfb-8092-80f4c2cc5529','e225de9e-e14e-4219-a638-44d136be5613','46c78359-bdb4-421e-9182-d1d095921f20','b0aabdc2-3a7f-496c-a902-ee468671cf24','f4e500e8-45dd-4eeb-8b47-c97d832f18b2','00f63f53-4009-405a-9736-eff543475f78','31cb98ec-4d68-460a-8a6b-1566b0356cb5','29033b15-df4d-4afe-b261-d9f9d978215b','770de03c-008e-4352-915b-dbad46394b3e','386b4440-e446-4a4c-bbf2-2df0b3d482e7','764434f1-f401-4cec-b0a5-94c50e4c10bb','f8315a47-3595-4af7-afca-831deb36ae44','16b41fad-47bb-456e-818a-0e17a10696d3','7dba2974-eed0-4a24-8090-13ce49e8ae9c','2107c201-e779-4d54-b9d8-e77e63506727','540fda97-9bb5-45a3-8677-e5494a35f98d','8db21bed-0a56-4384-b989-46c85bf60a4a','b64fe46a-25b2-4780-b910-8897bab331d1','04b0026e-ed12-4e5e-85e2-1ed905581184','c4b26668-789f-4117-b9af-34719df71955','06cf74d1-3ae5-4aee-8048-5fab3132f2ba','5ce4a39b-7e40-4486-b5d7-7f910cb36590','b23b7eaa-6c87-413b-b144-42b7afafd4df','f033f831-0ad6-4654-b9cc-9ad6f8c92e8c','af282aaf-606b-4d5f-9ef8-070dc205befb','24c1e762-e92d-485c-ab51-7bd8574e8cb1','2d68eaae-a710-43ae-b278-b376f0865788','21fdd8fe-78d5-4ce1-ae83-7df1ebfc6f56','23922b05-5fbd-49fd-8f6e-3847cabd2503','5c53b1b4-f8e2-4bd1-a376-d983f799cf4b')
[2026-04-16 01:56:18.161] local.info: [11.354ms] [rows:45] SELECT * FROM "permissions" WHERE id IN ('ab6da9f5-8b11-4644-9aaa-009b3b28a4ec','5daf3519-8949-4d26-b4bc-00c8b03f04fe','91166846-7ec1-42de-b134-ce141c3a9d7d','28c919a4-3744-4931-805a-a219892adbe3','789e0c77-5a0c-4ea7-a2e1-606803a6e2bd','6cd9d7a8-34ac-4740-9bc1-aa386ae6de38','8d2454fc-6567-46f9-8527-5843c7142e3c','cf81b7d4-096a-435a-b515-ad3f779199b8','82188518-37d9-45c0-9bca-b0d202cc9449','c01ff63f-6e93-4a78-8e50-87af96ab4a89','a14b8e8b-3f32-475f-8a47-5d33dab3042e','653cb315-36f1-4697-90e4-329900532da2','217d2f9d-5606-432f-99aa-bd6fb720b45f','328bd207-61d6-40ab-9d1d-bbe31ba63a3e','9b3cb586-a24f-4353-8c5a-6a860eba7357','a9280ee9-eb73-4cfb-8092-80f4c2cc5529','e225de9e-e14e-4219-a638-44d136be5613','46c78359-bdb4-421e-9182-d1d095921f20','b0aabdc2-3a7f-496c-a902-ee468671cf24','f4e500e8-45dd-4eeb-8b47-c97d832f18b2','00f63f53-4009-405a-9736-eff543475f78','31cb98ec-4d68-460a-8a6b-1566b0356cb5','29033b15-df4d-4afe-b261-d9f9d978215b','770de03c-008e-4352-915b-dbad46394b3e','386b4440-e446-4a4c-bbf2-2df0b3d482e7','764434f1-f401-4cec-b0a5-94c50e4c10bb','f8315a47-3595-4af7-afca-831deb36ae44','16b41fad-47bb-456e-818a-0e17a10696d3','7dba2974-eed0-4a24-8090-13ce49e8ae9c','2107c201-e779-4d54-b9d8-e77e63506727','540fda97-9bb5-45a3-8677-e5494a35f98d','8db21bed-0a56-4384-b989-46c85bf60a4a','b64fe46a-25b2-4780-b910-8897bab331d1','04b0026e-ed12-4e5e-85e2-1ed905581184','c4b26668-789f-4117-b9af-34719df71955','06cf74d1-3ae5-4aee-8048-5fab3132f2ba','5ce4a39b-7e40-4486-b5d7-7f910cb36590','b23b7eaa-6c87-413b-b144-42b7afafd4df','f033f831-0ad6-4654-b9cc-9ad6f8c92e8c','af282aaf-606b-4d5f-9ef8-070dc205befb','24c1e762-e92d-485c-ab51-7bd8574e8cb1','2d68eaae-a710-43ae-b278-b376f0865788','21fdd8fe-78d5-4ce1-ae83-7df1ebfc6f56','23922b05-5fbd-49fd-8f6e-3847cabd2503','5c53b1b4-f8e2-4bd1-a376-d983f799cf4b')
[2026-04-16 01:56:18.161] local.info: [9.311ms] [rows:1] SELECT count(*) FROM "documents" WHERE deleted_at IS NULL AND status IN ('in_review')
[2026-04-16 01:56:18.161] local.info: [11.416ms] [rows:45] SELECT * FROM "permissions" WHERE id IN ('ab6da9f5-8b11-4644-9aaa-009b3b28a4ec','5daf3519-8949-4d26-b4bc-00c8b03f04fe','91166846-7ec1-42de-b134-ce141c3a9d7d','28c919a4-3744-4931-805a-a219892adbe3','789e0c77-5a0c-4ea7-a2e1-606803a6e2bd','6cd9d7a8-34ac-4740-9bc1-aa386ae6de38','8d2454fc-6567-46f9-8527-5843c7142e3c','cf81b7d4-096a-435a-b515-ad3f779199b8','82188518-37d9-45c0-9bca-b0d202cc9449','c01ff63f-6e93-4a78-8e50-87af96ab4a89','a14b8e8b-3f32-475f-8a47-5d33dab3042e','653cb315-36f1-4697-90e4-329900532da2','217d2f9d-5606-432f-99aa-bd6fb720b45f','328bd207-61d6-40ab-9d1d-bbe31ba63a3e','9b3cb586-a24f-4353-8c5a-6a860eba7357','a9280ee9-eb73-4cfb-8092-80f4c2cc5529','e225de9e-e14e-4219-a638-44d136be5613','46c78359-bdb4-421e-9182-d1d095921f20','b0aabdc2-3a7f-496c-a902-ee468671cf24','f4e500e8-45dd-4eeb-8b47-c97d832f18b2','00f63f53-4009-405a-9736-eff543475f78','31cb98ec-4d68-460a-8a6b-1566b0356cb5','29033b15-df4d-4afe-b261-d9f9d978215b','770de03c-008e-4352-915b-dbad46394b3e','386b4440-e446-4a4c-bbf2-2df0b3d482e7','764434f1-f401-4cec-b0a5-94c50e4c10bb','f8315a47-3595-4af7-afca-831deb36ae44','16b41fad-47bb-456e-818a-0e17a10696d3','7dba2974-eed0-4a24-8090-13ce49e8ae9c','2107c201-e779-4d54-b9d8-e77e63506727','540fda97-9bb5-45a3-8677-e5494a35f98d','8db21bed-0a56-4384-b989-46c85bf60a4a','b64fe46a-25b2-4780-b910-8897bab331d1','04b0026e-ed12-4e5e-85e2-1ed905581184','c4b26668-789f-4117-b9af-34719df71955','06cf74d1-3ae5-4aee-8048-5fab3132f2ba','5ce4a39b-7e40-4486-b5d7-7f910cb36590','b23b7eaa-6c87-413b-b144-42b7afafd4df','f033f831-0ad6-4654-b9cc-9ad6f8c92e8c','af282aaf-606b-4d5f-9ef8-070dc205befb','24c1e762-e92d-485c-ab51-7bd8574e8cb1','2d68eaae-a710-43ae-b278-b376f0865788','21fdd8fe-78d5-4ce1-ae83-7df1ebfc6f56','23922b05-5fbd-49fd-8f6e-3847cabd2503','5c53b1b4-f8e2-4bd1-a376-d983f799cf4b')
[2026-04-16 01:56:18.17] local.info: [18.145ms] [rows:45] SELECT * FROM "permissions" WHERE id IN ('ab6da9f5-8b11-4644-9aaa-009b3b28a4ec','5daf3519-8949-4d26-b4bc-00c8b03f04fe','91166846-7ec1-42de-b134-ce141c3a9d7d','28c919a4-3744-4931-805a-a219892adbe3','789e0c77-5a0c-4ea7-a2e1-606803a6e2bd','6cd9d7a8-34ac-4740-9bc1-aa386ae6de38','8d2454fc-6567-46f9-8527-5843c7142e3c','cf81b7d4-096a-435a-b515-ad3f779199b8','82188518-37d9-45c0-9bca-b0d202cc9449','c01ff63f-6e93-4a78-8e50-87af96ab4a89','a14b8e8b-3f32-475f-8a47-5d33dab3042e','653cb315-36f1-4697-90e4-329900532da2','217d2f9d-5606-432f-99aa-bd6fb720b45f','328bd207-61d6-40ab-9d1d-bbe31ba63a3e','9b3cb586-a24f-4353-8c5a-6a860eba7357','a9280ee9-eb73-4cfb-8092-80f4c2cc5529','e225de9e-e14e-4219-a638-44d136be5613','46c78359-bdb4-421e-9182-d1d095921f20','b0aabdc2-3a7f-496c-a902-ee468671cf24','f4e500e8-45dd-4eeb-8b47-c97d832f18b2','00f63f53-4009-405a-9736-eff543475f78','31cb98ec-4d68-460a-8a6b-1566b0356cb5','29033b15-df4d-4afe-b261-d9f9d978215b','770de03c-008e-4352-915b-dbad46394b3e','386b4440-e446-4a4c-bbf2-2df0b3d482e7','764434f1-f401-4cec-b0a5-94c50e4c10bb','f8315a47-3595-4af7-afca-831deb36ae44','16b41fad-47bb-456e-818a-0e17a10696d3','7dba2974-eed0-4a24-8090-13ce49e8ae9c','2107c201-e779-4d54-b9d8-e77e63506727','540fda97-9bb5-45a3-8677-e5494a35f98d','8db21bed-0a56-4384-b989-46c85bf60a4a','b64fe46a-25b2-4780-b910-8897bab331d1','04b0026e-ed12-4e5e-85e2-1ed905581184','c4b26668-789f-4117-b9af-34719df71955','06cf74d1-3ae5-4aee-8048-5fab3132f2ba','5ce4a39b-7e40-4486-b5d7-7f910cb36590','b23b7eaa-6c87-413b-b144-42b7afafd4df','f033f831-0ad6-4654-b9cc-9ad6f8c92e8c','af282aaf-606b-4d5f-9ef8-070dc205befb','24c1e762-e92d-485c-ab51-7bd8574e8cb1','2d68eaae-a710-43ae-b278-b376f0865788','21fdd8fe-78d5-4ce1-ae83-7df1ebfc6f56','23922b05-5fbd-49fd-8f6e-3847cabd2503','5c53b1b4-f8e2-4bd1-a376-d983f799cf4b')
[2026-04-16 01:56:18.17] local.info: [9.156ms] [rows:1] SELECT count(*) FROM "documents" WHERE deleted_at IS NULL AND status IN ('approved')
[2026-04-16 01:56:18.17] local.info: [8.979ms] [rows:1] SELECT count(*) FROM "document_categories" WHERE deleted_at IS NULL
[2026-04-16 01:56:18.17] local.info: [15.701ms] [rows:1] SELECT count(*) FROM "documents" WHERE deleted_at IS NULL AND status IN ('final')
[2026-04-16 01:56:18.17] local.info: [11.161ms] [rows:1] SELECT count(*) FROM "document_types"
[2026-04-16 01:56:18.18] local.info: [18.802ms] [rows:0] SELECT * FROM "documents" WHERE deleted_at IS NULL AND status IN ('in_review') ORDER BY created_at desc LIMIT 1
[2026-04-16 01:56:18.18] local.info: [9.885ms] [rows:0] SELECT * FROM "documents" WHERE deleted_at IS NULL AND status IN ('approved') ORDER BY created_at desc LIMIT 1
[2026-04-16 01:56:18.18] local.info: [9.827ms] [rows:0] SELECT * FROM "documents" WHERE deleted_at IS NULL AND status IN ('final') ORDER BY created_at desc LIMIT 1
[2026-04-16 01:56:18.199] local.info: [28.469ms] [rows:5] SELECT * FROM "document_types" ORDER BY sort_order asc, created_at desc LIMIT 20
[2026-04-16 01:56:18.199] local.info: [28.879ms] [rows:1] SELECT count(*) FROM "documents" WHERE deleted_at IS NULL
[2026-04-16 01:56:18.199] local.info: [28.733ms] [rows:1] SELECT * FROM "document_categories" WHERE deleted_at IS NULL ORDER BY sort_order asc, created_at desc LIMIT 20
[2026-04-16 01:56:18.199] local.info: [17.848ms] [rows:1] SELECT * FROM "users" WHERE id = '00000000-0000-0000-0000-000000000099' ORDER BY "users"."id" LIMIT 1
[2026-04-16 01:56:18.217] local.info: [17.636ms] [rows:1] SELECT * FROM "user_roles" WHERE user_id = '00000000-0000-0000-0000-000000000099'
[2026-04-16 01:56:18.251] local.info: [34.006ms] [rows:1] SELECT * FROM "roles" WHERE id IN ('68c46dfb-a565-4938-99d7-9fdd0acf8a7e')
[2026-04-16 01:56:18.251] local.info: [33.943ms] [rows:1] SELECT * FROM "document_categories" WHERE "document_categories"."id" = '1de6dcb1-c46b-466f-af65-bc4b8d75de05'
[2026-04-16 01:56:18.27] local.info: [18.380ms] [rows:45] SELECT * FROM "role_permissions" WHERE role_id IN ('68c46dfb-a565-4938-99d7-9fdd0acf8a7e')
[2026-04-16 01:56:18.27] local.info: [18.582ms] [rows:1] SELECT * FROM "users" WHERE "users"."id" = '00000000-0000-0000-0000-000000000099'
[2026-04-16 01:56:18.279] local.info: [9.008ms] [rows:1] SELECT * FROM "document_types" WHERE "document_types"."id" = '7367ca3d-eb1d-43dd-a115-cf3d2ceecdfa'
[2026-04-16 01:56:18.279] local.info: [79.843ms] [rows:1] SELECT * FROM "documents" WHERE deleted_at IS NULL ORDER BY created_at desc LIMIT 15
[2026-04-16 01:56:18.297] local.info: [27.103ms] [rows:45] SELECT * FROM "permissions" WHERE id IN ('ab6da9f5-8b11-4644-9aaa-009b3b28a4ec','5daf3519-8949-4d26-b4bc-00c8b03f04fe','91166846-7ec1-42de-b134-ce141c3a9d7d','28c919a4-3744-4931-805a-a219892adbe3','789e0c77-5a0c-4ea7-a2e1-606803a6e2bd','6cd9d7a8-34ac-4740-9bc1-aa386ae6de38','8d2454fc-6567-46f9-8527-5843c7142e3c','cf81b7d4-096a-435a-b515-ad3f779199b8','82188518-37d9-45c0-9bca-b0d202cc9449','c01ff63f-6e93-4a78-8e50-87af96ab4a89','a14b8e8b-3f32-475f-8a47-5d33dab3042e','653cb315-36f1-4697-90e4-329900532da2','217d2f9d-5606-432f-99aa-bd6fb720b45f','328bd207-61d6-40ab-9d1d-bbe31ba63a3e','9b3cb586-a24f-4353-8c5a-6a860eba7357','a9280ee9-eb73-4cfb-8092-80f4c2cc5529','e225de9e-e14e-4219-a638-44d136be5613','46c78359-bdb4-421e-9182-d1d095921f20','b0aabdc2-3a7f-496c-a902-ee468671cf24','f4e500e8-45dd-4eeb-8b47-c97d832f18b2','00f63f53-4009-405a-9736-eff543475f78','31cb98ec-4d68-460a-8a6b-1566b0356cb5','29033b15-df4d-4afe-b261-d9f9d978215b','770de03c-008e-4352-915b-dbad46394b3e','386b4440-e446-4a4c-bbf2-2df0b3d482e7','764434f1-f401-4cec-b0a5-94c50e4c10bb','f8315a47-3595-4af7-afca-831deb36ae44','16b41fad-47bb-456e-818a-0e17a10696d3','7dba2974-eed0-4a24-8090-13ce49e8ae9c','2107c201-e779-4d54-b9d8-e77e63506727','540fda97-9bb5-45a3-8677-e5494a35f98d','8db21bed-0a56-4384-b989-46c85bf60a4a','b64fe46a-25b2-4780-b910-8897bab331d1','04b0026e-ed12-4e5e-85e2-1ed905581184','c4b26668-789f-4117-b9af-34719df71955','06cf74d1-3ae5-4aee-8048-5fab3132f2ba','5ce4a39b-7e40-4486-b5d7-7f910cb36590','b23b7eaa-6c87-413b-b144-42b7afafd4df','f033f831-0ad6-4654-b9cc-9ad6f8c92e8c','af282aaf-606b-4d5f-9ef8-070dc205befb','24c1e762-e92d-485c-ab51-7bd8574e8cb1','2d68eaae-a710-43ae-b278-b376f0865788','21fdd8fe-78d5-4ce1-ae83-7df1ebfc6f56','23922b05-5fbd-49fd-8f6e-3847cabd2503','5c53b1b4-f8e2-4bd1-a376-d983f799cf4b')
[2026-04-16 01:56:18.308] local.info: [10.492ms] [rows:1] SELECT count(*) FROM "documents" WHERE deleted_at IS NULL AND status IN ('draft')
[2026-04-16 01:56:18.347] local.info: [19.888ms] [rows:1] SELECT * FROM "document_categories" WHERE "document_categories"."id" = '1de6dcb1-c46b-466f-af65-bc4b8d75de05'
[2026-04-16 01:56:18.367] local.info: [19.786ms] [rows:1] SELECT * FROM "users" WHERE "users"."id" = '00000000-0000-0000-0000-000000000099'
[2026-04-16 01:56:18.387] local.info: [19.819ms] [rows:1] SELECT * FROM "document_types" WHERE "document_types"."id" = '7367ca3d-eb1d-43dd-a115-cf3d2ceecdfa'
[2026-04-16 01:56:18.387] local.info: [79.162ms] [rows:1] SELECT * FROM "documents" WHERE deleted_at IS NULL AND status IN ('draft') ORDER BY created_at desc LIMIT 1
[2026-04-16 01:56:18.737] local.info: [25.768ms] [rows:1] SELECT * FROM "users" WHERE id = '00000000-0000-0000-0000-000000000099' ORDER BY "users"."id" LIMIT 1
[2026-04-16 01:56:18.757] local.info: [19.921ms] [rows:1] SELECT * FROM "user_roles" WHERE user_id = '00000000-0000-0000-0000-000000000099'
[2026-04-16 01:56:18.777] local.info: [19.870ms] [rows:1] SELECT * FROM "roles" WHERE id IN ('68c46dfb-a565-4938-99d7-9fdd0acf8a7e')
[2026-04-16 01:56:18.797] local.info: [20.396ms] [rows:45] SELECT * FROM "role_permissions" WHERE role_id IN ('68c46dfb-a565-4938-99d7-9fdd0acf8a7e')
[2026-04-16 01:56:18.83] local.info: [32.391ms] [rows:45] SELECT * FROM "permissions" WHERE id IN ('ab6da9f5-8b11-4644-9aaa-009b3b28a4ec','5daf3519-8949-4d26-b4bc-00c8b03f04fe','91166846-7ec1-42de-b134-ce141c3a9d7d','28c919a4-3744-4931-805a-a219892adbe3','789e0c77-5a0c-4ea7-a2e1-606803a6e2bd','6cd9d7a8-34ac-4740-9bc1-aa386ae6de38','8d2454fc-6567-46f9-8527-5843c7142e3c','cf81b7d4-096a-435a-b515-ad3f779199b8','82188518-37d9-45c0-9bca-b0d202cc9449','c01ff63f-6e93-4a78-8e50-87af96ab4a89','a14b8e8b-3f32-475f-8a47-5d33dab3042e','653cb315-36f1-4697-90e4-329900532da2','217d2f9d-5606-432f-99aa-bd6fb720b45f','328bd207-61d6-40ab-9d1d-bbe31ba63a3e','9b3cb586-a24f-4353-8c5a-6a860eba7357','a9280ee9-eb73-4cfb-8092-80f4c2cc5529','e225de9e-e14e-4219-a638-44d136be5613','46c78359-bdb4-421e-9182-d1d095921f20','b0aabdc2-3a7f-496c-a902-ee468671cf24','f4e500e8-45dd-4eeb-8b47-c97d832f18b2','00f63f53-4009-405a-9736-eff543475f78','31cb98ec-4d68-460a-8a6b-1566b0356cb5','29033b15-df4d-4afe-b261-d9f9d978215b','770de03c-008e-4352-915b-dbad46394b3e','386b4440-e446-4a4c-bbf2-2df0b3d482e7','764434f1-f401-4cec-b0a5-94c50e4c10bb','f8315a47-3595-4af7-afca-831deb36ae44','16b41fad-47bb-456e-818a-0e17a10696d3','7dba2974-eed0-4a24-8090-13ce49e8ae9c','2107c201-e779-4d54-b9d8-e77e63506727','540fda97-9bb5-45a3-8677-e5494a35f98d','8db21bed-0a56-4384-b989-46c85bf60a4a','b64fe46a-25b2-4780-b910-8897bab331d1','04b0026e-ed12-4e5e-85e2-1ed905581184','c4b26668-789f-4117-b9af-34719df71955','06cf74d1-3ae5-4aee-8048-5fab3132f2ba','5ce4a39b-7e40-4486-b5d7-7f910cb36590','b23b7eaa-6c87-413b-b144-42b7afafd4df','f033f831-0ad6-4654-b9cc-9ad6f8c92e8c','af282aaf-606b-4d5f-9ef8-070dc205befb','24c1e762-e92d-485c-ab51-7bd8574e8cb1','2d68eaae-a710-43ae-b278-b376f0865788','21fdd8fe-78d5-4ce1-ae83-7df1ebfc6f56','23922b05-5fbd-49fd-8f6e-3847cabd2503','5c53b1b4-f8e2-4bd1-a376-d983f799cf4b')
[2026-04-16 01:56:18.858] local.info: [28.194ms] [rows:1] SELECT count(*) FROM "notifications" WHERE user_id = '00000000-0000-0000-0000-000000000099' AND is_read = false
[2026-04-16 01:56:18.859] local.info: [17.981ms] [rows:1] SELECT * FROM "users" WHERE id = '00000000-0000-0000-0000-000000000099' ORDER BY "users"."id" LIMIT 1
[2026-04-16 01:56:18.859] local.info: [17.994ms] [rows:1] SELECT * FROM "users" WHERE id = '00000000-0000-0000-0000-000000000099' ORDER BY "users"."id" LIMIT 1
[2026-04-16 01:56:18.859] local.info: [20.134ms] [rows:1] SELECT * FROM "users" WHERE id = '00000000-0000-0000-0000-000000000099' ORDER BY "users"."id" LIMIT 1
[2026-04-16 01:56:18.866] local.info: [6.784ms] [rows:1] SELECT * FROM "user_roles" WHERE user_id = '00000000-0000-0000-0000-000000000099'
[2026-04-16 01:56:18.866] local.info: [6.831ms] [rows:1] SELECT * FROM "user_roles" WHERE user_id = '00000000-0000-0000-0000-000000000099'
[2026-04-16 01:56:18.88] local.info: [21.142ms] [rows:1] SELECT * FROM "user_roles" WHERE user_id = '00000000-0000-0000-0000-000000000099'
[2026-04-16 01:56:18.88] local.info: [14.348ms] [rows:1] SELECT * FROM "roles" WHERE id IN ('68c46dfb-a565-4938-99d7-9fdd0acf8a7e')
[2026-04-16 01:56:18.88] local.info: [14.454ms] [rows:1] SELECT * FROM "roles" WHERE id IN ('68c46dfb-a565-4938-99d7-9fdd0acf8a7e')
[2026-04-16 01:56:18.888] local.info: [13.947ms] [rows:1] SELECT * FROM "users" WHERE id = '00000000-0000-0000-0000-000000000099' ORDER BY "users"."id" LIMIT 1
[2026-04-16 01:56:18.888] local.info: [8.140ms] [rows:1] SELECT * FROM "roles" WHERE id IN ('68c46dfb-a565-4938-99d7-9fdd0acf8a7e')
[2026-04-16 01:56:18.888] local.info: [14.247ms] [rows:1] SELECT * FROM "users" WHERE id = '00000000-0000-0000-0000-000000000099' ORDER BY "users"."id" LIMIT 1
[2026-04-16 01:56:18.888] local.info: [14.242ms] [rows:1] SELECT * FROM "users" WHERE id = '00000000-0000-0000-0000-000000000099' ORDER BY "users"."id" LIMIT 1
[2026-04-16 01:56:18.89] local.info: [9.628ms] [rows:45] SELECT * FROM "role_permissions" WHERE role_id IN ('68c46dfb-a565-4938-99d7-9fdd0acf8a7e')
[2026-04-16 01:56:18.897] local.info: [16.599ms] [rows:45] SELECT * FROM "role_permissions" WHERE role_id IN ('68c46dfb-a565-4938-99d7-9fdd0acf8a7e')
[2026-04-16 01:56:18.897] local.info: [8.694ms] [rows:1] SELECT * FROM "user_roles" WHERE user_id = '00000000-0000-0000-0000-000000000099'
[2026-04-16 01:56:18.897] local.info: [8.865ms] [rows:1] SELECT * FROM "user_roles" WHERE user_id = '00000000-0000-0000-0000-000000000099'
[2026-04-16 01:56:18.898] local.info: [9.348ms] [rows:45] SELECT * FROM "role_permissions" WHERE role_id IN ('68c46dfb-a565-4938-99d7-9fdd0acf8a7e')
[2026-04-16 01:56:18.898] local.info: [9.418ms] [rows:1] SELECT * FROM "user_roles" WHERE user_id = '00000000-0000-0000-0000-000000000099'
[2026-04-16 01:56:18.905] local.info: [15.572ms] [rows:45] SELECT * FROM "permissions" WHERE id IN ('ab6da9f5-8b11-4644-9aaa-009b3b28a4ec','5daf3519-8949-4d26-b4bc-00c8b03f04fe','91166846-7ec1-42de-b134-ce141c3a9d7d','28c919a4-3744-4931-805a-a219892adbe3','789e0c77-5a0c-4ea7-a2e1-606803a6e2bd','6cd9d7a8-34ac-4740-9bc1-aa386ae6de38','8d2454fc-6567-46f9-8527-5843c7142e3c','cf81b7d4-096a-435a-b515-ad3f779199b8','82188518-37d9-45c0-9bca-b0d202cc9449','c01ff63f-6e93-4a78-8e50-87af96ab4a89','a14b8e8b-3f32-475f-8a47-5d33dab3042e','653cb315-36f1-4697-90e4-329900532da2','217d2f9d-5606-432f-99aa-bd6fb720b45f','328bd207-61d6-40ab-9d1d-bbe31ba63a3e','9b3cb586-a24f-4353-8c5a-6a860eba7357','a9280ee9-eb73-4cfb-8092-80f4c2cc5529','e225de9e-e14e-4219-a638-44d136be5613','46c78359-bdb4-421e-9182-d1d095921f20','b0aabdc2-3a7f-496c-a902-ee468671cf24','f4e500e8-45dd-4eeb-8b47-c97d832f18b2','00f63f53-4009-405a-9736-eff543475f78','31cb98ec-4d68-460a-8a6b-1566b0356cb5','29033b15-df4d-4afe-b261-d9f9d978215b','770de03c-008e-4352-915b-dbad46394b3e','386b4440-e446-4a4c-bbf2-2df0b3d482e7','764434f1-f401-4cec-b0a5-94c50e4c10bb','f8315a47-3595-4af7-afca-831deb36ae44','16b41fad-47bb-456e-818a-0e17a10696d3','7dba2974-eed0-4a24-8090-13ce49e8ae9c','2107c201-e779-4d54-b9d8-e77e63506727','540fda97-9bb5-45a3-8677-e5494a35f98d','8db21bed-0a56-4384-b989-46c85bf60a4a','b64fe46a-25b2-4780-b910-8897bab331d1','04b0026e-ed12-4e5e-85e2-1ed905581184','c4b26668-789f-4117-b9af-34719df71955','06cf74d1-3ae5-4aee-8048-5fab3132f2ba','5ce4a39b-7e40-4486-b5d7-7f910cb36590','b23b7eaa-6c87-413b-b144-42b7afafd4df','f033f831-0ad6-4654-b9cc-9ad6f8c92e8c','af282aaf-606b-4d5f-9ef8-070dc205befb','24c1e762-e92d-485c-ab51-7bd8574e8cb1','2d68eaae-a710-43ae-b278-b376f0865788','21fdd8fe-78d5-4ce1-ae83-7df1ebfc6f56','23922b05-5fbd-49fd-8f6e-3847cabd2503','5c53b1b4-f8e2-4bd1-a376-d983f799cf4b')
[2026-04-16 01:56:18.909] local.info: [12.332ms] [rows:1] SELECT * FROM "roles" WHERE id IN ('68c46dfb-a565-4938-99d7-9fdd0acf8a7e')
[2026-04-16 01:56:18.909] local.info: [12.307ms] [rows:1] SELECT * FROM "roles" WHERE id IN ('68c46dfb-a565-4938-99d7-9fdd0acf8a7e')
[2026-04-16 01:56:18.909] local.info: [11.661ms] [rows:1] SELECT * FROM "roles" WHERE id IN ('68c46dfb-a565-4938-99d7-9fdd0acf8a7e')
[2026-04-16 01:56:18.909] local.info: [12.558ms] [rows:45] SELECT * FROM "permissions" WHERE id IN ('ab6da9f5-8b11-4644-9aaa-009b3b28a4ec','5daf3519-8949-4d26-b4bc-00c8b03f04fe','91166846-7ec1-42de-b134-ce141c3a9d7d','28c919a4-3744-4931-805a-a219892adbe3','789e0c77-5a0c-4ea7-a2e1-606803a6e2bd','6cd9d7a8-34ac-4740-9bc1-aa386ae6de38','8d2454fc-6567-46f9-8527-5843c7142e3c','cf81b7d4-096a-435a-b515-ad3f779199b8','82188518-37d9-45c0-9bca-b0d202cc9449','c01ff63f-6e93-4a78-8e50-87af96ab4a89','a14b8e8b-3f32-475f-8a47-5d33dab3042e','653cb315-36f1-4697-90e4-329900532da2','217d2f9d-5606-432f-99aa-bd6fb720b45f','328bd207-61d6-40ab-9d1d-bbe31ba63a3e','9b3cb586-a24f-4353-8c5a-6a860eba7357','a9280ee9-eb73-4cfb-8092-80f4c2cc5529','e225de9e-e14e-4219-a638-44d136be5613','46c78359-bdb4-421e-9182-d1d095921f20','b0aabdc2-3a7f-496c-a902-ee468671cf24','f4e500e8-45dd-4eeb-8b47-c97d832f18b2','00f63f53-4009-405a-9736-eff543475f78','31cb98ec-4d68-460a-8a6b-1566b0356cb5','29033b15-df4d-4afe-b261-d9f9d978215b','770de03c-008e-4352-915b-dbad46394b3e','386b4440-e446-4a4c-bbf2-2df0b3d482e7','764434f1-f401-4cec-b0a5-94c50e4c10bb','f8315a47-3595-4af7-afca-831deb36ae44','16b41fad-47bb-456e-818a-0e17a10696d3','7dba2974-eed0-4a24-8090-13ce49e8ae9c','2107c201-e779-4d54-b9d8-e77e63506727','540fda97-9bb5-45a3-8677-e5494a35f98d','8db21bed-0a56-4384-b989-46c85bf60a4a','b64fe46a-25b2-4780-b910-8897bab331d1','04b0026e-ed12-4e5e-85e2-1ed905581184','c4b26668-789f-4117-b9af-34719df71955','06cf74d1-3ae5-4aee-8048-5fab3132f2ba','5ce4a39b-7e40-4486-b5d7-7f910cb36590','b23b7eaa-6c87-413b-b144-42b7afafd4df','f033f831-0ad6-4654-b9cc-9ad6f8c92e8c','af282aaf-606b-4d5f-9ef8-070dc205befb','24c1e762-e92d-485c-ab51-7bd8574e8cb1','2d68eaae-a710-43ae-b278-b376f0865788','21fdd8fe-78d5-4ce1-ae83-7df1ebfc6f56','23922b05-5fbd-49fd-8f6e-3847cabd2503','5c53b1b4-f8e2-4bd1-a376-d983f799cf4b')
[2026-04-16 01:56:18.917] local.info: [19.488ms] [rows:45] SELECT * FROM "permissions" WHERE id IN ('ab6da9f5-8b11-4644-9aaa-009b3b28a4ec','5daf3519-8949-4d26-b4bc-00c8b03f04fe','91166846-7ec1-42de-b134-ce141c3a9d7d','28c919a4-3744-4931-805a-a219892adbe3','789e0c77-5a0c-4ea7-a2e1-606803a6e2bd','6cd9d7a8-34ac-4740-9bc1-aa386ae6de38','8d2454fc-6567-46f9-8527-5843c7142e3c','cf81b7d4-096a-435a-b515-ad3f779199b8','82188518-37d9-45c0-9bca-b0d202cc9449','c01ff63f-6e93-4a78-8e50-87af96ab4a89','a14b8e8b-3f32-475f-8a47-5d33dab3042e','653cb315-36f1-4697-90e4-329900532da2','217d2f9d-5606-432f-99aa-bd6fb720b45f','328bd207-61d6-40ab-9d1d-bbe31ba63a3e','9b3cb586-a24f-4353-8c5a-6a860eba7357','a9280ee9-eb73-4cfb-8092-80f4c2cc5529','e225de9e-e14e-4219-a638-44d136be5613','46c78359-bdb4-421e-9182-d1d095921f20','b0aabdc2-3a7f-496c-a902-ee468671cf24','f4e500e8-45dd-4eeb-8b47-c97d832f18b2','00f63f53-4009-405a-9736-eff543475f78','31cb98ec-4d68-460a-8a6b-1566b0356cb5','29033b15-df4d-4afe-b261-d9f9d978215b','770de03c-008e-4352-915b-dbad46394b3e','386b4440-e446-4a4c-bbf2-2df0b3d482e7','764434f1-f401-4cec-b0a5-94c50e4c10bb','f8315a47-3595-4af7-afca-831deb36ae44','16b41fad-47bb-456e-818a-0e17a10696d3','7dba2974-eed0-4a24-8090-13ce49e8ae9c','2107c201-e779-4d54-b9d8-e77e63506727','540fda97-9bb5-45a3-8677-e5494a35f98d','8db21bed-0a56-4384-b989-46c85bf60a4a','b64fe46a-25b2-4780-b910-8897bab331d1','04b0026e-ed12-4e5e-85e2-1ed905581184','c4b26668-789f-4117-b9af-34719df71955','06cf74d1-3ae5-4aee-8048-5fab3132f2ba','5ce4a39b-7e40-4486-b5d7-7f910cb36590','b23b7eaa-6c87-413b-b144-42b7afafd4df','f033f831-0ad6-4654-b9cc-9ad6f8c92e8c','af282aaf-606b-4d5f-9ef8-070dc205befb','24c1e762-e92d-485c-ab51-7bd8574e8cb1','2d68eaae-a710-43ae-b278-b376f0865788','21fdd8fe-78d5-4ce1-ae83-7df1ebfc6f56','23922b05-5fbd-49fd-8f6e-3847cabd2503','5c53b1b4-f8e2-4bd1-a376-d983f799cf4b')
[2026-04-16 01:56:18.919] local.info: [9.672ms] [rows:45] SELECT * FROM "role_permissions" WHERE role_id IN ('68c46dfb-a565-4938-99d7-9fdd0acf8a7e')
[2026-04-16 01:56:18.919] local.info: [9.693ms] [rows:1] SELECT count(*) FROM "documents" WHERE deleted_at IS NULL
[2026-04-16 01:56:18.919] local.info: [9.762ms] [rows:45] SELECT * FROM "role_permissions" WHERE role_id IN ('68c46dfb-a565-4938-99d7-9fdd0acf8a7e')
[2026-04-16 01:56:18.927] local.info: [17.476ms] [rows:45] SELECT * FROM "role_permissions" WHERE role_id IN ('68c46dfb-a565-4938-99d7-9fdd0acf8a7e')
[2026-04-16 01:56:18.927] local.info: [9.678ms] [rows:1] SELECT * FROM "user_roles" WHERE "user_roles"."user_id" = '00000000-0000-0000-0000-000000000099'
[2026-04-16 01:56:18.927] local.info: [9.767ms] [rows:1] SELECT count(*) FROM "documents" WHERE deleted_at IS NULL AND status IN ('in_review')
[2026-04-16 01:56:18.928] local.info: [8.697ms] [rows:45] SELECT * FROM "permissions" WHERE id IN ('ab6da9f5-8b11-4644-9aaa-009b3b28a4ec','5daf3519-8949-4d26-b4bc-00c8b03f04fe','91166846-7ec1-42de-b134-ce141c3a9d7d','28c919a4-3744-4931-805a-a219892adbe3','789e0c77-5a0c-4ea7-a2e1-606803a6e2bd','6cd9d7a8-34ac-4740-9bc1-aa386ae6de38','8d2454fc-6567-46f9-8527-5843c7142e3c','cf81b7d4-096a-435a-b515-ad3f779199b8','82188518-37d9-45c0-9bca-b0d202cc9449','c01ff63f-6e93-4a78-8e50-87af96ab4a89','a14b8e8b-3f32-475f-8a47-5d33dab3042e','653cb315-36f1-4697-90e4-329900532da2','217d2f9d-5606-432f-99aa-bd6fb720b45f','328bd207-61d6-40ab-9d1d-bbe31ba63a3e','9b3cb586-a24f-4353-8c5a-6a860eba7357','a9280ee9-eb73-4cfb-8092-80f4c2cc5529','e225de9e-e14e-4219-a638-44d136be5613','46c78359-bdb4-421e-9182-d1d095921f20','b0aabdc2-3a7f-496c-a902-ee468671cf24','f4e500e8-45dd-4eeb-8b47-c97d832f18b2','00f63f53-4009-405a-9736-eff543475f78','31cb98ec-4d68-460a-8a6b-1566b0356cb5','29033b15-df4d-4afe-b261-d9f9d978215b','770de03c-008e-4352-915b-dbad46394b3e','386b4440-e446-4a4c-bbf2-2df0b3d482e7','764434f1-f401-4cec-b0a5-94c50e4c10bb','f8315a47-3595-4af7-afca-831deb36ae44','16b41fad-47bb-456e-818a-0e17a10696d3','7dba2974-eed0-4a24-8090-13ce49e8ae9c','2107c201-e779-4d54-b9d8-e77e63506727','540fda97-9bb5-45a3-8677-e5494a35f98d','8db21bed-0a56-4384-b989-46c85bf60a4a','b64fe46a-25b2-4780-b910-8897bab331d1','04b0026e-ed12-4e5e-85e2-1ed905581184','c4b26668-789f-4117-b9af-34719df71955','06cf74d1-3ae5-4aee-8048-5fab3132f2ba','5ce4a39b-7e40-4486-b5d7-7f910cb36590','b23b7eaa-6c87-413b-b144-42b7afafd4df','f033f831-0ad6-4654-b9cc-9ad6f8c92e8c','af282aaf-606b-4d5f-9ef8-070dc205befb','24c1e762-e92d-485c-ab51-7bd8574e8cb1','2d68eaae-a710-43ae-b278-b376f0865788','21fdd8fe-78d5-4ce1-ae83-7df1ebfc6f56','23922b05-5fbd-49fd-8f6e-3847cabd2503','5c53b1b4-f8e2-4bd1-a376-d983f799cf4b')
[2026-04-16 01:56:18.937] local.info: [17.438ms] [rows:45] SELECT * FROM "permissions" WHERE id IN ('ab6da9f5-8b11-4644-9aaa-009b3b28a4ec','5daf3519-8949-4d26-b4bc-00c8b03f04fe','91166846-7ec1-42de-b134-ce141c3a9d7d','28c919a4-3744-4931-805a-a219892adbe3','789e0c77-5a0c-4ea7-a2e1-606803a6e2bd','6cd9d7a8-34ac-4740-9bc1-aa386ae6de38','8d2454fc-6567-46f9-8527-5843c7142e3c','cf81b7d4-096a-435a-b515-ad3f779199b8','82188518-37d9-45c0-9bca-b0d202cc9449','c01ff63f-6e93-4a78-8e50-87af96ab4a89','a14b8e8b-3f32-475f-8a47-5d33dab3042e','653cb315-36f1-4697-90e4-329900532da2','217d2f9d-5606-432f-99aa-bd6fb720b45f','328bd207-61d6-40ab-9d1d-bbe31ba63a3e','9b3cb586-a24f-4353-8c5a-6a860eba7357','a9280ee9-eb73-4cfb-8092-80f4c2cc5529','e225de9e-e14e-4219-a638-44d136be5613','46c78359-bdb4-421e-9182-d1d095921f20','b0aabdc2-3a7f-496c-a902-ee468671cf24','f4e500e8-45dd-4eeb-8b47-c97d832f18b2','00f63f53-4009-405a-9736-eff543475f78','31cb98ec-4d68-460a-8a6b-1566b0356cb5','29033b15-df4d-4afe-b261-d9f9d978215b','770de03c-008e-4352-915b-dbad46394b3e','386b4440-e446-4a4c-bbf2-2df0b3d482e7','764434f1-f401-4cec-b0a5-94c50e4c10bb','f8315a47-3595-4af7-afca-831deb36ae44','16b41fad-47bb-456e-818a-0e17a10696d3','7dba2974-eed0-4a24-8090-13ce49e8ae9c','2107c201-e779-4d54-b9d8-e77e63506727','540fda97-9bb5-45a3-8677-e5494a35f98d','8db21bed-0a56-4384-b989-46c85bf60a4a','b64fe46a-25b2-4780-b910-8897bab331d1','04b0026e-ed12-4e5e-85e2-1ed905581184','c4b26668-789f-4117-b9af-34719df71955','06cf74d1-3ae5-4aee-8048-5fab3132f2ba','5ce4a39b-7e40-4486-b5d7-7f910cb36590','b23b7eaa-6c87-413b-b144-42b7afafd4df','f033f831-0ad6-4654-b9cc-9ad6f8c92e8c','af282aaf-606b-4d5f-9ef8-070dc205befb','24c1e762-e92d-485c-ab51-7bd8574e8cb1','2d68eaae-a710-43ae-b278-b376f0865788','21fdd8fe-78d5-4ce1-ae83-7df1ebfc6f56','23922b05-5fbd-49fd-8f6e-3847cabd2503','5c53b1b4-f8e2-4bd1-a376-d983f799cf4b')
[2026-04-16 01:56:18.937] local.info: [8.287ms] [rows:1] SELECT * FROM "document_categories" WHERE "document_categories"."id" = '1de6dcb1-c46b-466f-af65-bc4b8d75de05'
[2026-04-16 01:56:18.937] local.info: [10.308ms] [rows:1] SELECT * FROM "roles" WHERE "roles"."id" = '68c46dfb-a565-4938-99d7-9fdd0acf8a7e'
[2026-04-16 01:56:18.937] local.info: [31.834ms] [rows:1] SELECT * FROM "users" WHERE id = '00000000-0000-0000-0000-000000000099' ORDER BY "users"."id" LIMIT 1
[2026-04-16 01:56:18.939] local.info: [11.719ms] [rows:0] SELECT * FROM "documents" WHERE deleted_at IS NULL AND status IN ('in_review') ORDER BY created_at desc LIMIT 1
[2026-04-16 01:56:18.939] local.info: [11.035ms] [rows:2] SELECT * FROM "users"
[2026-04-16 01:56:18.947] local.info: [20.080ms] [rows:45] SELECT * FROM "permissions" WHERE id IN ('ab6da9f5-8b11-4644-9aaa-009b3b28a4ec','5daf3519-8949-4d26-b4bc-00c8b03f04fe','91166846-7ec1-42de-b134-ce141c3a9d7d','28c919a4-3744-4931-805a-a219892adbe3','789e0c77-5a0c-4ea7-a2e1-606803a6e2bd','6cd9d7a8-34ac-4740-9bc1-aa386ae6de38','8d2454fc-6567-46f9-8527-5843c7142e3c','cf81b7d4-096a-435a-b515-ad3f779199b8','82188518-37d9-45c0-9bca-b0d202cc9449','c01ff63f-6e93-4a78-8e50-87af96ab4a89','a14b8e8b-3f32-475f-8a47-5d33dab3042e','653cb315-36f1-4697-90e4-329900532da2','217d2f9d-5606-432f-99aa-bd6fb720b45f','328bd207-61d6-40ab-9d1d-bbe31ba63a3e','9b3cb586-a24f-4353-8c5a-6a860eba7357','a9280ee9-eb73-4cfb-8092-80f4c2cc5529','e225de9e-e14e-4219-a638-44d136be5613','46c78359-bdb4-421e-9182-d1d095921f20','b0aabdc2-3a7f-496c-a902-ee468671cf24','f4e500e8-45dd-4eeb-8b47-c97d832f18b2','00f63f53-4009-405a-9736-eff543475f78','31cb98ec-4d68-460a-8a6b-1566b0356cb5','29033b15-df4d-4afe-b261-d9f9d978215b','770de03c-008e-4352-915b-dbad46394b3e','386b4440-e446-4a4c-bbf2-2df0b3d482e7','764434f1-f401-4cec-b0a5-94c50e4c10bb','f8315a47-3595-4af7-afca-831deb36ae44','16b41fad-47bb-456e-818a-0e17a10696d3','7dba2974-eed0-4a24-8090-13ce49e8ae9c','2107c201-e779-4d54-b9d8-e77e63506727','540fda97-9bb5-45a3-8677-e5494a35f98d','8db21bed-0a56-4384-b989-46c85bf60a4a','b64fe46a-25b2-4780-b910-8897bab331d1','04b0026e-ed12-4e5e-85e2-1ed905581184','c4b26668-789f-4117-b9af-34719df71955','06cf74d1-3ae5-4aee-8048-5fab3132f2ba','5ce4a39b-7e40-4486-b5d7-7f910cb36590','b23b7eaa-6c87-413b-b144-42b7afafd4df','f033f831-0ad6-4654-b9cc-9ad6f8c92e8c','af282aaf-606b-4d5f-9ef8-070dc205befb','24c1e762-e92d-485c-ab51-7bd8574e8cb1','2d68eaae-a710-43ae-b278-b376f0865788','21fdd8fe-78d5-4ce1-ae83-7df1ebfc6f56','23922b05-5fbd-49fd-8f6e-3847cabd2503','5c53b1b4-f8e2-4bd1-a376-d983f799cf4b')
[2026-04-16 01:56:18.947] local.info: [10.397ms] [rows:1] SELECT count(*) FROM "documents" WHERE deleted_at IS NULL
[2026-04-16 01:56:18.947] local.info: [9.891ms] [rows:1] SELECT * FROM "users" WHERE "users"."id" = '00000000-0000-0000-0000-000000000099'
[2026-04-16 01:56:18.954] local.info: [16.721ms] [rows:0] SELECT * FROM "workflow_step_instances" WHERE status = 'active'
[2026-04-16 01:56:18.954] local.info: [14.334ms] [rows:1] SELECT * FROM "users" WHERE id = '00000000-0000-0000-0000-000000000099' ORDER BY "users"."id" LIMIT 1
[2026-04-16 01:56:18.955] local.info: [7.458ms] [rows:1] SELECT * FROM "document_types" WHERE "document_types"."id" = '7367ca3d-eb1d-43dd-a115-cf3d2ceecdfa'
[2026-04-16 01:56:18.955] local.info: [35.573ms] [rows:1] SELECT * FROM "documents" WHERE deleted_at IS NULL ORDER BY created_at desc LIMIT 1
[2026-04-16 01:56:18.962] local.error: [7.373ms] [rows:0] SELECT * FROM "workflow_delegations" WHERE delegated_to = '00000000-0000-0000-0000-000000000099' AND status = 'accepted'	ERROR: relation "workflow_delegations" does not exist (SQLSTATE 42P01)
[Trace] /Users/arivin29macmini/go/pkg/mod/github.com/goravel/framework@v1.17.2/log/writer.go:202 [log.(*Writer).withStackTrace]
/Users/arivin29macmini/go/pkg/mod/github.com/goravel/framework@v1.17.2/log/writer.go:65 [log.(*Writer).Errorf]
/Users/arivin29macmini/go/pkg/mod/github.com/goravel/framework@v1.17.2/database/db/logger.go:79 [db.(*Logger).Errorf]
/Users/arivin29macmini/go/pkg/mod/github.com/goravel/framework@v1.17.2/database/db/logger.go:102 [db.(*Logger).Trace]
/Users/arivin29macmini/go/pkg/mod/github.com/goravel/framework@v1.17.2/database/db/logger.go:153 [db.(*Gorm).Trace]
/Users/arivin29macmini/go/pkg/mod/gorm.io/gorm@v1.31.1/callbacks.go:140 [gorm.(*processor).Execute]
/Users/arivin29macmini/go/pkg/mod/gorm.io/gorm@v1.31.1/finisher_api.go:172 [gorm.(*DB).Find]
/Users/arivin29macmini/go/pkg/mod/github.com/goravel/framework@v1.17.2/database/gorm/query.go:270 [gorm.(*Query).Find]
/Users/arivin29macmini/go/pkg/mod/github.com/goravel/framework@v1.17.2/database/gorm/query.go:417 [gorm.(*Query).Get]
/Users/arivin29macmini/Documents/DEVETEK/BMS/dms/app/repositories/workflow_instance_repository.go:321 [repositories.(*workflowInstanceRepository).GetPendingTasksForUser]
/Users/arivin29macmini/Documents/DEVETEK/BMS/dms/app/services/workflow_action_service.go:634 [services.(*WorkflowActionService).GetPendingTasks]
/Users/arivin29macmini/Documents/DEVETEK/BMS/dms/app/http/controllers/workflow_action_controller.go:141 [controllers.(*WorkflowActionController).GetPendingTasks]
/Users/arivin29macmini/go/pkg/mod/github.com/goravel/gin@v1.17.0/utils.go:37 [gin.(*Group).Get.handlerToGinHandler.func1]
/Users/arivin29macmini/go/pkg/mod/github.com/gin-gonic/gin@v1.11.0/context.go:192 [gin.(*Context).Next]
/Users/arivin29macmini/go/pkg/mod/github.com/goravel/gin@v1.17.0/context_request.go:230 [gin.(*ContextRequest).Next]
/Users/arivin29macmini/go/pkg/mod/github.com/goravel/gin@v1.17.0/context_response.go:157 [gin.(*Route).init.ResponseMiddleware.func2]
/Users/arivin29macmini/go/pkg/mod/github.com/goravel/gin@v1.17.0/utils.go:54 [gin.(*Group).WithMiddlewares.middlewaresToGinHandlers.middlewareToGinHandler.func1]
/Users/arivin29macmini/go/pkg/mod/github.com/gin-gonic/gin@v1.11.0/context.go:192 [gin.(*Context).Next]
/Users/arivin29macmini/go/pkg/mod/github.com/goravel/gin@v1.17.0/context_request.go:230 [gin.(*ContextRequest).Next]
/Users/arivin29macmini/Documents/DEVETEK/BMS/dms/app/http/middleware/scope.go:63 [routes.Api.func2.DataScope.5]
/Users/arivin29macmini/go/pkg/mod/github.com/goravel/gin@v1.17.0/utils.go:54 [gin.(*Group).WithMiddlewares.middlewaresToGinHandlers.middlewareToGinHandler.func1]
/Users/arivin29macmini/go/pkg/mod/github.com/gin-gonic/gin@v1.11.0/context.go:192 [gin.(*Context).Next]
/Users/arivin29macmini/go/pkg/mod/github.com/goravel/gin@v1.17.0/context_request.go:230 [gin.(*ContextRequest).Next]
/Users/arivin29macmini/Documents/DEVETEK/BMS/dms/app/http/middleware/auth.go:50 [routes.Api.func2.Auth.4]
/Users/arivin29macmini/go/pkg/mod/github.com/goravel/gin@v1.17.0/utils.go:54 [gin.(*Group).WithMiddlewares.middlewaresToGinHandlers.middlewareToGinHandler.func1]
/Users/arivin29macmini/go/pkg/mod/github.com/gin-gonic/gin@v1.11.0/context.go:192 [gin.(*Context).Next]
/Users/arivin29macmini/go/pkg/mod/github.com/goravel/gin@v1.17.0/context_request.go:230 [gin.(*ContextRequest).Next]
/Users/arivin29macmini/Documents/DEVETEK/BMS/dms/app/http/middleware/cors.go:27 [routes.Api.Cors.func5]
/Users/arivin29macmini/go/pkg/mod/github.com/goravel/gin@v1.17.0/utils.go:54 [gin.(*Group).WithMiddlewares.middlewaresToGinHandlers.middlewareToGinHandler.func1]
/Users/arivin29macmini/go/pkg/mod/github.com/gin-gonic/gin@v1.11.0/context.go:192 [gin.(*Context).Next]
/Users/arivin29macmini/go/pkg/mod/github.com/goravel/gin@v1.17.0/context_request.go:230 [gin.(*ContextRequest).Next]
/Users/arivin29macmini/go/pkg/mod/github.com/goravel/gin@v1.17.0/middleware_tls.go:18 [gin.NewRoute.Tls.func3]
/Users/arivin29macmini/go/pkg/mod/github.com/goravel/gin@v1.17.0/utils.go:54 [gin.(*Route).init.middlewaresToGinHandlers.middlewareToGinHandler.func3]
/Users/arivin29macmini/go/pkg/mod/github.com/gin-gonic/gin@v1.11.0/context.go:192 [gin.(*Context).Next]
/Users/arivin29macmini/go/pkg/mod/github.com/goravel/gin@v1.17.0/context_request.go:230 [gin.(*ContextRequest).Next]
/Users/arivin29macmini/go/pkg/mod/github.com/goravel/gin@v1.17.0/middleware_cors.go:63 [gin.NewRoute.Cors.func2]
/Users/arivin29macmini/go/pkg/mod/github.com/goravel/gin@v1.17.0/utils.go:54 [gin.(*Route).init.middlewaresToGinHandlers.middlewareToGinHandler.func3]
/Users/arivin29macmini/go/pkg/mod/github.com/gin-gonic/gin@v1.11.0/context.go:192 [gin.(*Context).Next]
/Users/arivin29macmini/go/pkg/mod/github.com/goravel/gin@v1.17.0/context_request.go:230 [gin.(*ContextRequest).Next]
[2026-04-16 01:56:18.968] local.info: [14.269ms] [rows:1] SELECT * FROM "user_roles" WHERE user_id = '00000000-0000-0000-0000-000000000099'
[2026-04-16 01:56:18.968] local.info: [14.427ms] [rows:1] SELECT * FROM "companies" WHERE "companies"."id" = '00000000-0000-0000-0000-000000000001'
[2026-04-16 01:56:18.968] local.info: [13.838ms] [rows:1] SELECT * FROM "user_roles" WHERE "user_roles"."user_id" = '00000000-0000-0000-0000-000000000099'
[2026-04-16 01:56:18.989] local.info: [27.050ms] [rows:1] SELECT * FROM "document_categories" WHERE "document_categories"."id" = '1de6dcb1-c46b-466f-af65-bc4b8d75de05'
[2026-04-16 01:56:18.989] local.info: [20.189ms] [rows:1] SELECT * FROM "roles" WHERE id IN ('68c46dfb-a565-4938-99d7-9fdd0acf8a7e')
[2026-04-16 01:56:18.989] local.info: [20.135ms] [rows:1] SELECT * FROM "roles" WHERE "roles"."id" = '68c46dfb-a565-4938-99d7-9fdd0acf8a7e'
[2026-04-16 01:56:18.989] local.info: [20.165ms] [rows:1] SELECT * FROM "offices" WHERE "offices"."id" = '00000000-0000-0000-0000-000000000002'
[2026-04-16 01:56:18.989] local.info: [41.768ms] [rows:1] SELECT * FROM "users" WHERE id = '00000000-0000-0000-0000-000000000099' ORDER BY "users"."id" LIMIT 1
[2026-04-16 01:56:18.997] local.info: [7.766ms] [rows:1] SELECT * FROM "user_roles" WHERE "user_roles"."user_id" = '00000000-0000-0000-0000-000000000099'
[2026-04-16 01:56:18.997] local.info: [7.752ms] [rows:0] SELECT * FROM "workflow_step_instances" WHERE status = 'active'
[2026-04-16 01:56:18.997] local.info: [8.440ms] [rows:45] SELECT * FROM "role_permissions" WHERE role_id IN ('68c46dfb-a565-4938-99d7-9fdd0acf8a7e')
[2026-04-16 01:56:19.006] local.info: [17.778ms] [rows:1] SELECT * FROM "users" WHERE "users"."id" = '00000000-0000-0000-0000-000000000099'
[2026-04-16 01:56:19.007] local.info: [9.846ms] [rows:1] SELECT * FROM "roles" WHERE "roles"."id" = '68c46dfb-a565-4938-99d7-9fdd0acf8a7e'
[2026-04-16 01:56:19.007] local.info: [67.677ms] [rows:1] SELECT * FROM "users" ORDER BY created_at desc LIMIT 1
[2026-04-16 01:56:19.007] local.error: [9.804ms] [rows:0] SELECT * FROM "workflow_delegations" WHERE delegated_to = '00000000-0000-0000-0000-000000000099' AND status = 'accepted'	ERROR: relation "workflow_delegations" does not exist (SQLSTATE 42P01)
[Trace] /Users/arivin29macmini/go/pkg/mod/github.com/goravel/framework@v1.17.2/log/writer.go:202 [log.(*Writer).withStackTrace]
/Users/arivin29macmini/go/pkg/mod/github.com/goravel/framework@v1.17.2/log/writer.go:65 [log.(*Writer).Errorf]
/Users/arivin29macmini/go/pkg/mod/github.com/goravel/framework@v1.17.2/database/db/logger.go:79 [db.(*Logger).Errorf]
/Users/arivin29macmini/go/pkg/mod/github.com/goravel/framework@v1.17.2/database/db/logger.go:102 [db.(*Logger).Trace]
/Users/arivin29macmini/go/pkg/mod/github.com/goravel/framework@v1.17.2/database/db/logger.go:153 [db.(*Gorm).Trace]
/Users/arivin29macmini/go/pkg/mod/gorm.io/gorm@v1.31.1/callbacks.go:140 [gorm.(*processor).Execute]
/Users/arivin29macmini/go/pkg/mod/gorm.io/gorm@v1.31.1/finisher_api.go:172 [gorm.(*DB).Find]
/Users/arivin29macmini/go/pkg/mod/github.com/goravel/framework@v1.17.2/database/gorm/query.go:270 [gorm.(*Query).Find]
/Users/arivin29macmini/go/pkg/mod/github.com/goravel/framework@v1.17.2/database/gorm/query.go:417 [gorm.(*Query).Get]
/Users/arivin29macmini/Documents/DEVETEK/BMS/dms/app/repositories/workflow_instance_repository.go:321 [repositories.(*workflowInstanceRepository).GetPendingTasksForUser]
/Users/arivin29macmini/Documents/DEVETEK/BMS/dms/app/services/workflow_action_service.go:634 [services.(*WorkflowActionService).GetPendingTasks]
/Users/arivin29macmini/Documents/DEVETEK/BMS/dms/app/http/controllers/workflow_action_controller.go:141 [controllers.(*WorkflowActionController).GetPendingTasks]
/Users/arivin29macmini/go/pkg/mod/github.com/goravel/gin@v1.17.0/utils.go:37 [gin.(*Group).Get.handlerToGinHandler.func1]
/Users/arivin29macmini/go/pkg/mod/github.com/gin-gonic/gin@v1.11.0/context.go:192 [gin.(*Context).Next]
/Users/arivin29macmini/go/pkg/mod/github.com/goravel/gin@v1.17.0/context_request.go:230 [gin.(*ContextRequest).Next]
/Users/arivin29macmini/go/pkg/mod/github.com/goravel/gin@v1.17.0/context_response.go:157 [gin.(*Route).init.ResponseMiddleware.func2]
/Users/arivin29macmini/go/pkg/mod/github.com/goravel/gin@v1.17.0/utils.go:54 [gin.(*Group).WithMiddlewares.middlewaresToGinHandlers.middlewareToGinHandler.func1]
/Users/arivin29macmini/go/pkg/mod/github.com/gin-gonic/gin@v1.11.0/context.go:192 [gin.(*Context).Next]
/Users/arivin29macmini/go/pkg/mod/github.com/goravel/gin@v1.17.0/context_request.go:230 [gin.(*ContextRequest).Next]
/Users/arivin29macmini/Documents/DEVETEK/BMS/dms/app/http/middleware/scope.go:63 [routes.Api.func2.DataScope.5]
/Users/arivin29macmini/go/pkg/mod/github.com/goravel/gin@v1.17.0/utils.go:54 [gin.(*Group).WithMiddlewares.middlewaresToGinHandlers.middlewareToGinHandler.func1]
/Users/arivin29macmini/go/pkg/mod/github.com/gin-gonic/gin@v1.11.0/context.go:192 [gin.(*Context).Next]
/Users/arivin29macmini/go/pkg/mod/github.com/goravel/gin@v1.17.0/context_request.go:230 [gin.(*ContextRequest).Next]
/Users/arivin29macmini/Documents/DEVETEK/BMS/dms/app/http/middleware/auth.go:50 [routes.Api.func2.Auth.4]
/Users/arivin29macmini/go/pkg/mod/github.com/goravel/gin@v1.17.0/utils.go:54 [gin.(*Group).WithMiddlewares.middlewaresToGinHandlers.middlewareToGinHandler.func1]
/Users/arivin29macmini/go/pkg/mod/github.com/gin-gonic/gin@v1.11.0/context.go:192 [gin.(*Context).Next]
/Users/arivin29macmini/go/pkg/mod/github.com/goravel/gin@v1.17.0/context_request.go:230 [gin.(*ContextRequest).Next]
/Users/arivin29macmini/Documents/DEVETEK/BMS/dms/app/http/middleware/cors.go:27 [routes.Api.Cors.func5]
/Users/arivin29macmini/go/pkg/mod/github.com/goravel/gin@v1.17.0/utils.go:54 [gin.(*Group).WithMiddlewares.middlewaresToGinHandlers.middlewareToGinHandler.func1]
/Users/arivin29macmini/go/pkg/mod/github.com/gin-gonic/gin@v1.11.0/context.go:192 [gin.(*Context).Next]
/Users/arivin29macmini/go/pkg/mod/github.com/goravel/gin@v1.17.0/context_request.go:230 [gin.(*ContextRequest).Next]
/Users/arivin29macmini/go/pkg/mod/github.com/goravel/gin@v1.17.0/middleware_tls.go:18 [gin.NewRoute.Tls.func3]
/Users/arivin29macmini/go/pkg/mod/github.com/goravel/gin@v1.17.0/utils.go:54 [gin.(*Route).init.middlewaresToGinHandlers.middlewareToGinHandler.func3]
/Users/arivin29macmini/go/pkg/mod/github.com/gin-gonic/gin@v1.11.0/context.go:192 [gin.(*Context).Next]
/Users/arivin29macmini/go/pkg/mod/github.com/goravel/gin@v1.17.0/context_request.go:230 [gin.(*ContextRequest).Next]
/Users/arivin29macmini/go/pkg/mod/github.com/goravel/gin@v1.17.0/middleware_cors.go:63 [gin.NewRoute.Cors.func2]
/Users/arivin29macmini/go/pkg/mod/github.com/goravel/gin@v1.17.0/utils.go:54 [gin.(*Route).init.middlewaresToGinHandlers.middlewareToGinHandler.func3]
/Users/arivin29macmini/go/pkg/mod/github.com/gin-gonic/gin@v1.11.0/context.go:192 [gin.(*Context).Next]
/Users/arivin29macmini/go/pkg/mod/github.com/goravel/gin@v1.17.0/context_request.go:230 [gin.(*ContextRequest).Next]
[2026-04-16 01:56:19.014] local.info: [16.713ms] [rows:45] SELECT * FROM "permissions" WHERE id IN ('ab6da9f5-8b11-4644-9aaa-009b3b28a4ec','5daf3519-8949-4d26-b4bc-00c8b03f04fe','91166846-7ec1-42de-b134-ce141c3a9d7d','28c919a4-3744-4931-805a-a219892adbe3','789e0c77-5a0c-4ea7-a2e1-606803a6e2bd','6cd9d7a8-34ac-4740-9bc1-aa386ae6de38','8d2454fc-6567-46f9-8527-5843c7142e3c','cf81b7d4-096a-435a-b515-ad3f779199b8','82188518-37d9-45c0-9bca-b0d202cc9449','c01ff63f-6e93-4a78-8e50-87af96ab4a89','a14b8e8b-3f32-475f-8a47-5d33dab3042e','653cb315-36f1-4697-90e4-329900532da2','217d2f9d-5606-432f-99aa-bd6fb720b45f','328bd207-61d6-40ab-9d1d-bbe31ba63a3e','9b3cb586-a24f-4353-8c5a-6a860eba7357','a9280ee9-eb73-4cfb-8092-80f4c2cc5529','e225de9e-e14e-4219-a638-44d136be5613','46c78359-bdb4-421e-9182-d1d095921f20','b0aabdc2-3a7f-496c-a902-ee468671cf24','f4e500e8-45dd-4eeb-8b47-c97d832f18b2','00f63f53-4009-405a-9736-eff543475f78','31cb98ec-4d68-460a-8a6b-1566b0356cb5','29033b15-df4d-4afe-b261-d9f9d978215b','770de03c-008e-4352-915b-dbad46394b3e','386b4440-e446-4a4c-bbf2-2df0b3d482e7','764434f1-f401-4cec-b0a5-94c50e4c10bb','f8315a47-3595-4af7-afca-831deb36ae44','16b41fad-47bb-456e-818a-0e17a10696d3','7dba2974-eed0-4a24-8090-13ce49e8ae9c','2107c201-e779-4d54-b9d8-e77e63506727','540fda97-9bb5-45a3-8677-e5494a35f98d','8db21bed-0a56-4384-b989-46c85bf60a4a','b64fe46a-25b2-4780-b910-8897bab331d1','04b0026e-ed12-4e5e-85e2-1ed905581184','c4b26668-789f-4117-b9af-34719df71955','06cf74d1-3ae5-4aee-8048-5fab3132f2ba','5ce4a39b-7e40-4486-b5d7-7f910cb36590','b23b7eaa-6c87-413b-b144-42b7afafd4df','f033f831-0ad6-4654-b9cc-9ad6f8c92e8c','af282aaf-606b-4d5f-9ef8-070dc205befb','24c1e762-e92d-485c-ab51-7bd8574e8cb1','2d68eaae-a710-43ae-b278-b376f0865788','21fdd8fe-78d5-4ce1-ae83-7df1ebfc6f56','23922b05-5fbd-49fd-8f6e-3847cabd2503','5c53b1b4-f8e2-4bd1-a376-d983f799cf4b')
[2026-04-16 01:56:19.028] local.info: [21.474ms] [rows:1] SELECT * FROM "document_types" WHERE "document_types"."id" = '7367ca3d-eb1d-43dd-a115-cf3d2ceecdfa'
[2026-04-16 01:56:19.028] local.info: [80.868ms] [rows:1] SELECT * FROM "documents" WHERE deleted_at IS NULL ORDER BY created_at desc LIMIT 5
[2026-04-16 01:56:19.028] local.info: [14.111ms] [rows:1] SELECT count(*) FROM "notifications" WHERE user_id = '00000000-0000-0000-0000-000000000099'
[2026-04-16 01:56:19.057] local.info: [28.773ms] [rows:0] SELECT * FROM "notifications" WHERE user_id = '00000000-0000-0000-0000-000000000099' ORDER BY created_at desc LIMIT 5
[2026-04-16 01:56:20.927] local.info: [44.613ms] [rows:1] SELECT * FROM "users" WHERE id = '00000000-0000-0000-0000-000000000099' ORDER BY "users"."id" LIMIT 1
[2026-04-16 01:56:20.947] local.info: [19.809ms] [rows:1] SELECT * FROM "user_roles" WHERE user_id = '00000000-0000-0000-0000-000000000099'
[2026-04-16 01:56:20.967] local.info: [19.969ms] [rows:1] SELECT * FROM "roles" WHERE id IN ('68c46dfb-a565-4938-99d7-9fdd0acf8a7e')
[2026-04-16 01:56:20.987] local.info: [20.203ms] [rows:45] SELECT * FROM "role_permissions" WHERE role_id IN ('68c46dfb-a565-4938-99d7-9fdd0acf8a7e')
[2026-04-16 01:56:21.007] local.info: [19.666ms] [rows:45] SELECT * FROM "permissions" WHERE id IN ('ab6da9f5-8b11-4644-9aaa-009b3b28a4ec','5daf3519-8949-4d26-b4bc-00c8b03f04fe','91166846-7ec1-42de-b134-ce141c3a9d7d','28c919a4-3744-4931-805a-a219892adbe3','789e0c77-5a0c-4ea7-a2e1-606803a6e2bd','6cd9d7a8-34ac-4740-9bc1-aa386ae6de38','8d2454fc-6567-46f9-8527-5843c7142e3c','cf81b7d4-096a-435a-b515-ad3f779199b8','82188518-37d9-45c0-9bca-b0d202cc9449','c01ff63f-6e93-4a78-8e50-87af96ab4a89','a14b8e8b-3f32-475f-8a47-5d33dab3042e','653cb315-36f1-4697-90e4-329900532da2','217d2f9d-5606-432f-99aa-bd6fb720b45f','328bd207-61d6-40ab-9d1d-bbe31ba63a3e','9b3cb586-a24f-4353-8c5a-6a860eba7357','a9280ee9-eb73-4cfb-8092-80f4c2cc5529','e225de9e-e14e-4219-a638-44d136be5613','46c78359-bdb4-421e-9182-d1d095921f20','b0aabdc2-3a7f-496c-a902-ee468671cf24','f4e500e8-45dd-4eeb-8b47-c97d832f18b2','00f63f53-4009-405a-9736-eff543475f78','31cb98ec-4d68-460a-8a6b-1566b0356cb5','29033b15-df4d-4afe-b261-d9f9d978215b','770de03c-008e-4352-915b-dbad46394b3e','386b4440-e446-4a4c-bbf2-2df0b3d482e7','764434f1-f401-4cec-b0a5-94c50e4c10bb','f8315a47-3595-4af7-afca-831deb36ae44','16b41fad-47bb-456e-818a-0e17a10696d3','7dba2974-eed0-4a24-8090-13ce49e8ae9c','2107c201-e779-4d54-b9d8-e77e63506727','540fda97-9bb5-45a3-8677-e5494a35f98d','8db21bed-0a56-4384-b989-46c85bf60a4a','b64fe46a-25b2-4780-b910-8897bab331d1','04b0026e-ed12-4e5e-85e2-1ed905581184','c4b26668-789f-4117-b9af-34719df71955','06cf74d1-3ae5-4aee-8048-5fab3132f2ba','5ce4a39b-7e40-4486-b5d7-7f910cb36590','b23b7eaa-6c87-413b-b144-42b7afafd4df','f033f831-0ad6-4654-b9cc-9ad6f8c92e8c','af282aaf-606b-4d5f-9ef8-070dc205befb','24c1e762-e92d-485c-ab51-7bd8574e8cb1','2d68eaae-a710-43ae-b278-b376f0865788','21fdd8fe-78d5-4ce1-ae83-7df1ebfc6f56','23922b05-5fbd-49fd-8f6e-3847cabd2503','5c53b1b4-f8e2-4bd1-a376-d983f799cf4b')
[2026-04-16 01:56:21.027] local.info: [19.678ms] [rows:1] SELECT count(*) FROM "document_types"
[2026-04-16 01:56:21.047] local.info: [20.086ms] [rows:5] SELECT * FROM "document_types" ORDER BY sort_order asc, created_at desc LIMIT 20
[2026-04-16 01:56:22.385] local.info: [25.668ms] [rows:1] SELECT * FROM "users" WHERE id = '00000000-0000-0000-0000-000000000099' ORDER BY "users"."id" LIMIT 1
[2026-04-16 01:56:22.385] local.info: [17.468ms] [rows:1] SELECT * FROM "users" WHERE id = '00000000-0000-0000-0000-000000000099' ORDER BY "users"."id" LIMIT 1
[2026-04-16 01:56:22.385] local.info: [19.429ms] [rows:1] SELECT * FROM "users" WHERE id = '00000000-0000-0000-0000-000000000099' ORDER BY "users"."id" LIMIT 1
[2026-04-16 01:56:22.394] local.info: [25.972ms] [rows:1] SELECT * FROM "users" WHERE id = '00000000-0000-0000-0000-000000000099' ORDER BY "users"."id" LIMIT 1
[2026-04-16 01:56:22.394] local.info: [8.961ms] [rows:1] SELECT * FROM "user_roles" WHERE user_id = '00000000-0000-0000-0000-000000000099'
[2026-04-16 01:56:22.394] local.info: [26.049ms] [rows:1] SELECT * FROM "users" WHERE id = '00000000-0000-0000-0000-000000000099' ORDER BY "users"."id" LIMIT 1
[2026-04-16 01:56:22.394] local.info: [26.075ms] [rows:1] SELECT * FROM "users" WHERE id = '00000000-0000-0000-0000-000000000099' ORDER BY "users"."id" LIMIT 1
[2026-04-16 01:56:22.395] local.info: [9.148ms] [rows:1] SELECT * FROM "user_roles" WHERE user_id = '00000000-0000-0000-0000-000000000099'
[2026-04-16 01:56:22.402] local.info: [6.984ms] [rows:1] SELECT * FROM "user_roles" WHERE user_id = '00000000-0000-0000-0000-000000000099'
[2026-04-16 01:56:22.402] local.info: [16.181ms] [rows:1] SELECT * FROM "user_roles" WHERE user_id = '00000000-0000-0000-0000-000000000099'
[2026-04-16 01:56:22.41] local.info: [15.794ms] [rows:1] SELECT * FROM "roles" WHERE id IN ('68c46dfb-a565-4938-99d7-9fdd0acf8a7e')
[2026-04-16 01:56:22.411] local.info: [16.094ms] [rows:1] SELECT * FROM "user_roles" WHERE user_id = '00000000-0000-0000-0000-000000000099'
[2026-04-16 01:56:22.411] local.info: [15.978ms] [rows:1] SELECT * FROM "roles" WHERE id IN ('68c46dfb-a565-4938-99d7-9fdd0acf8a7e')
[2026-04-16 01:56:22.411] local.info: [16.437ms] [rows:1] SELECT * FROM "user_roles" WHERE user_id = '00000000-0000-0000-0000-000000000099'
[2026-04-16 01:56:22.419] local.info: [17.264ms] [rows:1] SELECT * FROM "roles" WHERE id IN ('68c46dfb-a565-4938-99d7-9fdd0acf8a7e')
[2026-04-16 01:56:22.42] local.info: [8.349ms] [rows:1] SELECT * FROM "roles" WHERE id IN ('68c46dfb-a565-4938-99d7-9fdd0acf8a7e')
[2026-04-16 01:56:22.42] local.info: [8.608ms] [rows:1] SELECT * FROM "roles" WHERE id IN ('68c46dfb-a565-4938-99d7-9fdd0acf8a7e')
[2026-04-16 01:56:22.42] local.info: [17.817ms] [rows:1] SELECT * FROM "roles" WHERE id IN ('68c46dfb-a565-4938-99d7-9fdd0acf8a7e')
[2026-04-16 01:56:22.42] local.info: [9.301ms] [rows:45] SELECT * FROM "role_permissions" WHERE role_id IN ('68c46dfb-a565-4938-99d7-9fdd0acf8a7e')
[2026-04-16 01:56:22.429] local.info: [17.956ms] [rows:45] SELECT * FROM "role_permissions" WHERE role_id IN ('68c46dfb-a565-4938-99d7-9fdd0acf8a7e')
[2026-04-16 01:56:22.431] local.info: [10.710ms] [rows:45] SELECT * FROM "role_permissions" WHERE role_id IN ('68c46dfb-a565-4938-99d7-9fdd0acf8a7e')
[2026-04-16 01:56:22.431] local.info: [11.721ms] [rows:45] SELECT * FROM "role_permissions" WHERE role_id IN ('68c46dfb-a565-4938-99d7-9fdd0acf8a7e')
[2026-04-16 01:56:22.432] local.info: [11.914ms] [rows:45] SELECT * FROM "role_permissions" WHERE role_id IN ('68c46dfb-a565-4938-99d7-9fdd0acf8a7e')
[2026-04-16 01:56:22.432] local.info: [12.357ms] [rows:45] SELECT * FROM "role_permissions" WHERE role_id IN ('68c46dfb-a565-4938-99d7-9fdd0acf8a7e')
[2026-04-16 01:56:22.435] local.info: [15.125ms] [rows:45] SELECT * FROM "permissions" WHERE id IN ('ab6da9f5-8b11-4644-9aaa-009b3b28a4ec','5daf3519-8949-4d26-b4bc-00c8b03f04fe','91166846-7ec1-42de-b134-ce141c3a9d7d','28c919a4-3744-4931-805a-a219892adbe3','789e0c77-5a0c-4ea7-a2e1-606803a6e2bd','6cd9d7a8-34ac-4740-9bc1-aa386ae6de38','8d2454fc-6567-46f9-8527-5843c7142e3c','cf81b7d4-096a-435a-b515-ad3f779199b8','82188518-37d9-45c0-9bca-b0d202cc9449','c01ff63f-6e93-4a78-8e50-87af96ab4a89','a14b8e8b-3f32-475f-8a47-5d33dab3042e','653cb315-36f1-4697-90e4-329900532da2','217d2f9d-5606-432f-99aa-bd6fb720b45f','328bd207-61d6-40ab-9d1d-bbe31ba63a3e','9b3cb586-a24f-4353-8c5a-6a860eba7357','a9280ee9-eb73-4cfb-8092-80f4c2cc5529','e225de9e-e14e-4219-a638-44d136be5613','46c78359-bdb4-421e-9182-d1d095921f20','b0aabdc2-3a7f-496c-a902-ee468671cf24','f4e500e8-45dd-4eeb-8b47-c97d832f18b2','00f63f53-4009-405a-9736-eff543475f78','31cb98ec-4d68-460a-8a6b-1566b0356cb5','29033b15-df4d-4afe-b261-d9f9d978215b','770de03c-008e-4352-915b-dbad46394b3e','386b4440-e446-4a4c-bbf2-2df0b3d482e7','764434f1-f401-4cec-b0a5-94c50e4c10bb','f8315a47-3595-4af7-afca-831deb36ae44','16b41fad-47bb-456e-818a-0e17a10696d3','7dba2974-eed0-4a24-8090-13ce49e8ae9c','2107c201-e779-4d54-b9d8-e77e63506727','540fda97-9bb5-45a3-8677-e5494a35f98d','8db21bed-0a56-4384-b989-46c85bf60a4a','b64fe46a-25b2-4780-b910-8897bab331d1','04b0026e-ed12-4e5e-85e2-1ed905581184','c4b26668-789f-4117-b9af-34719df71955','06cf74d1-3ae5-4aee-8048-5fab3132f2ba','5ce4a39b-7e40-4486-b5d7-7f910cb36590','b23b7eaa-6c87-413b-b144-42b7afafd4df','f033f831-0ad6-4654-b9cc-9ad6f8c92e8c','af282aaf-606b-4d5f-9ef8-070dc205befb','24c1e762-e92d-485c-ab51-7bd8574e8cb1','2d68eaae-a710-43ae-b278-b376f0865788','21fdd8fe-78d5-4ce1-ae83-7df1ebfc6f56','23922b05-5fbd-49fd-8f6e-3847cabd2503','5c53b1b4-f8e2-4bd1-a376-d983f799cf4b')
[2026-04-16 01:56:22.438] local.info: [9.094ms] [rows:45] SELECT * FROM "permissions" WHERE id IN ('ab6da9f5-8b11-4644-9aaa-009b3b28a4ec','5daf3519-8949-4d26-b4bc-00c8b03f04fe','91166846-7ec1-42de-b134-ce141c3a9d7d','28c919a4-3744-4931-805a-a219892adbe3','789e0c77-5a0c-4ea7-a2e1-606803a6e2bd','6cd9d7a8-34ac-4740-9bc1-aa386ae6de38','8d2454fc-6567-46f9-8527-5843c7142e3c','cf81b7d4-096a-435a-b515-ad3f779199b8','82188518-37d9-45c0-9bca-b0d202cc9449','c01ff63f-6e93-4a78-8e50-87af96ab4a89','a14b8e8b-3f32-475f-8a47-5d33dab3042e','653cb315-36f1-4697-90e4-329900532da2','217d2f9d-5606-432f-99aa-bd6fb720b45f','328bd207-61d6-40ab-9d1d-bbe31ba63a3e','9b3cb586-a24f-4353-8c5a-6a860eba7357','a9280ee9-eb73-4cfb-8092-80f4c2cc5529','e225de9e-e14e-4219-a638-44d136be5613','46c78359-bdb4-421e-9182-d1d095921f20','b0aabdc2-3a7f-496c-a902-ee468671cf24','f4e500e8-45dd-4eeb-8b47-c97d832f18b2','00f63f53-4009-405a-9736-eff543475f78','31cb98ec-4d68-460a-8a6b-1566b0356cb5','29033b15-df4d-4afe-b261-d9f9d978215b','770de03c-008e-4352-915b-dbad46394b3e','386b4440-e446-4a4c-bbf2-2df0b3d482e7','764434f1-f401-4cec-b0a5-94c50e4c10bb','f8315a47-3595-4af7-afca-831deb36ae44','16b41fad-47bb-456e-818a-0e17a10696d3','7dba2974-eed0-4a24-8090-13ce49e8ae9c','2107c201-e779-4d54-b9d8-e77e63506727','540fda97-9bb5-45a3-8677-e5494a35f98d','8db21bed-0a56-4384-b989-46c85bf60a4a','b64fe46a-25b2-4780-b910-8897bab331d1','04b0026e-ed12-4e5e-85e2-1ed905581184','c4b26668-789f-4117-b9af-34719df71955','06cf74d1-3ae5-4aee-8048-5fab3132f2ba','5ce4a39b-7e40-4486-b5d7-7f910cb36590','b23b7eaa-6c87-413b-b144-42b7afafd4df','f033f831-0ad6-4654-b9cc-9ad6f8c92e8c','af282aaf-606b-4d5f-9ef8-070dc205befb','24c1e762-e92d-485c-ab51-7bd8574e8cb1','2d68eaae-a710-43ae-b278-b376f0865788','21fdd8fe-78d5-4ce1-ae83-7df1ebfc6f56','23922b05-5fbd-49fd-8f6e-3847cabd2503','5c53b1b4-f8e2-4bd1-a376-d983f799cf4b')
[2026-04-16 01:56:22.44] local.info: [8.901ms] [rows:45] SELECT * FROM "permissions" WHERE id IN ('ab6da9f5-8b11-4644-9aaa-009b3b28a4ec','5daf3519-8949-4d26-b4bc-00c8b03f04fe','91166846-7ec1-42de-b134-ce141c3a9d7d','28c919a4-3744-4931-805a-a219892adbe3','789e0c77-5a0c-4ea7-a2e1-606803a6e2bd','6cd9d7a8-34ac-4740-9bc1-aa386ae6de38','8d2454fc-6567-46f9-8527-5843c7142e3c','cf81b7d4-096a-435a-b515-ad3f779199b8','82188518-37d9-45c0-9bca-b0d202cc9449','c01ff63f-6e93-4a78-8e50-87af96ab4a89','a14b8e8b-3f32-475f-8a47-5d33dab3042e','653cb315-36f1-4697-90e4-329900532da2','217d2f9d-5606-432f-99aa-bd6fb720b45f','328bd207-61d6-40ab-9d1d-bbe31ba63a3e','9b3cb586-a24f-4353-8c5a-6a860eba7357','a9280ee9-eb73-4cfb-8092-80f4c2cc5529','e225de9e-e14e-4219-a638-44d136be5613','46c78359-bdb4-421e-9182-d1d095921f20','b0aabdc2-3a7f-496c-a902-ee468671cf24','f4e500e8-45dd-4eeb-8b47-c97d832f18b2','00f63f53-4009-405a-9736-eff543475f78','31cb98ec-4d68-460a-8a6b-1566b0356cb5','29033b15-df4d-4afe-b261-d9f9d978215b','770de03c-008e-4352-915b-dbad46394b3e','386b4440-e446-4a4c-bbf2-2df0b3d482e7','764434f1-f401-4cec-b0a5-94c50e4c10bb','f8315a47-3595-4af7-afca-831deb36ae44','16b41fad-47bb-456e-818a-0e17a10696d3','7dba2974-eed0-4a24-8090-13ce49e8ae9c','2107c201-e779-4d54-b9d8-e77e63506727','540fda97-9bb5-45a3-8677-e5494a35f98d','8db21bed-0a56-4384-b989-46c85bf60a4a','b64fe46a-25b2-4780-b910-8897bab331d1','04b0026e-ed12-4e5e-85e2-1ed905581184','c4b26668-789f-4117-b9af-34719df71955','06cf74d1-3ae5-4aee-8048-5fab3132f2ba','5ce4a39b-7e40-4486-b5d7-7f910cb36590','b23b7eaa-6c87-413b-b144-42b7afafd4df','f033f831-0ad6-4654-b9cc-9ad6f8c92e8c','af282aaf-606b-4d5f-9ef8-070dc205befb','24c1e762-e92d-485c-ab51-7bd8574e8cb1','2d68eaae-a710-43ae-b278-b376f0865788','21fdd8fe-78d5-4ce1-ae83-7df1ebfc6f56','23922b05-5fbd-49fd-8f6e-3847cabd2503','5c53b1b4-f8e2-4bd1-a376-d983f799cf4b')
[2026-04-16 01:56:22.441] local.info: [9.755ms] [rows:45] SELECT * FROM "permissions" WHERE id IN ('ab6da9f5-8b11-4644-9aaa-009b3b28a4ec','5daf3519-8949-4d26-b4bc-00c8b03f04fe','91166846-7ec1-42de-b134-ce141c3a9d7d','28c919a4-3744-4931-805a-a219892adbe3','789e0c77-5a0c-4ea7-a2e1-606803a6e2bd','6cd9d7a8-34ac-4740-9bc1-aa386ae6de38','8d2454fc-6567-46f9-8527-5843c7142e3c','cf81b7d4-096a-435a-b515-ad3f779199b8','82188518-37d9-45c0-9bca-b0d202cc9449','c01ff63f-6e93-4a78-8e50-87af96ab4a89','a14b8e8b-3f32-475f-8a47-5d33dab3042e','653cb315-36f1-4697-90e4-329900532da2','217d2f9d-5606-432f-99aa-bd6fb720b45f','328bd207-61d6-40ab-9d1d-bbe31ba63a3e','9b3cb586-a24f-4353-8c5a-6a860eba7357','a9280ee9-eb73-4cfb-8092-80f4c2cc5529','e225de9e-e14e-4219-a638-44d136be5613','46c78359-bdb4-421e-9182-d1d095921f20','b0aabdc2-3a7f-496c-a902-ee468671cf24','f4e500e8-45dd-4eeb-8b47-c97d832f18b2','00f63f53-4009-405a-9736-eff543475f78','31cb98ec-4d68-460a-8a6b-1566b0356cb5','29033b15-df4d-4afe-b261-d9f9d978215b','770de03c-008e-4352-915b-dbad46394b3e','386b4440-e446-4a4c-bbf2-2df0b3d482e7','764434f1-f401-4cec-b0a5-94c50e4c10bb','f8315a47-3595-4af7-afca-831deb36ae44','16b41fad-47bb-456e-818a-0e17a10696d3','7dba2974-eed0-4a24-8090-13ce49e8ae9c','2107c201-e779-4d54-b9d8-e77e63506727','540fda97-9bb5-45a3-8677-e5494a35f98d','8db21bed-0a56-4384-b989-46c85bf60a4a','b64fe46a-25b2-4780-b910-8897bab331d1','04b0026e-ed12-4e5e-85e2-1ed905581184','c4b26668-789f-4117-b9af-34719df71955','06cf74d1-3ae5-4aee-8048-5fab3132f2ba','5ce4a39b-7e40-4486-b5d7-7f910cb36590','b23b7eaa-6c87-413b-b144-42b7afafd4df','f033f831-0ad6-4654-b9cc-9ad6f8c92e8c','af282aaf-606b-4d5f-9ef8-070dc205befb','24c1e762-e92d-485c-ab51-7bd8574e8cb1','2d68eaae-a710-43ae-b278-b376f0865788','21fdd8fe-78d5-4ce1-ae83-7df1ebfc6f56','23922b05-5fbd-49fd-8f6e-3847cabd2503','5c53b1b4-f8e2-4bd1-a376-d983f799cf4b')
[2026-04-16 01:56:22.443] local.info: [10.363ms] [rows:45] SELECT * FROM "permissions" WHERE id IN ('ab6da9f5-8b11-4644-9aaa-009b3b28a4ec','5daf3519-8949-4d26-b4bc-00c8b03f04fe','91166846-7ec1-42de-b134-ce141c3a9d7d','28c919a4-3744-4931-805a-a219892adbe3','789e0c77-5a0c-4ea7-a2e1-606803a6e2bd','6cd9d7a8-34ac-4740-9bc1-aa386ae6de38','8d2454fc-6567-46f9-8527-5843c7142e3c','cf81b7d4-096a-435a-b515-ad3f779199b8','82188518-37d9-45c0-9bca-b0d202cc9449','c01ff63f-6e93-4a78-8e50-87af96ab4a89','a14b8e8b-3f32-475f-8a47-5d33dab3042e','653cb315-36f1-4697-90e4-329900532da2','217d2f9d-5606-432f-99aa-bd6fb720b45f','328bd207-61d6-40ab-9d1d-bbe31ba63a3e','9b3cb586-a24f-4353-8c5a-6a860eba7357','a9280ee9-eb73-4cfb-8092-80f4c2cc5529','e225de9e-e14e-4219-a638-44d136be5613','46c78359-bdb4-421e-9182-d1d095921f20','b0aabdc2-3a7f-496c-a902-ee468671cf24','f4e500e8-45dd-4eeb-8b47-c97d832f18b2','00f63f53-4009-405a-9736-eff543475f78','31cb98ec-4d68-460a-8a6b-1566b0356cb5','29033b15-df4d-4afe-b261-d9f9d978215b','770de03c-008e-4352-915b-dbad46394b3e','386b4440-e446-4a4c-bbf2-2df0b3d482e7','764434f1-f401-4cec-b0a5-94c50e4c10bb','f8315a47-3595-4af7-afca-831deb36ae44','16b41fad-47bb-456e-818a-0e17a10696d3','7dba2974-eed0-4a24-8090-13ce49e8ae9c','2107c201-e779-4d54-b9d8-e77e63506727','540fda97-9bb5-45a3-8677-e5494a35f98d','8db21bed-0a56-4384-b989-46c85bf60a4a','b64fe46a-25b2-4780-b910-8897bab331d1','04b0026e-ed12-4e5e-85e2-1ed905581184','c4b26668-789f-4117-b9af-34719df71955','06cf74d1-3ae5-4aee-8048-5fab3132f2ba','5ce4a39b-7e40-4486-b5d7-7f910cb36590','b23b7eaa-6c87-413b-b144-42b7afafd4df','f033f831-0ad6-4654-b9cc-9ad6f8c92e8c','af282aaf-606b-4d5f-9ef8-070dc205befb','24c1e762-e92d-485c-ab51-7bd8574e8cb1','2d68eaae-a710-43ae-b278-b376f0865788','21fdd8fe-78d5-4ce1-ae83-7df1ebfc6f56','23922b05-5fbd-49fd-8f6e-3847cabd2503','5c53b1b4-f8e2-4bd1-a376-d983f799cf4b')
[2026-04-16 01:56:22.447] local.info: [8.254ms] [rows:1] SELECT count(*) FROM "document_types"
[2026-04-16 01:56:22.447] local.info: [11.378ms] [rows:1] SELECT count(*) FROM "documents" WHERE deleted_at IS NULL AND status IN ('draft')
[2026-04-16 01:56:22.447] local.info: [14.989ms] [rows:45] SELECT * FROM "permissions" WHERE id IN ('ab6da9f5-8b11-4644-9aaa-009b3b28a4ec','5daf3519-8949-4d26-b4bc-00c8b03f04fe','91166846-7ec1-42de-b134-ce141c3a9d7d','28c919a4-3744-4931-805a-a219892adbe3','789e0c77-5a0c-4ea7-a2e1-606803a6e2bd','6cd9d7a8-34ac-4740-9bc1-aa386ae6de38','8d2454fc-6567-46f9-8527-5843c7142e3c','cf81b7d4-096a-435a-b515-ad3f779199b8','82188518-37d9-45c0-9bca-b0d202cc9449','c01ff63f-6e93-4a78-8e50-87af96ab4a89','a14b8e8b-3f32-475f-8a47-5d33dab3042e','653cb315-36f1-4697-90e4-329900532da2','217d2f9d-5606-432f-99aa-bd6fb720b45f','328bd207-61d6-40ab-9d1d-bbe31ba63a3e','9b3cb586-a24f-4353-8c5a-6a860eba7357','a9280ee9-eb73-4cfb-8092-80f4c2cc5529','e225de9e-e14e-4219-a638-44d136be5613','46c78359-bdb4-421e-9182-d1d095921f20','b0aabdc2-3a7f-496c-a902-ee468671cf24','f4e500e8-45dd-4eeb-8b47-c97d832f18b2','00f63f53-4009-405a-9736-eff543475f78','31cb98ec-4d68-460a-8a6b-1566b0356cb5','29033b15-df4d-4afe-b261-d9f9d978215b','770de03c-008e-4352-915b-dbad46394b3e','386b4440-e446-4a4c-bbf2-2df0b3d482e7','764434f1-f401-4cec-b0a5-94c50e4c10bb','f8315a47-3595-4af7-afca-831deb36ae44','16b41fad-47bb-456e-818a-0e17a10696d3','7dba2974-eed0-4a24-8090-13ce49e8ae9c','2107c201-e779-4d54-b9d8-e77e63506727','540fda97-9bb5-45a3-8677-e5494a35f98d','8db21bed-0a56-4384-b989-46c85bf60a4a','b64fe46a-25b2-4780-b910-8897bab331d1','04b0026e-ed12-4e5e-85e2-1ed905581184','c4b26668-789f-4117-b9af-34719df71955','06cf74d1-3ae5-4aee-8048-5fab3132f2ba','5ce4a39b-7e40-4486-b5d7-7f910cb36590','b23b7eaa-6c87-413b-b144-42b7afafd4df','f033f831-0ad6-4654-b9cc-9ad6f8c92e8c','af282aaf-606b-4d5f-9ef8-070dc205befb','24c1e762-e92d-485c-ab51-7bd8574e8cb1','2d68eaae-a710-43ae-b278-b376f0865788','21fdd8fe-78d5-4ce1-ae83-7df1ebfc6f56','23922b05-5fbd-49fd-8f6e-3847cabd2503','5c53b1b4-f8e2-4bd1-a376-d983f799cf4b')
[2026-04-16 01:56:22.451] local.info: [10.515ms] [rows:1] SELECT count(*) FROM "document_categories" WHERE deleted_at IS NULL
[2026-04-16 01:56:22.451] local.info: [9.609ms] [rows:1] SELECT count(*) FROM "documents" WHERE deleted_at IS NULL AND status IN ('approved')
[2026-04-16 01:56:22.457] local.info: [13.934ms] [rows:1] SELECT count(*) FROM "documents" WHERE deleted_at IS NULL AND status IN ('in_review')
[2026-04-16 01:56:22.457] local.info: [10.106ms] [rows:5] SELECT * FROM "document_types" ORDER BY sort_order asc, created_at desc LIMIT 20
[2026-04-16 01:56:22.459] local.info: [12.223ms] [rows:1] SELECT count(*) FROM "documents" WHERE deleted_at IS NULL AND status IN ('final')
[2026-04-16 01:56:22.459] local.info: [8.775ms] [rows:1] SELECT * FROM "document_categories" WHERE deleted_at IS NULL ORDER BY sort_order asc, created_at desc LIMIT 20
[2026-04-16 01:56:22.465] local.info: [13.656ms] [rows:0] SELECT * FROM "documents" WHERE deleted_at IS NULL AND status IN ('approved') ORDER BY created_at desc LIMIT 1
[2026-04-16 01:56:22.465] local.info: [6.628ms] [rows:1] SELECT * FROM "users" WHERE id = '00000000-0000-0000-0000-000000000099' ORDER BY "users"."id" LIMIT 1
[2026-04-16 01:56:22.466] local.info: [9.327ms] [rows:0] SELECT * FROM "documents" WHERE deleted_at IS NULL AND status IN ('in_review') ORDER BY created_at desc LIMIT 1
[2026-04-16 01:56:22.467] local.info: [7.322ms] [rows:1] SELECT * FROM "document_categories" WHERE "document_categories"."id" = '1de6dcb1-c46b-466f-af65-bc4b8d75de05'
[2026-04-16 01:56:22.477] local.info: [17.350ms] [rows:0] SELECT * FROM "documents" WHERE deleted_at IS NULL AND status IN ('final') ORDER BY created_at desc LIMIT 1
[2026-04-16 01:56:22.477] local.info: [12.048ms] [rows:1] SELECT * FROM "user_roles" WHERE user_id = '00000000-0000-0000-0000-000000000099'
[2026-04-16 01:56:22.477] local.info: [10.327ms] [rows:1] SELECT * FROM "users" WHERE "users"."id" = '00000000-0000-0000-0000-000000000099'
[2026-04-16 01:56:22.497] local.info: [19.880ms] [rows:1] SELECT * FROM "roles" WHERE id IN ('68c46dfb-a565-4938-99d7-9fdd0acf8a7e')
[2026-04-16 01:56:22.498] local.info: [20.420ms] [rows:1] SELECT * FROM "document_types" WHERE "document_types"."id" = '7367ca3d-eb1d-43dd-a115-cf3d2ceecdfa'
[2026-04-16 01:56:22.498] local.info: [50.945ms] [rows:1] SELECT * FROM "documents" WHERE deleted_at IS NULL AND status IN ('draft') ORDER BY created_at desc LIMIT 1
[2026-04-16 01:56:22.519] local.info: [21.097ms] [rows:45] SELECT * FROM "role_permissions" WHERE role_id IN ('68c46dfb-a565-4938-99d7-9fdd0acf8a7e')
[2026-04-16 01:56:22.538] local.info: [18.586ms] [rows:45] SELECT * FROM "permissions" WHERE id IN ('ab6da9f5-8b11-4644-9aaa-009b3b28a4ec','5daf3519-8949-4d26-b4bc-00c8b03f04fe','91166846-7ec1-42de-b134-ce141c3a9d7d','28c919a4-3744-4931-805a-a219892adbe3','789e0c77-5a0c-4ea7-a2e1-606803a6e2bd','6cd9d7a8-34ac-4740-9bc1-aa386ae6de38','8d2454fc-6567-46f9-8527-5843c7142e3c','cf81b7d4-096a-435a-b515-ad3f779199b8','82188518-37d9-45c0-9bca-b0d202cc9449','c01ff63f-6e93-4a78-8e50-87af96ab4a89','a14b8e8b-3f32-475f-8a47-5d33dab3042e','653cb315-36f1-4697-90e4-329900532da2','217d2f9d-5606-432f-99aa-bd6fb720b45f','328bd207-61d6-40ab-9d1d-bbe31ba63a3e','9b3cb586-a24f-4353-8c5a-6a860eba7357','a9280ee9-eb73-4cfb-8092-80f4c2cc5529','e225de9e-e14e-4219-a638-44d136be5613','46c78359-bdb4-421e-9182-d1d095921f20','b0aabdc2-3a7f-496c-a902-ee468671cf24','f4e500e8-45dd-4eeb-8b47-c97d832f18b2','00f63f53-4009-405a-9736-eff543475f78','31cb98ec-4d68-460a-8a6b-1566b0356cb5','29033b15-df4d-4afe-b261-d9f9d978215b','770de03c-008e-4352-915b-dbad46394b3e','386b4440-e446-4a4c-bbf2-2df0b3d482e7','764434f1-f401-4cec-b0a5-94c50e4c10bb','f8315a47-3595-4af7-afca-831deb36ae44','16b41fad-47bb-456e-818a-0e17a10696d3','7dba2974-eed0-4a24-8090-13ce49e8ae9c','2107c201-e779-4d54-b9d8-e77e63506727','540fda97-9bb5-45a3-8677-e5494a35f98d','8db21bed-0a56-4384-b989-46c85bf60a4a','b64fe46a-25b2-4780-b910-8897bab331d1','04b0026e-ed12-4e5e-85e2-1ed905581184','c4b26668-789f-4117-b9af-34719df71955','06cf74d1-3ae5-4aee-8048-5fab3132f2ba','5ce4a39b-7e40-4486-b5d7-7f910cb36590','b23b7eaa-6c87-413b-b144-42b7afafd4df','f033f831-0ad6-4654-b9cc-9ad6f8c92e8c','af282aaf-606b-4d5f-9ef8-070dc205befb','24c1e762-e92d-485c-ab51-7bd8574e8cb1','2d68eaae-a710-43ae-b278-b376f0865788','21fdd8fe-78d5-4ce1-ae83-7df1ebfc6f56','23922b05-5fbd-49fd-8f6e-3847cabd2503','5c53b1b4-f8e2-4bd1-a376-d983f799cf4b')
[2026-04-16 01:56:22.557] local.info: [19.105ms] [rows:1] SELECT count(*) FROM "documents" WHERE deleted_at IS NULL
[2026-04-16 01:56:22.597] local.info: [19.978ms] [rows:1] SELECT * FROM "document_categories" WHERE "document_categories"."id" = '1de6dcb1-c46b-466f-af65-bc4b8d75de05'
[2026-04-16 01:56:22.618] local.info: [20.381ms] [rows:1] SELECT * FROM "users" WHERE "users"."id" = '00000000-0000-0000-0000-000000000099'
[2026-04-16 01:56:22.637] local.info: [18.831ms] [rows:1] SELECT * FROM "document_types" WHERE "document_types"."id" = '7367ca3d-eb1d-43dd-a115-cf3d2ceecdfa'
[2026-04-16 01:56:22.637] local.info: [79.680ms] [rows:1] SELECT * FROM "documents" WHERE deleted_at IS NULL ORDER BY created_at desc LIMIT 15
[2026-04-16 01:56:24.127] local.info: [27.295ms] [rows:1] SELECT * FROM "users" WHERE id = '00000000-0000-0000-0000-000000000099' ORDER BY "users"."id" LIMIT 1
[2026-04-16 01:56:24.127] local.info: [27.458ms] [rows:1] SELECT * FROM "users" WHERE id = '00000000-0000-0000-0000-000000000099' ORDER BY "users"."id" LIMIT 1
[2026-04-16 01:56:24.127] local.info: [20.606ms] [rows:1] SELECT * FROM "users" WHERE id = '00000000-0000-0000-0000-000000000099' ORDER BY "users"."id" LIMIT 1
[2026-04-16 01:56:24.134] local.info: [27.875ms] [rows:1] SELECT * FROM "users" WHERE id = '00000000-0000-0000-0000-000000000099' ORDER BY "users"."id" LIMIT 1
[2026-04-16 01:56:24.134] local.info: [7.402ms] [rows:1] SELECT * FROM "user_roles" WHERE user_id = '00000000-0000-0000-0000-000000000099'
[2026-04-16 01:56:24.134] local.info: [7.446ms] [rows:1] SELECT * FROM "user_roles" WHERE user_id = '00000000-0000-0000-0000-000000000099'
[2026-04-16 01:56:24.142] local.info: [15.364ms] [rows:1] SELECT * FROM "user_roles" WHERE user_id = '00000000-0000-0000-0000-000000000099'
[2026-04-16 01:56:24.142] local.info: [8.116ms] [rows:1] SELECT * FROM "user_roles" WHERE user_id = '00000000-0000-0000-0000-000000000099'
[2026-04-16 01:56:24.142] local.info: [7.863ms] [rows:1] SELECT * FROM "roles" WHERE id IN ('68c46dfb-a565-4938-99d7-9fdd0acf8a7e')
[2026-04-16 01:56:24.157] local.info: [22.325ms] [rows:1] SELECT * FROM "roles" WHERE id IN ('68c46dfb-a565-4938-99d7-9fdd0acf8a7e')
[2026-04-16 01:56:24.157] local.info: [14.831ms] [rows:1] SELECT * FROM "roles" WHERE id IN ('68c46dfb-a565-4938-99d7-9fdd0acf8a7e')
[2026-04-16 01:56:24.157] local.info: [15.051ms] [rows:1] SELECT * FROM "roles" WHERE id IN ('68c46dfb-a565-4938-99d7-9fdd0acf8a7e')
[2026-04-16 01:56:24.166] local.info: [23.231ms] [rows:45] SELECT * FROM "role_permissions" WHERE role_id IN ('68c46dfb-a565-4938-99d7-9fdd0acf8a7e')
[2026-04-16 01:56:24.171] local.info: [13.644ms] [rows:45] SELECT * FROM "role_permissions" WHERE role_id IN ('68c46dfb-a565-4938-99d7-9fdd0acf8a7e')
[2026-04-16 01:56:24.171] local.info: [13.283ms] [rows:45] SELECT * FROM "role_permissions" WHERE role_id IN ('68c46dfb-a565-4938-99d7-9fdd0acf8a7e')
[2026-04-16 01:56:24.175] local.info: [17.877ms] [rows:45] SELECT * FROM "role_permissions" WHERE role_id IN ('68c46dfb-a565-4938-99d7-9fdd0acf8a7e')
[2026-04-16 01:56:24.181] local.info: [14.779ms] [rows:45] SELECT * FROM "permissions" WHERE id IN ('ab6da9f5-8b11-4644-9aaa-009b3b28a4ec','5daf3519-8949-4d26-b4bc-00c8b03f04fe','91166846-7ec1-42de-b134-ce141c3a9d7d','28c919a4-3744-4931-805a-a219892adbe3','789e0c77-5a0c-4ea7-a2e1-606803a6e2bd','6cd9d7a8-34ac-4740-9bc1-aa386ae6de38','8d2454fc-6567-46f9-8527-5843c7142e3c','cf81b7d4-096a-435a-b515-ad3f779199b8','82188518-37d9-45c0-9bca-b0d202cc9449','c01ff63f-6e93-4a78-8e50-87af96ab4a89','a14b8e8b-3f32-475f-8a47-5d33dab3042e','653cb315-36f1-4697-90e4-329900532da2','217d2f9d-5606-432f-99aa-bd6fb720b45f','328bd207-61d6-40ab-9d1d-bbe31ba63a3e','9b3cb586-a24f-4353-8c5a-6a860eba7357','a9280ee9-eb73-4cfb-8092-80f4c2cc5529','e225de9e-e14e-4219-a638-44d136be5613','46c78359-bdb4-421e-9182-d1d095921f20','b0aabdc2-3a7f-496c-a902-ee468671cf24','f4e500e8-45dd-4eeb-8b47-c97d832f18b2','00f63f53-4009-405a-9736-eff543475f78','31cb98ec-4d68-460a-8a6b-1566b0356cb5','29033b15-df4d-4afe-b261-d9f9d978215b','770de03c-008e-4352-915b-dbad46394b3e','386b4440-e446-4a4c-bbf2-2df0b3d482e7','764434f1-f401-4cec-b0a5-94c50e4c10bb','f8315a47-3595-4af7-afca-831deb36ae44','16b41fad-47bb-456e-818a-0e17a10696d3','7dba2974-eed0-4a24-8090-13ce49e8ae9c','2107c201-e779-4d54-b9d8-e77e63506727','540fda97-9bb5-45a3-8677-e5494a35f98d','8db21bed-0a56-4384-b989-46c85bf60a4a','b64fe46a-25b2-4780-b910-8897bab331d1','04b0026e-ed12-4e5e-85e2-1ed905581184','c4b26668-789f-4117-b9af-34719df71955','06cf74d1-3ae5-4aee-8048-5fab3132f2ba','5ce4a39b-7e40-4486-b5d7-7f910cb36590','b23b7eaa-6c87-413b-b144-42b7afafd4df','f033f831-0ad6-4654-b9cc-9ad6f8c92e8c','af282aaf-606b-4d5f-9ef8-070dc205befb','24c1e762-e92d-485c-ab51-7bd8574e8cb1','2d68eaae-a710-43ae-b278-b376f0865788','21fdd8fe-78d5-4ce1-ae83-7df1ebfc6f56','23922b05-5fbd-49fd-8f6e-3847cabd2503','5c53b1b4-f8e2-4bd1-a376-d983f799cf4b')
[2026-04-16 01:56:24.181] local.info: [9.867ms] [rows:45] SELECT * FROM "permissions" WHERE id IN ('ab6da9f5-8b11-4644-9aaa-009b3b28a4ec','5daf3519-8949-4d26-b4bc-00c8b03f04fe','91166846-7ec1-42de-b134-ce141c3a9d7d','28c919a4-3744-4931-805a-a219892adbe3','789e0c77-5a0c-4ea7-a2e1-606803a6e2bd','6cd9d7a8-34ac-4740-9bc1-aa386ae6de38','8d2454fc-6567-46f9-8527-5843c7142e3c','cf81b7d4-096a-435a-b515-ad3f779199b8','82188518-37d9-45c0-9bca-b0d202cc9449','c01ff63f-6e93-4a78-8e50-87af96ab4a89','a14b8e8b-3f32-475f-8a47-5d33dab3042e','653cb315-36f1-4697-90e4-329900532da2','217d2f9d-5606-432f-99aa-bd6fb720b45f','328bd207-61d6-40ab-9d1d-bbe31ba63a3e','9b3cb586-a24f-4353-8c5a-6a860eba7357','a9280ee9-eb73-4cfb-8092-80f4c2cc5529','e225de9e-e14e-4219-a638-44d136be5613','46c78359-bdb4-421e-9182-d1d095921f20','b0aabdc2-3a7f-496c-a902-ee468671cf24','f4e500e8-45dd-4eeb-8b47-c97d832f18b2','00f63f53-4009-405a-9736-eff543475f78','31cb98ec-4d68-460a-8a6b-1566b0356cb5','29033b15-df4d-4afe-b261-d9f9d978215b','770de03c-008e-4352-915b-dbad46394b3e','386b4440-e446-4a4c-bbf2-2df0b3d482e7','764434f1-f401-4cec-b0a5-94c50e4c10bb','f8315a47-3595-4af7-afca-831deb36ae44','16b41fad-47bb-456e-818a-0e17a10696d3','7dba2974-eed0-4a24-8090-13ce49e8ae9c','2107c201-e779-4d54-b9d8-e77e63506727','540fda97-9bb5-45a3-8677-e5494a35f98d','8db21bed-0a56-4384-b989-46c85bf60a4a','b64fe46a-25b2-4780-b910-8897bab331d1','04b0026e-ed12-4e5e-85e2-1ed905581184','c4b26668-789f-4117-b9af-34719df71955','06cf74d1-3ae5-4aee-8048-5fab3132f2ba','5ce4a39b-7e40-4486-b5d7-7f910cb36590','b23b7eaa-6c87-413b-b144-42b7afafd4df','f033f831-0ad6-4654-b9cc-9ad6f8c92e8c','af282aaf-606b-4d5f-9ef8-070dc205befb','24c1e762-e92d-485c-ab51-7bd8574e8cb1','2d68eaae-a710-43ae-b278-b376f0865788','21fdd8fe-78d5-4ce1-ae83-7df1ebfc6f56','23922b05-5fbd-49fd-8f6e-3847cabd2503','5c53b1b4-f8e2-4bd1-a376-d983f799cf4b')
[2026-04-16 01:56:24.184] local.info: [12.659ms] [rows:45] SELECT * FROM "permissions" WHERE id IN ('ab6da9f5-8b11-4644-9aaa-009b3b28a4ec','5daf3519-8949-4d26-b4bc-00c8b03f04fe','91166846-7ec1-42de-b134-ce141c3a9d7d','28c919a4-3744-4931-805a-a219892adbe3','789e0c77-5a0c-4ea7-a2e1-606803a6e2bd','6cd9d7a8-34ac-4740-9bc1-aa386ae6de38','8d2454fc-6567-46f9-8527-5843c7142e3c','cf81b7d4-096a-435a-b515-ad3f779199b8','82188518-37d9-45c0-9bca-b0d202cc9449','c01ff63f-6e93-4a78-8e50-87af96ab4a89','a14b8e8b-3f32-475f-8a47-5d33dab3042e','653cb315-36f1-4697-90e4-329900532da2','217d2f9d-5606-432f-99aa-bd6fb720b45f','328bd207-61d6-40ab-9d1d-bbe31ba63a3e','9b3cb586-a24f-4353-8c5a-6a860eba7357','a9280ee9-eb73-4cfb-8092-80f4c2cc5529','e225de9e-e14e-4219-a638-44d136be5613','46c78359-bdb4-421e-9182-d1d095921f20','b0aabdc2-3a7f-496c-a902-ee468671cf24','f4e500e8-45dd-4eeb-8b47-c97d832f18b2','00f63f53-4009-405a-9736-eff543475f78','31cb98ec-4d68-460a-8a6b-1566b0356cb5','29033b15-df4d-4afe-b261-d9f9d978215b','770de03c-008e-4352-915b-dbad46394b3e','386b4440-e446-4a4c-bbf2-2df0b3d482e7','764434f1-f401-4cec-b0a5-94c50e4c10bb','f8315a47-3595-4af7-afca-831deb36ae44','16b41fad-47bb-456e-818a-0e17a10696d3','7dba2974-eed0-4a24-8090-13ce49e8ae9c','2107c201-e779-4d54-b9d8-e77e63506727','540fda97-9bb5-45a3-8677-e5494a35f98d','8db21bed-0a56-4384-b989-46c85bf60a4a','b64fe46a-25b2-4780-b910-8897bab331d1','04b0026e-ed12-4e5e-85e2-1ed905581184','c4b26668-789f-4117-b9af-34719df71955','06cf74d1-3ae5-4aee-8048-5fab3132f2ba','5ce4a39b-7e40-4486-b5d7-7f910cb36590','b23b7eaa-6c87-413b-b144-42b7afafd4df','f033f831-0ad6-4654-b9cc-9ad6f8c92e8c','af282aaf-606b-4d5f-9ef8-070dc205befb','24c1e762-e92d-485c-ab51-7bd8574e8cb1','2d68eaae-a710-43ae-b278-b376f0865788','21fdd8fe-78d5-4ce1-ae83-7df1ebfc6f56','23922b05-5fbd-49fd-8f6e-3847cabd2503','5c53b1b4-f8e2-4bd1-a376-d983f799cf4b')
[2026-04-16 01:56:24.189] local.info: [7.446ms] [rows:1] SELECT * FROM "documents" WHERE id = '1cb5293d-d875-4bab-865b-85e18ccee4aa' AND deleted_at IS NULL ORDER BY "documents"."id" LIMIT 1
[2026-04-16 01:56:24.189] local.info: [13.088ms] [rows:45] SELECT * FROM "permissions" WHERE id IN ('ab6da9f5-8b11-4644-9aaa-009b3b28a4ec','5daf3519-8949-4d26-b4bc-00c8b03f04fe','91166846-7ec1-42de-b134-ce141c3a9d7d','28c919a4-3744-4931-805a-a219892adbe3','789e0c77-5a0c-4ea7-a2e1-606803a6e2bd','6cd9d7a8-34ac-4740-9bc1-aa386ae6de38','8d2454fc-6567-46f9-8527-5843c7142e3c','cf81b7d4-096a-435a-b515-ad3f779199b8','82188518-37d9-45c0-9bca-b0d202cc9449','c01ff63f-6e93-4a78-8e50-87af96ab4a89','a14b8e8b-3f32-475f-8a47-5d33dab3042e','653cb315-36f1-4697-90e4-329900532da2','217d2f9d-5606-432f-99aa-bd6fb720b45f','328bd207-61d6-40ab-9d1d-bbe31ba63a3e','9b3cb586-a24f-4353-8c5a-6a860eba7357','a9280ee9-eb73-4cfb-8092-80f4c2cc5529','e225de9e-e14e-4219-a638-44d136be5613','46c78359-bdb4-421e-9182-d1d095921f20','b0aabdc2-3a7f-496c-a902-ee468671cf24','f4e500e8-45dd-4eeb-8b47-c97d832f18b2','00f63f53-4009-405a-9736-eff543475f78','31cb98ec-4d68-460a-8a6b-1566b0356cb5','29033b15-df4d-4afe-b261-d9f9d978215b','770de03c-008e-4352-915b-dbad46394b3e','386b4440-e446-4a4c-bbf2-2df0b3d482e7','764434f1-f401-4cec-b0a5-94c50e4c10bb','f8315a47-3595-4af7-afca-831deb36ae44','16b41fad-47bb-456e-818a-0e17a10696d3','7dba2974-eed0-4a24-8090-13ce49e8ae9c','2107c201-e779-4d54-b9d8-e77e63506727','540fda97-9bb5-45a3-8677-e5494a35f98d','8db21bed-0a56-4384-b989-46c85bf60a4a','b64fe46a-25b2-4780-b910-8897bab331d1','04b0026e-ed12-4e5e-85e2-1ed905581184','c4b26668-789f-4117-b9af-34719df71955','06cf74d1-3ae5-4aee-8048-5fab3132f2ba','5ce4a39b-7e40-4486-b5d7-7f910cb36590','b23b7eaa-6c87-413b-b144-42b7afafd4df','f033f831-0ad6-4654-b9cc-9ad6f8c92e8c','af282aaf-606b-4d5f-9ef8-070dc205befb','24c1e762-e92d-485c-ab51-7bd8574e8cb1','2d68eaae-a710-43ae-b278-b376f0865788','21fdd8fe-78d5-4ce1-ae83-7df1ebfc6f56','23922b05-5fbd-49fd-8f6e-3847cabd2503','5c53b1b4-f8e2-4bd1-a376-d983f799cf4b')
[2026-04-16 01:56:24.196] local.info: [7.253ms] [rows:1] SELECT * FROM "documents" WHERE id = '1cb5293d-d875-4bab-865b-85e18ccee4aa' AND deleted_at IS NULL ORDER BY "documents"."id" LIMIT 1
[2026-04-16 01:56:24.196] local.info: [12.544ms] [rows:0] SELECT * FROM "workflow_instances" WHERE document_id = '1cb5293d-d875-4bab-865b-85e18ccee4aa' AND status = 'active' ORDER BY "workflow_instances"."id" LIMIT 1
[2026-04-16 01:56:24.209] local.info: [12.553ms] [rows:1] SELECT * FROM "document_categories" WHERE "document_categories"."id" = '1de6dcb1-c46b-466f-af65-bc4b8d75de05'
[2026-04-16 01:56:24.209] local.error: [12.374ms] [rows:0] SELECT * FROM "document_comments" WHERE (document_id = '1cb5293d-d875-4bab-865b-85e18ccee4aa' AND deleted_at IS NULL) AND parent_id IS NULL ORDER BY created_at desc	ERROR: column "parent_id" does not exist (SQLSTATE 42703)
[Trace] /Users/arivin29macmini/go/pkg/mod/github.com/goravel/framework@v1.17.2/log/writer.go:202 [log.(*Writer).withStackTrace]
/Users/arivin29macmini/go/pkg/mod/github.com/goravel/framework@v1.17.2/log/writer.go:65 [log.(*Writer).Errorf]
/Users/arivin29macmini/go/pkg/mod/github.com/goravel/framework@v1.17.2/database/db/logger.go:79 [db.(*Logger).Errorf]
/Users/arivin29macmini/go/pkg/mod/github.com/goravel/framework@v1.17.2/database/db/logger.go:102 [db.(*Logger).Trace]
/Users/arivin29macmini/go/pkg/mod/github.com/goravel/framework@v1.17.2/database/db/logger.go:153 [db.(*Gorm).Trace]
/Users/arivin29macmini/go/pkg/mod/gorm.io/gorm@v1.31.1/callbacks.go:140 [gorm.(*processor).Execute]
/Users/arivin29macmini/go/pkg/mod/gorm.io/gorm@v1.31.1/finisher_api.go:172 [gorm.(*DB).Find]
/Users/arivin29macmini/go/pkg/mod/github.com/goravel/framework@v1.17.2/database/gorm/query.go:270 [gorm.(*Query).Find]
/Users/arivin29macmini/go/pkg/mod/github.com/goravel/framework@v1.17.2/database/gorm/query.go:417 [gorm.(*Query).Get]
/Users/arivin29macmini/Documents/DEVETEK/BMS/dms/app/repositories/comment_repository.go:83 [repositories.(*commentRepository).List]
/Users/arivin29macmini/Documents/DEVETEK/BMS/dms/app/services/comment_service.go:73 [services.(*CommentService).List]
/Users/arivin29macmini/Documents/DEVETEK/BMS/dms/app/http/controllers/comment_controller.go:29 [controllers.(*CommentController).Index]
/Users/arivin29macmini/go/pkg/mod/github.com/goravel/gin@v1.17.0/utils.go:37 [gin.(*Group).Get.handlerToGinHandler.func1]
/Users/arivin29macmini/go/pkg/mod/github.com/gin-gonic/gin@v1.11.0/context.go:192 [gin.(*Context).Next]
/Users/arivin29macmini/go/pkg/mod/github.com/goravel/gin@v1.17.0/context_request.go:230 [gin.(*ContextRequest).Next]
/Users/arivin29macmini/go/pkg/mod/github.com/goravel/gin@v1.17.0/context_response.go:157 [gin.(*Route).init.ResponseMiddleware.func2]
/Users/arivin29macmini/go/pkg/mod/github.com/goravel/gin@v1.17.0/utils.go:54 [gin.(*Group).WithMiddlewares.middlewaresToGinHandlers.middlewareToGinHandler.func1]
/Users/arivin29macmini/go/pkg/mod/github.com/gin-gonic/gin@v1.11.0/context.go:192 [gin.(*Context).Next]
/Users/arivin29macmini/go/pkg/mod/github.com/goravel/gin@v1.17.0/context_request.go:230 [gin.(*ContextRequest).Next]
/Users/arivin29macmini/Documents/DEVETEK/BMS/dms/app/http/middleware/rbac.go:30 [routes.Api.func2.2.RequirePermission.85]
/Users/arivin29macmini/go/pkg/mod/github.com/goravel/gin@v1.17.0/utils.go:54 [gin.(*Group).WithMiddlewares.middlewaresToGinHandlers.middlewareToGinHandler.func1]
/Users/arivin29macmini/go/pkg/mod/github.com/gin-gonic/gin@v1.11.0/context.go:192 [gin.(*Context).Next]
/Users/arivin29macmini/go/pkg/mod/github.com/goravel/gin@v1.17.0/context_request.go:230 [gin.(*ContextRequest).Next]
/Users/arivin29macmini/Documents/DEVETEK/BMS/dms/app/http/middleware/scope.go:63 [routes.Api.func2.DataScope.5]
/Users/arivin29macmini/go/pkg/mod/github.com/goravel/gin@v1.17.0/utils.go:54 [gin.(*Group).WithMiddlewares.middlewaresToGinHandlers.middlewareToGinHandler.func1]
/Users/arivin29macmini/go/pkg/mod/github.com/gin-gonic/gin@v1.11.0/context.go:192 [gin.(*Context).Next]
/Users/arivin29macmini/go/pkg/mod/github.com/goravel/gin@v1.17.0/context_request.go:230 [gin.(*ContextRequest).Next]
/Users/arivin29macmini/Documents/DEVETEK/BMS/dms/app/http/middleware/auth.go:50 [routes.Api.func2.Auth.4]
/Users/arivin29macmini/go/pkg/mod/github.com/goravel/gin@v1.17.0/utils.go:54 [gin.(*Group).WithMiddlewares.middlewaresToGinHandlers.middlewareToGinHandler.func1]
/Users/arivin29macmini/go/pkg/mod/github.com/gin-gonic/gin@v1.11.0/context.go:192 [gin.(*Context).Next]
/Users/arivin29macmini/go/pkg/mod/github.com/goravel/gin@v1.17.0/context_request.go:230 [gin.(*ContextRequest).Next]
/Users/arivin29macmini/Documents/DEVETEK/BMS/dms/app/http/middleware/cors.go:27 [routes.Api.Cors.func5]
/Users/arivin29macmini/go/pkg/mod/github.com/goravel/gin@v1.17.0/utils.go:54 [gin.(*Group).WithMiddlewares.middlewaresToGinHandlers.middlewareToGinHandler.func1]
/Users/arivin29macmini/go/pkg/mod/github.com/gin-gonic/gin@v1.11.0/context.go:192 [gin.(*Context).Next]
/Users/arivin29macmini/go/pkg/mod/github.com/goravel/gin@v1.17.0/context_request.go:230 [gin.(*ContextRequest).Next]
/Users/arivin29macmini/go/pkg/mod/github.com/goravel/gin@v1.17.0/middleware_tls.go:18 [gin.NewRoute.Tls.func3]
/Users/arivin29macmini/go/pkg/mod/github.com/goravel/gin@v1.17.0/utils.go:54 [gin.(*Route).init.middlewaresToGinHandlers.middlewareToGinHandler.func3]
/Users/arivin29macmini/go/pkg/mod/github.com/gin-gonic/gin@v1.11.0/context.go:192 [gin.(*Context).Next]
/Users/arivin29macmini/go/pkg/mod/github.com/goravel/gin@v1.17.0/context_request.go:230 [gin.(*ContextRequest).Next]
/Users/arivin29macmini/go/pkg/mod/github.com/goravel/gin@v1.17.0/middleware_cors.go:63 [gin.NewRoute.Cors.func2]
/Users/arivin29macmini/go/pkg/mod/github.com/goravel/gin@v1.17.0/utils.go:54 [gin.(*Route).init.middlewaresToGinHandlers.middlewareToGinHandler.func3]
/Users/arivin29macmini/go/pkg/mod/github.com/gin-gonic/gin@v1.11.0/context.go:192 [gin.(*Context).Next]
/Users/arivin29macmini/go/pkg/mod/github.com/goravel/gin@v1.17.0/context_request.go:230 [gin.(*ContextRequest).Next]
[2026-04-16 01:56:24.238] local.info: [29.049ms] [rows:1] SELECT * FROM "users" WHERE "users"."id" = '00000000-0000-0000-0000-000000000099'
[2026-04-16 01:56:24.238] local.info: [49.030ms] [rows:3] SELECT * FROM "document_versions" WHERE document_id = '1cb5293d-d875-4bab-865b-85e18ccee4aa' ORDER BY version_number desc
[2026-04-16 01:56:24.238] local.info: [29.272ms] [rows:1] SELECT * FROM "companies" WHERE "companies"."id" = '00000000-0000-0000-0000-000000000001'
[2026-04-16 01:56:24.257] local.info: [18.586ms] [rows:1] SELECT * FROM "users" WHERE "users"."id" = '00000000-0000-0000-0000-000000000099'
[2026-04-16 01:56:24.277] local.info: [19.519ms] [rows:1] SELECT * FROM "departments" WHERE "departments"."id" = '00000000-0000-0000-0000-000000000003'
[2026-04-16 01:56:24.297] local.info: [20.081ms] [rows:1] SELECT * FROM "document_types" WHERE "document_types"."id" = '7367ca3d-eb1d-43dd-a115-cf3d2ceecdfa'
[2026-04-16 01:56:24.317] local.info: [19.815ms] [rows:1] SELECT * FROM "offices" WHERE "offices"."id" = '00000000-0000-0000-0000-000000000002'
[2026-04-16 01:56:24.337] local.info: [19.640ms] [rows:1] SELECT * FROM "document_templates" WHERE "document_templates"."id" = 'ef6ad65a-07d2-444b-951d-d197ee14c8a0'
[2026-04-16 01:56:24.337] local.info: [156.086ms] [rows:1] SELECT * FROM "documents" WHERE id = '1cb5293d-d875-4bab-865b-85e18ccee4aa' AND deleted_at IS NULL ORDER BY "documents"."id" LIMIT 1
[2026-04-16 01:56:48.757] local.info: [45.869ms] [rows:1] SELECT * FROM "users" WHERE id = '00000000-0000-0000-0000-000000000099' ORDER BY "users"."id" LIMIT 1
[2026-04-16 01:56:48.778] local.info: [21.531ms] [rows:1] SELECT * FROM "user_roles" WHERE user_id = '00000000-0000-0000-0000-000000000099'
[2026-04-16 01:56:48.796] local.info: [18.028ms] [rows:1] SELECT * FROM "roles" WHERE id IN ('68c46dfb-a565-4938-99d7-9fdd0acf8a7e')
[2026-04-16 01:56:48.817] local.info: [20.048ms] [rows:45] SELECT * FROM "role_permissions" WHERE role_id IN ('68c46dfb-a565-4938-99d7-9fdd0acf8a7e')
[2026-04-16 01:56:48.837] local.info: [19.958ms] [rows:45] SELECT * FROM "permissions" WHERE id IN ('ab6da9f5-8b11-4644-9aaa-009b3b28a4ec','5daf3519-8949-4d26-b4bc-00c8b03f04fe','91166846-7ec1-42de-b134-ce141c3a9d7d','28c919a4-3744-4931-805a-a219892adbe3','789e0c77-5a0c-4ea7-a2e1-606803a6e2bd','6cd9d7a8-34ac-4740-9bc1-aa386ae6de38','8d2454fc-6567-46f9-8527-5843c7142e3c','cf81b7d4-096a-435a-b515-ad3f779199b8','82188518-37d9-45c0-9bca-b0d202cc9449','c01ff63f-6e93-4a78-8e50-87af96ab4a89','a14b8e8b-3f32-475f-8a47-5d33dab3042e','653cb315-36f1-4697-90e4-329900532da2','217d2f9d-5606-432f-99aa-bd6fb720b45f','328bd207-61d6-40ab-9d1d-bbe31ba63a3e','9b3cb586-a24f-4353-8c5a-6a860eba7357','a9280ee9-eb73-4cfb-8092-80f4c2cc5529','e225de9e-e14e-4219-a638-44d136be5613','46c78359-bdb4-421e-9182-d1d095921f20','b0aabdc2-3a7f-496c-a902-ee468671cf24','f4e500e8-45dd-4eeb-8b47-c97d832f18b2','00f63f53-4009-405a-9736-eff543475f78','31cb98ec-4d68-460a-8a6b-1566b0356cb5','29033b15-df4d-4afe-b261-d9f9d978215b','770de03c-008e-4352-915b-dbad46394b3e','386b4440-e446-4a4c-bbf2-2df0b3d482e7','764434f1-f401-4cec-b0a5-94c50e4c10bb','f8315a47-3595-4af7-afca-831deb36ae44','16b41fad-47bb-456e-818a-0e17a10696d3','7dba2974-eed0-4a24-8090-13ce49e8ae9c','2107c201-e779-4d54-b9d8-e77e63506727','540fda97-9bb5-45a3-8677-e5494a35f98d','8db21bed-0a56-4384-b989-46c85bf60a4a','b64fe46a-25b2-4780-b910-8897bab331d1','04b0026e-ed12-4e5e-85e2-1ed905581184','c4b26668-789f-4117-b9af-34719df71955','06cf74d1-3ae5-4aee-8048-5fab3132f2ba','5ce4a39b-7e40-4486-b5d7-7f910cb36590','b23b7eaa-6c87-413b-b144-42b7afafd4df','f033f831-0ad6-4654-b9cc-9ad6f8c92e8c','af282aaf-606b-4d5f-9ef8-070dc205befb','24c1e762-e92d-485c-ab51-7bd8574e8cb1','2d68eaae-a710-43ae-b278-b376f0865788','21fdd8fe-78d5-4ce1-ae83-7df1ebfc6f56','23922b05-5fbd-49fd-8f6e-3847cabd2503','5c53b1b4-f8e2-4bd1-a376-d983f799cf4b')
[2026-04-16 01:56:48.857] local.info: [19.787ms] [rows:1] SELECT count(*) FROM "notifications" WHERE user_id = '00000000-0000-0000-0000-000000000099' AND is_read = false
[2026-04-16 01:56:56.876] local.info: [36.719ms] [rows:1] SELECT * FROM "users" WHERE id = '00000000-0000-0000-0000-000000000099' ORDER BY "users"."id" LIMIT 1
[2026-04-16 01:56:56.896] local.info: [19.801ms] [rows:1] SELECT * FROM "user_roles" WHERE user_id = '00000000-0000-0000-0000-000000000099'
[2026-04-16 01:56:56.916] local.info: [20.011ms] [rows:1] SELECT * FROM "roles" WHERE id IN ('68c46dfb-a565-4938-99d7-9fdd0acf8a7e')
[2026-04-16 01:56:56.936] local.info: [19.893ms] [rows:45] SELECT * FROM "role_permissions" WHERE role_id IN ('68c46dfb-a565-4938-99d7-9fdd0acf8a7e')
[2026-04-16 01:56:56.956] local.info: [19.767ms] [rows:45] SELECT * FROM "permissions" WHERE id IN ('ab6da9f5-8b11-4644-9aaa-009b3b28a4ec','5daf3519-8949-4d26-b4bc-00c8b03f04fe','91166846-7ec1-42de-b134-ce141c3a9d7d','28c919a4-3744-4931-805a-a219892adbe3','789e0c77-5a0c-4ea7-a2e1-606803a6e2bd','6cd9d7a8-34ac-4740-9bc1-aa386ae6de38','8d2454fc-6567-46f9-8527-5843c7142e3c','cf81b7d4-096a-435a-b515-ad3f779199b8','82188518-37d9-45c0-9bca-b0d202cc9449','c01ff63f-6e93-4a78-8e50-87af96ab4a89','a14b8e8b-3f32-475f-8a47-5d33dab3042e','653cb315-36f1-4697-90e4-329900532da2','217d2f9d-5606-432f-99aa-bd6fb720b45f','328bd207-61d6-40ab-9d1d-bbe31ba63a3e','9b3cb586-a24f-4353-8c5a-6a860eba7357','a9280ee9-eb73-4cfb-8092-80f4c2cc5529','e225de9e-e14e-4219-a638-44d136be5613','46c78359-bdb4-421e-9182-d1d095921f20','b0aabdc2-3a7f-496c-a902-ee468671cf24','f4e500e8-45dd-4eeb-8b47-c97d832f18b2','00f63f53-4009-405a-9736-eff543475f78','31cb98ec-4d68-460a-8a6b-1566b0356cb5','29033b15-df4d-4afe-b261-d9f9d978215b','770de03c-008e-4352-915b-dbad46394b3e','386b4440-e446-4a4c-bbf2-2df0b3d482e7','764434f1-f401-4cec-b0a5-94c50e4c10bb','f8315a47-3595-4af7-afca-831deb36ae44','16b41fad-47bb-456e-818a-0e17a10696d3','7dba2974-eed0-4a24-8090-13ce49e8ae9c','2107c201-e779-4d54-b9d8-e77e63506727','540fda97-9bb5-45a3-8677-e5494a35f98d','8db21bed-0a56-4384-b989-46c85bf60a4a','b64fe46a-25b2-4780-b910-8897bab331d1','04b0026e-ed12-4e5e-85e2-1ed905581184','c4b26668-789f-4117-b9af-34719df71955','06cf74d1-3ae5-4aee-8048-5fab3132f2ba','5ce4a39b-7e40-4486-b5d7-7f910cb36590','b23b7eaa-6c87-413b-b144-42b7afafd4df','f033f831-0ad6-4654-b9cc-9ad6f8c92e8c','af282aaf-606b-4d5f-9ef8-070dc205befb','24c1e762-e92d-485c-ab51-7bd8574e8cb1','2d68eaae-a710-43ae-b278-b376f0865788','21fdd8fe-78d5-4ce1-ae83-7df1ebfc6f56','23922b05-5fbd-49fd-8f6e-3847cabd2503','5c53b1b4-f8e2-4bd1-a376-d983f799cf4b')
[2026-04-16 01:56:56.976] local.info: [19.783ms] [rows:1] SELECT count(*) FROM "notifications" WHERE user_id = '00000000-0000-0000-0000-000000000099' AND is_read = false
[2026-04-16 01:57:18.766] local.info: [49.225ms] [rows:1] SELECT * FROM "users" WHERE id = '00000000-0000-0000-0000-000000000099' ORDER BY "users"."id" LIMIT 1
[2026-04-16 01:57:18.786] local.info: [19.402ms] [rows:1] SELECT * FROM "user_roles" WHERE user_id = '00000000-0000-0000-0000-000000000099'
[2026-04-16 01:57:18.806] local.info: [19.850ms] [rows:1] SELECT * FROM "roles" WHERE id IN ('68c46dfb-a565-4938-99d7-9fdd0acf8a7e')
[2026-04-16 01:57:18.826] local.info: [20.001ms] [rows:45] SELECT * FROM "role_permissions" WHERE role_id IN ('68c46dfb-a565-4938-99d7-9fdd0acf8a7e')
[2026-04-16 01:57:18.846] local.info: [19.720ms] [rows:45] SELECT * FROM "permissions" WHERE id IN ('ab6da9f5-8b11-4644-9aaa-009b3b28a4ec','5daf3519-8949-4d26-b4bc-00c8b03f04fe','91166846-7ec1-42de-b134-ce141c3a9d7d','28c919a4-3744-4931-805a-a219892adbe3','789e0c77-5a0c-4ea7-a2e1-606803a6e2bd','6cd9d7a8-34ac-4740-9bc1-aa386ae6de38','8d2454fc-6567-46f9-8527-5843c7142e3c','cf81b7d4-096a-435a-b515-ad3f779199b8','82188518-37d9-45c0-9bca-b0d202cc9449','c01ff63f-6e93-4a78-8e50-87af96ab4a89','a14b8e8b-3f32-475f-8a47-5d33dab3042e','653cb315-36f1-4697-90e4-329900532da2','217d2f9d-5606-432f-99aa-bd6fb720b45f','328bd207-61d6-40ab-9d1d-bbe31ba63a3e','9b3cb586-a24f-4353-8c5a-6a860eba7357','a9280ee9-eb73-4cfb-8092-80f4c2cc5529','e225de9e-e14e-4219-a638-44d136be5613','46c78359-bdb4-421e-9182-d1d095921f20','b0aabdc2-3a7f-496c-a902-ee468671cf24','f4e500e8-45dd-4eeb-8b47-c97d832f18b2','00f63f53-4009-405a-9736-eff543475f78','31cb98ec-4d68-460a-8a6b-1566b0356cb5','29033b15-df4d-4afe-b261-d9f9d978215b','770de03c-008e-4352-915b-dbad46394b3e','386b4440-e446-4a4c-bbf2-2df0b3d482e7','764434f1-f401-4cec-b0a5-94c50e4c10bb','f8315a47-3595-4af7-afca-831deb36ae44','16b41fad-47bb-456e-818a-0e17a10696d3','7dba2974-eed0-4a24-8090-13ce49e8ae9c','2107c201-e779-4d54-b9d8-e77e63506727','540fda97-9bb5-45a3-8677-e5494a35f98d','8db21bed-0a56-4384-b989-46c85bf60a4a','b64fe46a-25b2-4780-b910-8897bab331d1','04b0026e-ed12-4e5e-85e2-1ed905581184','c4b26668-789f-4117-b9af-34719df71955','06cf74d1-3ae5-4aee-8048-5fab3132f2ba','5ce4a39b-7e40-4486-b5d7-7f910cb36590','b23b7eaa-6c87-413b-b144-42b7afafd4df','f033f831-0ad6-4654-b9cc-9ad6f8c92e8c','af282aaf-606b-4d5f-9ef8-070dc205befb','24c1e762-e92d-485c-ab51-7bd8574e8cb1','2d68eaae-a710-43ae-b278-b376f0865788','21fdd8fe-78d5-4ce1-ae83-7df1ebfc6f56','23922b05-5fbd-49fd-8f6e-3847cabd2503','5c53b1b4-f8e2-4bd1-a376-d983f799cf4b')
[2026-04-16 01:57:18.866] local.info: [19.503ms] [rows:1] SELECT count(*) FROM "notifications" WHERE user_id = '00000000-0000-0000-0000-000000000099' AND is_read = false
[2026-04-16 01:57:48.756] local.info: [37.982ms] [rows:1] SELECT * FROM "users" WHERE id = '00000000-0000-0000-0000-000000000099' ORDER BY "users"."id" LIMIT 1
[2026-04-16 01:57:48.776] local.info: [19.745ms] [rows:1] SELECT * FROM "user_roles" WHERE user_id = '00000000-0000-0000-0000-000000000099'
[2026-04-16 01:57:48.796] local.info: [19.888ms] [rows:1] SELECT * FROM "roles" WHERE id IN ('68c46dfb-a565-4938-99d7-9fdd0acf8a7e')
[2026-04-16 01:57:48.816] local.info: [20.145ms] [rows:45] SELECT * FROM "role_permissions" WHERE role_id IN ('68c46dfb-a565-4938-99d7-9fdd0acf8a7e')
[2026-04-16 01:57:48.836] local.info: [19.614ms] [rows:45] SELECT * FROM "permissions" WHERE id IN ('ab6da9f5-8b11-4644-9aaa-009b3b28a4ec','5daf3519-8949-4d26-b4bc-00c8b03f04fe','91166846-7ec1-42de-b134-ce141c3a9d7d','28c919a4-3744-4931-805a-a219892adbe3','789e0c77-5a0c-4ea7-a2e1-606803a6e2bd','6cd9d7a8-34ac-4740-9bc1-aa386ae6de38','8d2454fc-6567-46f9-8527-5843c7142e3c','cf81b7d4-096a-435a-b515-ad3f779199b8','82188518-37d9-45c0-9bca-b0d202cc9449','c01ff63f-6e93-4a78-8e50-87af96ab4a89','a14b8e8b-3f32-475f-8a47-5d33dab3042e','653cb315-36f1-4697-90e4-329900532da2','217d2f9d-5606-432f-99aa-bd6fb720b45f','328bd207-61d6-40ab-9d1d-bbe31ba63a3e','9b3cb586-a24f-4353-8c5a-6a860eba7357','a9280ee9-eb73-4cfb-8092-80f4c2cc5529','e225de9e-e14e-4219-a638-44d136be5613','46c78359-bdb4-421e-9182-d1d095921f20','b0aabdc2-3a7f-496c-a902-ee468671cf24','f4e500e8-45dd-4eeb-8b47-c97d832f18b2','00f63f53-4009-405a-9736-eff543475f78','31cb98ec-4d68-460a-8a6b-1566b0356cb5','29033b15-df4d-4afe-b261-d9f9d978215b','770de03c-008e-4352-915b-dbad46394b3e','386b4440-e446-4a4c-bbf2-2df0b3d482e7','764434f1-f401-4cec-b0a5-94c50e4c10bb','f8315a47-3595-4af7-afca-831deb36ae44','16b41fad-47bb-456e-818a-0e17a10696d3','7dba2974-eed0-4a24-8090-13ce49e8ae9c','2107c201-e779-4d54-b9d8-e77e63506727','540fda97-9bb5-45a3-8677-e5494a35f98d','8db21bed-0a56-4384-b989-46c85bf60a4a','b64fe46a-25b2-4780-b910-8897bab331d1','04b0026e-ed12-4e5e-85e2-1ed905581184','c4b26668-789f-4117-b9af-34719df71955','06cf74d1-3ae5-4aee-8048-5fab3132f2ba','5ce4a39b-7e40-4486-b5d7-7f910cb36590','b23b7eaa-6c87-413b-b144-42b7afafd4df','f033f831-0ad6-4654-b9cc-9ad6f8c92e8c','af282aaf-606b-4d5f-9ef8-070dc205befb','24c1e762-e92d-485c-ab51-7bd8574e8cb1','2d68eaae-a710-43ae-b278-b376f0865788','21fdd8fe-78d5-4ce1-ae83-7df1ebfc6f56','23922b05-5fbd-49fd-8f6e-3847cabd2503','5c53b1b4-f8e2-4bd1-a376-d983f799cf4b')
[2026-04-16 01:57:48.856] local.info: [19.696ms] [rows:1] SELECT count(*) FROM "notifications" WHERE user_id = '00000000-0000-0000-0000-000000000099' AND is_read = false
[2026-04-16 01:57:56.886] local.info: [49.116ms] [rows:1] SELECT * FROM "users" WHERE id = '00000000-0000-0000-0000-000000000099' ORDER BY "users"."id" LIMIT 1
[2026-04-16 01:57:56.906] local.info: [19.687ms] [rows:1] SELECT * FROM "user_roles" WHERE user_id = '00000000-0000-0000-0000-000000000099'
[2026-04-16 01:57:56.926] local.info: [19.642ms] [rows:1] SELECT * FROM "roles" WHERE id IN ('68c46dfb-a565-4938-99d7-9fdd0acf8a7e')
[2026-04-16 01:57:56.946] local.info: [19.598ms] [rows:45] SELECT * FROM "role_permissions" WHERE role_id IN ('68c46dfb-a565-4938-99d7-9fdd0acf8a7e')
[2026-04-16 01:57:56.966] local.info: [19.601ms] [rows:45] SELECT * FROM "permissions" WHERE id IN ('ab6da9f5-8b11-4644-9aaa-009b3b28a4ec','5daf3519-8949-4d26-b4bc-00c8b03f04fe','91166846-7ec1-42de-b134-ce141c3a9d7d','28c919a4-3744-4931-805a-a219892adbe3','789e0c77-5a0c-4ea7-a2e1-606803a6e2bd','6cd9d7a8-34ac-4740-9bc1-aa386ae6de38','8d2454fc-6567-46f9-8527-5843c7142e3c','cf81b7d4-096a-435a-b515-ad3f779199b8','82188518-37d9-45c0-9bca-b0d202cc9449','c01ff63f-6e93-4a78-8e50-87af96ab4a89','a14b8e8b-3f32-475f-8a47-5d33dab3042e','653cb315-36f1-4697-90e4-329900532da2','217d2f9d-5606-432f-99aa-bd6fb720b45f','328bd207-61d6-40ab-9d1d-bbe31ba63a3e','9b3cb586-a24f-4353-8c5a-6a860eba7357','a9280ee9-eb73-4cfb-8092-80f4c2cc5529','e225de9e-e14e-4219-a638-44d136be5613','46c78359-bdb4-421e-9182-d1d095921f20','b0aabdc2-3a7f-496c-a902-ee468671cf24','f4e500e8-45dd-4eeb-8b47-c97d832f18b2','00f63f53-4009-405a-9736-eff543475f78','31cb98ec-4d68-460a-8a6b-1566b0356cb5','29033b15-df4d-4afe-b261-d9f9d978215b','770de03c-008e-4352-915b-dbad46394b3e','386b4440-e446-4a4c-bbf2-2df0b3d482e7','764434f1-f401-4cec-b0a5-94c50e4c10bb','f8315a47-3595-4af7-afca-831deb36ae44','16b41fad-47bb-456e-818a-0e17a10696d3','7dba2974-eed0-4a24-8090-13ce49e8ae9c','2107c201-e779-4d54-b9d8-e77e63506727','540fda97-9bb5-45a3-8677-e5494a35f98d','8db21bed-0a56-4384-b989-46c85bf60a4a','b64fe46a-25b2-4780-b910-8897bab331d1','04b0026e-ed12-4e5e-85e2-1ed905581184','c4b26668-789f-4117-b9af-34719df71955','06cf74d1-3ae5-4aee-8048-5fab3132f2ba','5ce4a39b-7e40-4486-b5d7-7f910cb36590','b23b7eaa-6c87-413b-b144-42b7afafd4df','f033f831-0ad6-4654-b9cc-9ad6f8c92e8c','af282aaf-606b-4d5f-9ef8-070dc205befb','24c1e762-e92d-485c-ab51-7bd8574e8cb1','2d68eaae-a710-43ae-b278-b376f0865788','21fdd8fe-78d5-4ce1-ae83-7df1ebfc6f56','23922b05-5fbd-49fd-8f6e-3847cabd2503','5c53b1b4-f8e2-4bd1-a376-d983f799cf4b')
[2026-04-16 01:57:56.996] local.info: [29.623ms] [rows:1] SELECT count(*) FROM "notifications" WHERE user_id = '00000000-0000-0000-0000-000000000099' AND is_read = false
[2026-04-16 01:58:18.765] local.info: [46.365ms] [rows:1] SELECT * FROM "users" WHERE id = '00000000-0000-0000-0000-000000000099' ORDER BY "users"."id" LIMIT 1
[2026-04-16 01:58:18.785] local.info: [19.571ms] [rows:1] SELECT * FROM "user_roles" WHERE user_id = '00000000-0000-0000-0000-000000000099'
[2026-04-16 01:58:18.806] local.info: [20.714ms] [rows:1] SELECT * FROM "roles" WHERE id IN ('68c46dfb-a565-4938-99d7-9fdd0acf8a7e')
[2026-04-16 01:58:18.825] local.info: [19.482ms] [rows:45] SELECT * FROM "role_permissions" WHERE role_id IN ('68c46dfb-a565-4938-99d7-9fdd0acf8a7e')
[2026-04-16 01:58:18.846] local.info: [20.095ms] [rows:45] SELECT * FROM "permissions" WHERE id IN ('ab6da9f5-8b11-4644-9aaa-009b3b28a4ec','5daf3519-8949-4d26-b4bc-00c8b03f04fe','91166846-7ec1-42de-b134-ce141c3a9d7d','28c919a4-3744-4931-805a-a219892adbe3','789e0c77-5a0c-4ea7-a2e1-606803a6e2bd','6cd9d7a8-34ac-4740-9bc1-aa386ae6de38','8d2454fc-6567-46f9-8527-5843c7142e3c','cf81b7d4-096a-435a-b515-ad3f779199b8','82188518-37d9-45c0-9bca-b0d202cc9449','c01ff63f-6e93-4a78-8e50-87af96ab4a89','a14b8e8b-3f32-475f-8a47-5d33dab3042e','653cb315-36f1-4697-90e4-329900532da2','217d2f9d-5606-432f-99aa-bd6fb720b45f','328bd207-61d6-40ab-9d1d-bbe31ba63a3e','9b3cb586-a24f-4353-8c5a-6a860eba7357','a9280ee9-eb73-4cfb-8092-80f4c2cc5529','e225de9e-e14e-4219-a638-44d136be5613','46c78359-bdb4-421e-9182-d1d095921f20','b0aabdc2-3a7f-496c-a902-ee468671cf24','f4e500e8-45dd-4eeb-8b47-c97d832f18b2','00f63f53-4009-405a-9736-eff543475f78','31cb98ec-4d68-460a-8a6b-1566b0356cb5','29033b15-df4d-4afe-b261-d9f9d978215b','770de03c-008e-4352-915b-dbad46394b3e','386b4440-e446-4a4c-bbf2-2df0b3d482e7','764434f1-f401-4cec-b0a5-94c50e4c10bb','f8315a47-3595-4af7-afca-831deb36ae44','16b41fad-47bb-456e-818a-0e17a10696d3','7dba2974-eed0-4a24-8090-13ce49e8ae9c','2107c201-e779-4d54-b9d8-e77e63506727','540fda97-9bb5-45a3-8677-e5494a35f98d','8db21bed-0a56-4384-b989-46c85bf60a4a','b64fe46a-25b2-4780-b910-8897bab331d1','04b0026e-ed12-4e5e-85e2-1ed905581184','c4b26668-789f-4117-b9af-34719df71955','06cf74d1-3ae5-4aee-8048-5fab3132f2ba','5ce4a39b-7e40-4486-b5d7-7f910cb36590','b23b7eaa-6c87-413b-b144-42b7afafd4df','f033f831-0ad6-4654-b9cc-9ad6f8c92e8c','af282aaf-606b-4d5f-9ef8-070dc205befb','24c1e762-e92d-485c-ab51-7bd8574e8cb1','2d68eaae-a710-43ae-b278-b376f0865788','21fdd8fe-78d5-4ce1-ae83-7df1ebfc6f56','23922b05-5fbd-49fd-8f6e-3847cabd2503','5c53b1b4-f8e2-4bd1-a376-d983f799cf4b')
[2026-04-16 01:58:18.865] local.info: [18.956ms] [rows:1] SELECT count(*) FROM "notifications" WHERE user_id = '00000000-0000-0000-0000-000000000099' AND is_read = false
[2026-04-16 01:58:48.765] local.info: [43.417ms] [rows:1] SELECT * FROM "users" WHERE id = '00000000-0000-0000-0000-000000000099' ORDER BY "users"."id" LIMIT 1
[2026-04-16 01:58:48.785] local.info: [19.751ms] [rows:1] SELECT * FROM "user_roles" WHERE user_id = '00000000-0000-0000-0000-000000000099'
[2026-04-16 01:58:48.805] local.info: [19.738ms] [rows:1] SELECT * FROM "roles" WHERE id IN ('68c46dfb-a565-4938-99d7-9fdd0acf8a7e')
[2026-04-16 01:58:48.825] local.info: [19.524ms] [rows:45] SELECT * FROM "role_permissions" WHERE role_id IN ('68c46dfb-a565-4938-99d7-9fdd0acf8a7e')
[2026-04-16 01:58:48.85] local.info: [24.974ms] [rows:45] SELECT * FROM "permissions" WHERE id IN ('ab6da9f5-8b11-4644-9aaa-009b3b28a4ec','5daf3519-8949-4d26-b4bc-00c8b03f04fe','91166846-7ec1-42de-b134-ce141c3a9d7d','28c919a4-3744-4931-805a-a219892adbe3','789e0c77-5a0c-4ea7-a2e1-606803a6e2bd','6cd9d7a8-34ac-4740-9bc1-aa386ae6de38','8d2454fc-6567-46f9-8527-5843c7142e3c','cf81b7d4-096a-435a-b515-ad3f779199b8','82188518-37d9-45c0-9bca-b0d202cc9449','c01ff63f-6e93-4a78-8e50-87af96ab4a89','a14b8e8b-3f32-475f-8a47-5d33dab3042e','653cb315-36f1-4697-90e4-329900532da2','217d2f9d-5606-432f-99aa-bd6fb720b45f','328bd207-61d6-40ab-9d1d-bbe31ba63a3e','9b3cb586-a24f-4353-8c5a-6a860eba7357','a9280ee9-eb73-4cfb-8092-80f4c2cc5529','e225de9e-e14e-4219-a638-44d136be5613','46c78359-bdb4-421e-9182-d1d095921f20','b0aabdc2-3a7f-496c-a902-ee468671cf24','f4e500e8-45dd-4eeb-8b47-c97d832f18b2','00f63f53-4009-405a-9736-eff543475f78','31cb98ec-4d68-460a-8a6b-1566b0356cb5','29033b15-df4d-4afe-b261-d9f9d978215b','770de03c-008e-4352-915b-dbad46394b3e','386b4440-e446-4a4c-bbf2-2df0b3d482e7','764434f1-f401-4cec-b0a5-94c50e4c10bb','f8315a47-3595-4af7-afca-831deb36ae44','16b41fad-47bb-456e-818a-0e17a10696d3','7dba2974-eed0-4a24-8090-13ce49e8ae9c','2107c201-e779-4d54-b9d8-e77e63506727','540fda97-9bb5-45a3-8677-e5494a35f98d','8db21bed-0a56-4384-b989-46c85bf60a4a','b64fe46a-25b2-4780-b910-8897bab331d1','04b0026e-ed12-4e5e-85e2-1ed905581184','c4b26668-789f-4117-b9af-34719df71955','06cf74d1-3ae5-4aee-8048-5fab3132f2ba','5ce4a39b-7e40-4486-b5d7-7f910cb36590','b23b7eaa-6c87-413b-b144-42b7afafd4df','f033f831-0ad6-4654-b9cc-9ad6f8c92e8c','af282aaf-606b-4d5f-9ef8-070dc205befb','24c1e762-e92d-485c-ab51-7bd8574e8cb1','2d68eaae-a710-43ae-b278-b376f0865788','21fdd8fe-78d5-4ce1-ae83-7df1ebfc6f56','23922b05-5fbd-49fd-8f6e-3847cabd2503','5c53b1b4-f8e2-4bd1-a376-d983f799cf4b')
[2026-04-16 01:58:48.865] local.info: [14.477ms] [rows:1] SELECT count(*) FROM "notifications" WHERE user_id = '00000000-0000-0000-0000-000000000099' AND is_read = false
[2026-04-16 01:58:56.885] local.info: [48.314ms] [rows:1] SELECT * FROM "users" WHERE id = '00000000-0000-0000-0000-000000000099' ORDER BY "users"."id" LIMIT 1
[2026-04-16 01:58:56.905] local.info: [19.596ms] [rows:1] SELECT * FROM "user_roles" WHERE user_id = '00000000-0000-0000-0000-000000000099'
[2026-04-16 01:58:56.925] local.info: [19.684ms] [rows:1] SELECT * FROM "roles" WHERE id IN ('68c46dfb-a565-4938-99d7-9fdd0acf8a7e')
[2026-04-16 01:58:56.945] local.info: [20.199ms] [rows:45] SELECT * FROM "role_permissions" WHERE role_id IN ('68c46dfb-a565-4938-99d7-9fdd0acf8a7e')
[2026-04-16 01:58:56.965] local.info: [19.935ms] [rows:45] SELECT * FROM "permissions" WHERE id IN ('ab6da9f5-8b11-4644-9aaa-009b3b28a4ec','5daf3519-8949-4d26-b4bc-00c8b03f04fe','91166846-7ec1-42de-b134-ce141c3a9d7d','28c919a4-3744-4931-805a-a219892adbe3','789e0c77-5a0c-4ea7-a2e1-606803a6e2bd','6cd9d7a8-34ac-4740-9bc1-aa386ae6de38','8d2454fc-6567-46f9-8527-5843c7142e3c','cf81b7d4-096a-435a-b515-ad3f779199b8','82188518-37d9-45c0-9bca-b0d202cc9449','c01ff63f-6e93-4a78-8e50-87af96ab4a89','a14b8e8b-3f32-475f-8a47-5d33dab3042e','653cb315-36f1-4697-90e4-329900532da2','217d2f9d-5606-432f-99aa-bd6fb720b45f','328bd207-61d6-40ab-9d1d-bbe31ba63a3e','9b3cb586-a24f-4353-8c5a-6a860eba7357','a9280ee9-eb73-4cfb-8092-80f4c2cc5529','e225de9e-e14e-4219-a638-44d136be5613','46c78359-bdb4-421e-9182-d1d095921f20','b0aabdc2-3a7f-496c-a902-ee468671cf24','f4e500e8-45dd-4eeb-8b47-c97d832f18b2','00f63f53-4009-405a-9736-eff543475f78','31cb98ec-4d68-460a-8a6b-1566b0356cb5','29033b15-df4d-4afe-b261-d9f9d978215b','770de03c-008e-4352-915b-dbad46394b3e','386b4440-e446-4a4c-bbf2-2df0b3d482e7','764434f1-f401-4cec-b0a5-94c50e4c10bb','f8315a47-3595-4af7-afca-831deb36ae44','16b41fad-47bb-456e-818a-0e17a10696d3','7dba2974-eed0-4a24-8090-13ce49e8ae9c','2107c201-e779-4d54-b9d8-e77e63506727','540fda97-9bb5-45a3-8677-e5494a35f98d','8db21bed-0a56-4384-b989-46c85bf60a4a','b64fe46a-25b2-4780-b910-8897bab331d1','04b0026e-ed12-4e5e-85e2-1ed905581184','c4b26668-789f-4117-b9af-34719df71955','06cf74d1-3ae5-4aee-8048-5fab3132f2ba','5ce4a39b-7e40-4486-b5d7-7f910cb36590','b23b7eaa-6c87-413b-b144-42b7afafd4df','f033f831-0ad6-4654-b9cc-9ad6f8c92e8c','af282aaf-606b-4d5f-9ef8-070dc205befb','24c1e762-e92d-485c-ab51-7bd8574e8cb1','2d68eaae-a710-43ae-b278-b376f0865788','21fdd8fe-78d5-4ce1-ae83-7df1ebfc6f56','23922b05-5fbd-49fd-8f6e-3847cabd2503','5c53b1b4-f8e2-4bd1-a376-d983f799cf4b')
[2026-04-16 01:58:56.985] local.info: [18.904ms] [rows:1] SELECT count(*) FROM "notifications" WHERE user_id = '00000000-0000-0000-0000-000000000099' AND is_read = false
[2026-04-16 01:59:18.774] local.info: [53.984ms] [rows:1] SELECT * FROM "users" WHERE id = '00000000-0000-0000-0000-000000000099' ORDER BY "users"."id" LIMIT 1
[2026-04-16 01:59:18.794] local.info: [19.527ms] [rows:1] SELECT * FROM "user_roles" WHERE user_id = '00000000-0000-0000-0000-000000000099'
[2026-04-16 01:59:18.814] local.info: [19.977ms] [rows:1] SELECT * FROM "roles" WHERE id IN ('68c46dfb-a565-4938-99d7-9fdd0acf8a7e')
[2026-04-16 01:59:18.834] local.info: [19.706ms] [rows:45] SELECT * FROM "role_permissions" WHERE role_id IN ('68c46dfb-a565-4938-99d7-9fdd0acf8a7e')
[2026-04-16 01:59:18.854] local.info: [20.101ms] [rows:45] SELECT * FROM "permissions" WHERE id IN ('ab6da9f5-8b11-4644-9aaa-009b3b28a4ec','5daf3519-8949-4d26-b4bc-00c8b03f04fe','91166846-7ec1-42de-b134-ce141c3a9d7d','28c919a4-3744-4931-805a-a219892adbe3','789e0c77-5a0c-4ea7-a2e1-606803a6e2bd','6cd9d7a8-34ac-4740-9bc1-aa386ae6de38','8d2454fc-6567-46f9-8527-5843c7142e3c','cf81b7d4-096a-435a-b515-ad3f779199b8','82188518-37d9-45c0-9bca-b0d202cc9449','c01ff63f-6e93-4a78-8e50-87af96ab4a89','a14b8e8b-3f32-475f-8a47-5d33dab3042e','653cb315-36f1-4697-90e4-329900532da2','217d2f9d-5606-432f-99aa-bd6fb720b45f','328bd207-61d6-40ab-9d1d-bbe31ba63a3e','9b3cb586-a24f-4353-8c5a-6a860eba7357','a9280ee9-eb73-4cfb-8092-80f4c2cc5529','e225de9e-e14e-4219-a638-44d136be5613','46c78359-bdb4-421e-9182-d1d095921f20','b0aabdc2-3a7f-496c-a902-ee468671cf24','f4e500e8-45dd-4eeb-8b47-c97d832f18b2','00f63f53-4009-405a-9736-eff543475f78','31cb98ec-4d68-460a-8a6b-1566b0356cb5','29033b15-df4d-4afe-b261-d9f9d978215b','770de03c-008e-4352-915b-dbad46394b3e','386b4440-e446-4a4c-bbf2-2df0b3d482e7','764434f1-f401-4cec-b0a5-94c50e4c10bb','f8315a47-3595-4af7-afca-831deb36ae44','16b41fad-47bb-456e-818a-0e17a10696d3','7dba2974-eed0-4a24-8090-13ce49e8ae9c','2107c201-e779-4d54-b9d8-e77e63506727','540fda97-9bb5-45a3-8677-e5494a35f98d','8db21bed-0a56-4384-b989-46c85bf60a4a','b64fe46a-25b2-4780-b910-8897bab331d1','04b0026e-ed12-4e5e-85e2-1ed905581184','c4b26668-789f-4117-b9af-34719df71955','06cf74d1-3ae5-4aee-8048-5fab3132f2ba','5ce4a39b-7e40-4486-b5d7-7f910cb36590','b23b7eaa-6c87-413b-b144-42b7afafd4df','f033f831-0ad6-4654-b9cc-9ad6f8c92e8c','af282aaf-606b-4d5f-9ef8-070dc205befb','24c1e762-e92d-485c-ab51-7bd8574e8cb1','2d68eaae-a710-43ae-b278-b376f0865788','21fdd8fe-78d5-4ce1-ae83-7df1ebfc6f56','23922b05-5fbd-49fd-8f6e-3847cabd2503','5c53b1b4-f8e2-4bd1-a376-d983f799cf4b')
[2026-04-16 01:59:18.874] local.info: [19.706ms] [rows:1] SELECT count(*) FROM "notifications" WHERE user_id = '00000000-0000-0000-0000-000000000099' AND is_read = false
[2026-04-16 01:59:48.764] local.info: [42.552ms] [rows:1] SELECT * FROM "users" WHERE id = '00000000-0000-0000-0000-000000000099' ORDER BY "users"."id" LIMIT 1
[2026-04-16 01:59:48.784] local.info: [19.625ms] [rows:1] SELECT * FROM "user_roles" WHERE user_id = '00000000-0000-0000-0000-000000000099'
[2026-04-16 01:59:48.804] local.info: [20.382ms] [rows:1] SELECT * FROM "roles" WHERE id IN ('68c46dfb-a565-4938-99d7-9fdd0acf8a7e')
[2026-04-16 01:59:48.824] local.info: [19.863ms] [rows:45] SELECT * FROM "role_permissions" WHERE role_id IN ('68c46dfb-a565-4938-99d7-9fdd0acf8a7e')
[2026-04-16 01:59:48.845] local.info: [20.079ms] [rows:45] SELECT * FROM "permissions" WHERE id IN ('ab6da9f5-8b11-4644-9aaa-009b3b28a4ec','5daf3519-8949-4d26-b4bc-00c8b03f04fe','91166846-7ec1-42de-b134-ce141c3a9d7d','28c919a4-3744-4931-805a-a219892adbe3','789e0c77-5a0c-4ea7-a2e1-606803a6e2bd','6cd9d7a8-34ac-4740-9bc1-aa386ae6de38','8d2454fc-6567-46f9-8527-5843c7142e3c','cf81b7d4-096a-435a-b515-ad3f779199b8','82188518-37d9-45c0-9bca-b0d202cc9449','c01ff63f-6e93-4a78-8e50-87af96ab4a89','a14b8e8b-3f32-475f-8a47-5d33dab3042e','653cb315-36f1-4697-90e4-329900532da2','217d2f9d-5606-432f-99aa-bd6fb720b45f','328bd207-61d6-40ab-9d1d-bbe31ba63a3e','9b3cb586-a24f-4353-8c5a-6a860eba7357','a9280ee9-eb73-4cfb-8092-80f4c2cc5529','e225de9e-e14e-4219-a638-44d136be5613','46c78359-bdb4-421e-9182-d1d095921f20','b0aabdc2-3a7f-496c-a902-ee468671cf24','f4e500e8-45dd-4eeb-8b47-c97d832f18b2','00f63f53-4009-405a-9736-eff543475f78','31cb98ec-4d68-460a-8a6b-1566b0356cb5','29033b15-df4d-4afe-b261-d9f9d978215b','770de03c-008e-4352-915b-dbad46394b3e','386b4440-e446-4a4c-bbf2-2df0b3d482e7','764434f1-f401-4cec-b0a5-94c50e4c10bb','f8315a47-3595-4af7-afca-831deb36ae44','16b41fad-47bb-456e-818a-0e17a10696d3','7dba2974-eed0-4a24-8090-13ce49e8ae9c','2107c201-e779-4d54-b9d8-e77e63506727','540fda97-9bb5-45a3-8677-e5494a35f98d','8db21bed-0a56-4384-b989-46c85bf60a4a','b64fe46a-25b2-4780-b910-8897bab331d1','04b0026e-ed12-4e5e-85e2-1ed905581184','c4b26668-789f-4117-b9af-34719df71955','06cf74d1-3ae5-4aee-8048-5fab3132f2ba','5ce4a39b-7e40-4486-b5d7-7f910cb36590','b23b7eaa-6c87-413b-b144-42b7afafd4df','f033f831-0ad6-4654-b9cc-9ad6f8c92e8c','af282aaf-606b-4d5f-9ef8-070dc205befb','24c1e762-e92d-485c-ab51-7bd8574e8cb1','2d68eaae-a710-43ae-b278-b376f0865788','21fdd8fe-78d5-4ce1-ae83-7df1ebfc6f56','23922b05-5fbd-49fd-8f6e-3847cabd2503','5c53b1b4-f8e2-4bd1-a376-d983f799cf4b')
[2026-04-16 01:59:48.864] local.info: [18.276ms] [rows:1] SELECT count(*) FROM "notifications" WHERE user_id = '00000000-0000-0000-0000-000000000099' AND is_read = false
[2026-04-16 01:59:56.884] local.info: [46.153ms] [rows:1] SELECT * FROM "users" WHERE id = '00000000-0000-0000-0000-000000000099' ORDER BY "users"."id" LIMIT 1
[2026-04-16 01:59:56.904] local.info: [19.537ms] [rows:1] SELECT * FROM "user_roles" WHERE user_id = '00000000-0000-0000-0000-000000000099'
[2026-04-16 01:59:56.924] local.info: [19.820ms] [rows:1] SELECT * FROM "roles" WHERE id IN ('68c46dfb-a565-4938-99d7-9fdd0acf8a7e')
[2026-04-16 01:59:56.944] local.info: [19.737ms] [rows:45] SELECT * FROM "role_permissions" WHERE role_id IN ('68c46dfb-a565-4938-99d7-9fdd0acf8a7e')
[2026-04-16 01:59:56.964] local.info: [19.618ms] [rows:45] SELECT * FROM "permissions" WHERE id IN ('ab6da9f5-8b11-4644-9aaa-009b3b28a4ec','5daf3519-8949-4d26-b4bc-00c8b03f04fe','91166846-7ec1-42de-b134-ce141c3a9d7d','28c919a4-3744-4931-805a-a219892adbe3','789e0c77-5a0c-4ea7-a2e1-606803a6e2bd','6cd9d7a8-34ac-4740-9bc1-aa386ae6de38','8d2454fc-6567-46f9-8527-5843c7142e3c','cf81b7d4-096a-435a-b515-ad3f779199b8','82188518-37d9-45c0-9bca-b0d202cc9449','c01ff63f-6e93-4a78-8e50-87af96ab4a89','a14b8e8b-3f32-475f-8a47-5d33dab3042e','653cb315-36f1-4697-90e4-329900532da2','217d2f9d-5606-432f-99aa-bd6fb720b45f','328bd207-61d6-40ab-9d1d-bbe31ba63a3e','9b3cb586-a24f-4353-8c5a-6a860eba7357','a9280ee9-eb73-4cfb-8092-80f4c2cc5529','e225de9e-e14e-4219-a638-44d136be5613','46c78359-bdb4-421e-9182-d1d095921f20','b0aabdc2-3a7f-496c-a902-ee468671cf24','f4e500e8-45dd-4eeb-8b47-c97d832f18b2','00f63f53-4009-405a-9736-eff543475f78','31cb98ec-4d68-460a-8a6b-1566b0356cb5','29033b15-df4d-4afe-b261-d9f9d978215b','770de03c-008e-4352-915b-dbad46394b3e','386b4440-e446-4a4c-bbf2-2df0b3d482e7','764434f1-f401-4cec-b0a5-94c50e4c10bb','f8315a47-3595-4af7-afca-831deb36ae44','16b41fad-47bb-456e-818a-0e17a10696d3','7dba2974-eed0-4a24-8090-13ce49e8ae9c','2107c201-e779-4d54-b9d8-e77e63506727','540fda97-9bb5-45a3-8677-e5494a35f98d','8db21bed-0a56-4384-b989-46c85bf60a4a','b64fe46a-25b2-4780-b910-8897bab331d1','04b0026e-ed12-4e5e-85e2-1ed905581184','c4b26668-789f-4117-b9af-34719df71955','06cf74d1-3ae5-4aee-8048-5fab3132f2ba','5ce4a39b-7e40-4486-b5d7-7f910cb36590','b23b7eaa-6c87-413b-b144-42b7afafd4df','f033f831-0ad6-4654-b9cc-9ad6f8c92e8c','af282aaf-606b-4d5f-9ef8-070dc205befb','24c1e762-e92d-485c-ab51-7bd8574e8cb1','2d68eaae-a710-43ae-b278-b376f0865788','21fdd8fe-78d5-4ce1-ae83-7df1ebfc6f56','23922b05-5fbd-49fd-8f6e-3847cabd2503','5c53b1b4-f8e2-4bd1-a376-d983f799cf4b')
[2026-04-16 01:59:56.984] local.info: [19.651ms] [rows:1] SELECT count(*) FROM "notifications" WHERE user_id = '00000000-0000-0000-0000-000000000099' AND is_read = false
[2026-04-16 02:00:18.763] local.info: [43.351ms] [rows:1] SELECT * FROM "users" WHERE id = '00000000-0000-0000-0000-000000000099' ORDER BY "users"."id" LIMIT 1
[2026-04-16 02:00:18.783] local.info: [19.722ms] [rows:1] SELECT * FROM "user_roles" WHERE user_id = '00000000-0000-0000-0000-000000000099'
[2026-04-16 02:00:18.803] local.info: [19.853ms] [rows:1] SELECT * FROM "roles" WHERE id IN ('68c46dfb-a565-4938-99d7-9fdd0acf8a7e')
[2026-04-16 02:00:18.824] local.info: [19.958ms] [rows:45] SELECT * FROM "role_permissions" WHERE role_id IN ('68c46dfb-a565-4938-99d7-9fdd0acf8a7e')
[2026-04-16 02:00:18.846] local.info: [21.424ms] [rows:45] SELECT * FROM "permissions" WHERE id IN ('ab6da9f5-8b11-4644-9aaa-009b3b28a4ec','5daf3519-8949-4d26-b4bc-00c8b03f04fe','91166846-7ec1-42de-b134-ce141c3a9d7d','28c919a4-3744-4931-805a-a219892adbe3','789e0c77-5a0c-4ea7-a2e1-606803a6e2bd','6cd9d7a8-34ac-4740-9bc1-aa386ae6de38','8d2454fc-6567-46f9-8527-5843c7142e3c','cf81b7d4-096a-435a-b515-ad3f779199b8','82188518-37d9-45c0-9bca-b0d202cc9449','c01ff63f-6e93-4a78-8e50-87af96ab4a89','a14b8e8b-3f32-475f-8a47-5d33dab3042e','653cb315-36f1-4697-90e4-329900532da2','217d2f9d-5606-432f-99aa-bd6fb720b45f','328bd207-61d6-40ab-9d1d-bbe31ba63a3e','9b3cb586-a24f-4353-8c5a-6a860eba7357','a9280ee9-eb73-4cfb-8092-80f4c2cc5529','e225de9e-e14e-4219-a638-44d136be5613','46c78359-bdb4-421e-9182-d1d095921f20','b0aabdc2-3a7f-496c-a902-ee468671cf24','f4e500e8-45dd-4eeb-8b47-c97d832f18b2','00f63f53-4009-405a-9736-eff543475f78','31cb98ec-4d68-460a-8a6b-1566b0356cb5','29033b15-df4d-4afe-b261-d9f9d978215b','770de03c-008e-4352-915b-dbad46394b3e','386b4440-e446-4a4c-bbf2-2df0b3d482e7','764434f1-f401-4cec-b0a5-94c50e4c10bb','f8315a47-3595-4af7-afca-831deb36ae44','16b41fad-47bb-456e-818a-0e17a10696d3','7dba2974-eed0-4a24-8090-13ce49e8ae9c','2107c201-e779-4d54-b9d8-e77e63506727','540fda97-9bb5-45a3-8677-e5494a35f98d','8db21bed-0a56-4384-b989-46c85bf60a4a','b64fe46a-25b2-4780-b910-8897bab331d1','04b0026e-ed12-4e5e-85e2-1ed905581184','c4b26668-789f-4117-b9af-34719df71955','06cf74d1-3ae5-4aee-8048-5fab3132f2ba','5ce4a39b-7e40-4486-b5d7-7f910cb36590','b23b7eaa-6c87-413b-b144-42b7afafd4df','f033f831-0ad6-4654-b9cc-9ad6f8c92e8c','af282aaf-606b-4d5f-9ef8-070dc205befb','24c1e762-e92d-485c-ab51-7bd8574e8cb1','2d68eaae-a710-43ae-b278-b376f0865788','21fdd8fe-78d5-4ce1-ae83-7df1ebfc6f56','23922b05-5fbd-49fd-8f6e-3847cabd2503','5c53b1b4-f8e2-4bd1-a376-d983f799cf4b')
[2026-04-16 02:00:18.864] local.info: [17.531ms] [rows:1] SELECT count(*) FROM "notifications" WHERE user_id = '00000000-0000-0000-0000-000000000099' AND is_read = false
[2026-04-16 02:00:48.755] local.info: [40.509ms] [rows:1] SELECT * FROM "users" WHERE id = '00000000-0000-0000-0000-000000000099' ORDER BY "users"."id" LIMIT 1
[2026-04-16 02:00:48.785] local.info: [29.658ms] [rows:1] SELECT * FROM "user_roles" WHERE user_id = '00000000-0000-0000-0000-000000000099'
[2026-04-16 02:00:48.803] local.info: [17.782ms] [rows:1] SELECT * FROM "roles" WHERE id IN ('68c46dfb-a565-4938-99d7-9fdd0acf8a7e')
[2026-04-16 02:00:48.815] local.info: [11.905ms] [rows:45] SELECT * FROM "role_permissions" WHERE role_id IN ('68c46dfb-a565-4938-99d7-9fdd0acf8a7e')
[2026-04-16 02:00:48.833] local.info: [18.011ms] [rows:45] SELECT * FROM "permissions" WHERE id IN ('ab6da9f5-8b11-4644-9aaa-009b3b28a4ec','5daf3519-8949-4d26-b4bc-00c8b03f04fe','91166846-7ec1-42de-b134-ce141c3a9d7d','28c919a4-3744-4931-805a-a219892adbe3','789e0c77-5a0c-4ea7-a2e1-606803a6e2bd','6cd9d7a8-34ac-4740-9bc1-aa386ae6de38','8d2454fc-6567-46f9-8527-5843c7142e3c','cf81b7d4-096a-435a-b515-ad3f779199b8','82188518-37d9-45c0-9bca-b0d202cc9449','c01ff63f-6e93-4a78-8e50-87af96ab4a89','a14b8e8b-3f32-475f-8a47-5d33dab3042e','653cb315-36f1-4697-90e4-329900532da2','217d2f9d-5606-432f-99aa-bd6fb720b45f','328bd207-61d6-40ab-9d1d-bbe31ba63a3e','9b3cb586-a24f-4353-8c5a-6a860eba7357','a9280ee9-eb73-4cfb-8092-80f4c2cc5529','e225de9e-e14e-4219-a638-44d136be5613','46c78359-bdb4-421e-9182-d1d095921f20','b0aabdc2-3a7f-496c-a902-ee468671cf24','f4e500e8-45dd-4eeb-8b47-c97d832f18b2','00f63f53-4009-405a-9736-eff543475f78','31cb98ec-4d68-460a-8a6b-1566b0356cb5','29033b15-df4d-4afe-b261-d9f9d978215b','770de03c-008e-4352-915b-dbad46394b3e','386b4440-e446-4a4c-bbf2-2df0b3d482e7','764434f1-f401-4cec-b0a5-94c50e4c10bb','f8315a47-3595-4af7-afca-831deb36ae44','16b41fad-47bb-456e-818a-0e17a10696d3','7dba2974-eed0-4a24-8090-13ce49e8ae9c','2107c201-e779-4d54-b9d8-e77e63506727','540fda97-9bb5-45a3-8677-e5494a35f98d','8db21bed-0a56-4384-b989-46c85bf60a4a','b64fe46a-25b2-4780-b910-8897bab331d1','04b0026e-ed12-4e5e-85e2-1ed905581184','c4b26668-789f-4117-b9af-34719df71955','06cf74d1-3ae5-4aee-8048-5fab3132f2ba','5ce4a39b-7e40-4486-b5d7-7f910cb36590','b23b7eaa-6c87-413b-b144-42b7afafd4df','f033f831-0ad6-4654-b9cc-9ad6f8c92e8c','af282aaf-606b-4d5f-9ef8-070dc205befb','24c1e762-e92d-485c-ab51-7bd8574e8cb1','2d68eaae-a710-43ae-b278-b376f0865788','21fdd8fe-78d5-4ce1-ae83-7df1ebfc6f56','23922b05-5fbd-49fd-8f6e-3847cabd2503','5c53b1b4-f8e2-4bd1-a376-d983f799cf4b')
[2026-04-16 02:00:48.855] local.info: [21.996ms] [rows:1] SELECT count(*) FROM "notifications" WHERE user_id = '00000000-0000-0000-0000-000000000099' AND is_read = false
[2026-04-16 02:00:56.873] local.info: [40.237ms] [rows:1] SELECT * FROM "users" WHERE id = '00000000-0000-0000-0000-000000000099' ORDER BY "users"."id" LIMIT 1
[2026-04-16 02:00:56.893] local.info: [19.711ms] [rows:1] SELECT * FROM "user_roles" WHERE user_id = '00000000-0000-0000-0000-000000000099'
[2026-04-16 02:00:56.913] local.info: [20.021ms] [rows:1] SELECT * FROM "roles" WHERE id IN ('68c46dfb-a565-4938-99d7-9fdd0acf8a7e')
[2026-04-16 02:00:56.933] local.info: [19.850ms] [rows:45] SELECT * FROM "role_permissions" WHERE role_id IN ('68c46dfb-a565-4938-99d7-9fdd0acf8a7e')
[2026-04-16 02:00:56.953] local.info: [19.958ms] [rows:45] SELECT * FROM "permissions" WHERE id IN ('ab6da9f5-8b11-4644-9aaa-009b3b28a4ec','5daf3519-8949-4d26-b4bc-00c8b03f04fe','91166846-7ec1-42de-b134-ce141c3a9d7d','28c919a4-3744-4931-805a-a219892adbe3','789e0c77-5a0c-4ea7-a2e1-606803a6e2bd','6cd9d7a8-34ac-4740-9bc1-aa386ae6de38','8d2454fc-6567-46f9-8527-5843c7142e3c','cf81b7d4-096a-435a-b515-ad3f779199b8','82188518-37d9-45c0-9bca-b0d202cc9449','c01ff63f-6e93-4a78-8e50-87af96ab4a89','a14b8e8b-3f32-475f-8a47-5d33dab3042e','653cb315-36f1-4697-90e4-329900532da2','217d2f9d-5606-432f-99aa-bd6fb720b45f','328bd207-61d6-40ab-9d1d-bbe31ba63a3e','9b3cb586-a24f-4353-8c5a-6a860eba7357','a9280ee9-eb73-4cfb-8092-80f4c2cc5529','e225de9e-e14e-4219-a638-44d136be5613','46c78359-bdb4-421e-9182-d1d095921f20','b0aabdc2-3a7f-496c-a902-ee468671cf24','f4e500e8-45dd-4eeb-8b47-c97d832f18b2','00f63f53-4009-405a-9736-eff543475f78','31cb98ec-4d68-460a-8a6b-1566b0356cb5','29033b15-df4d-4afe-b261-d9f9d978215b','770de03c-008e-4352-915b-dbad46394b3e','386b4440-e446-4a4c-bbf2-2df0b3d482e7','764434f1-f401-4cec-b0a5-94c50e4c10bb','f8315a47-3595-4af7-afca-831deb36ae44','16b41fad-47bb-456e-818a-0e17a10696d3','7dba2974-eed0-4a24-8090-13ce49e8ae9c','2107c201-e779-4d54-b9d8-e77e63506727','540fda97-9bb5-45a3-8677-e5494a35f98d','8db21bed-0a56-4384-b989-46c85bf60a4a','b64fe46a-25b2-4780-b910-8897bab331d1','04b0026e-ed12-4e5e-85e2-1ed905581184','c4b26668-789f-4117-b9af-34719df71955','06cf74d1-3ae5-4aee-8048-5fab3132f2ba','5ce4a39b-7e40-4486-b5d7-7f910cb36590','b23b7eaa-6c87-413b-b144-42b7afafd4df','f033f831-0ad6-4654-b9cc-9ad6f8c92e8c','af282aaf-606b-4d5f-9ef8-070dc205befb','24c1e762-e92d-485c-ab51-7bd8574e8cb1','2d68eaae-a710-43ae-b278-b376f0865788','21fdd8fe-78d5-4ce1-ae83-7df1ebfc6f56','23922b05-5fbd-49fd-8f6e-3847cabd2503','5c53b1b4-f8e2-4bd1-a376-d983f799cf4b')
[2026-04-16 02:00:56.973] local.info: [19.750ms] [rows:1] SELECT count(*) FROM "notifications" WHERE user_id = '00000000-0000-0000-0000-000000000099' AND is_read = false
[2026-04-16 02:01:18.763] local.info: [42.971ms] [rows:1] SELECT * FROM "users" WHERE id = '00000000-0000-0000-0000-000000000099' ORDER BY "users"."id" LIMIT 1
[2026-04-16 02:01:18.782] local.info: [19.233ms] [rows:1] SELECT * FROM "user_roles" WHERE user_id = '00000000-0000-0000-0000-000000000099'
[2026-04-16 02:01:18.802] local.info: [19.615ms] [rows:1] SELECT * FROM "roles" WHERE id IN ('68c46dfb-a565-4938-99d7-9fdd0acf8a7e')
[2026-04-16 02:01:18.823] local.info: [20.103ms] [rows:45] SELECT * FROM "role_permissions" WHERE role_id IN ('68c46dfb-a565-4938-99d7-9fdd0acf8a7e')
[2026-04-16 02:01:18.843] local.info: [19.676ms] [rows:45] SELECT * FROM "permissions" WHERE id IN ('ab6da9f5-8b11-4644-9aaa-009b3b28a4ec','5daf3519-8949-4d26-b4bc-00c8b03f04fe','91166846-7ec1-42de-b134-ce141c3a9d7d','28c919a4-3744-4931-805a-a219892adbe3','789e0c77-5a0c-4ea7-a2e1-606803a6e2bd','6cd9d7a8-34ac-4740-9bc1-aa386ae6de38','8d2454fc-6567-46f9-8527-5843c7142e3c','cf81b7d4-096a-435a-b515-ad3f779199b8','82188518-37d9-45c0-9bca-b0d202cc9449','c01ff63f-6e93-4a78-8e50-87af96ab4a89','a14b8e8b-3f32-475f-8a47-5d33dab3042e','653cb315-36f1-4697-90e4-329900532da2','217d2f9d-5606-432f-99aa-bd6fb720b45f','328bd207-61d6-40ab-9d1d-bbe31ba63a3e','9b3cb586-a24f-4353-8c5a-6a860eba7357','a9280ee9-eb73-4cfb-8092-80f4c2cc5529','e225de9e-e14e-4219-a638-44d136be5613','46c78359-bdb4-421e-9182-d1d095921f20','b0aabdc2-3a7f-496c-a902-ee468671cf24','f4e500e8-45dd-4eeb-8b47-c97d832f18b2','00f63f53-4009-405a-9736-eff543475f78','31cb98ec-4d68-460a-8a6b-1566b0356cb5','29033b15-df4d-4afe-b261-d9f9d978215b','770de03c-008e-4352-915b-dbad46394b3e','386b4440-e446-4a4c-bbf2-2df0b3d482e7','764434f1-f401-4cec-b0a5-94c50e4c10bb','f8315a47-3595-4af7-afca-831deb36ae44','16b41fad-47bb-456e-818a-0e17a10696d3','7dba2974-eed0-4a24-8090-13ce49e8ae9c','2107c201-e779-4d54-b9d8-e77e63506727','540fda97-9bb5-45a3-8677-e5494a35f98d','8db21bed-0a56-4384-b989-46c85bf60a4a','b64fe46a-25b2-4780-b910-8897bab331d1','04b0026e-ed12-4e5e-85e2-1ed905581184','c4b26668-789f-4117-b9af-34719df71955','06cf74d1-3ae5-4aee-8048-5fab3132f2ba','5ce4a39b-7e40-4486-b5d7-7f910cb36590','b23b7eaa-6c87-413b-b144-42b7afafd4df','f033f831-0ad6-4654-b9cc-9ad6f8c92e8c','af282aaf-606b-4d5f-9ef8-070dc205befb','24c1e762-e92d-485c-ab51-7bd8574e8cb1','2d68eaae-a710-43ae-b278-b376f0865788','21fdd8fe-78d5-4ce1-ae83-7df1ebfc6f56','23922b05-5fbd-49fd-8f6e-3847cabd2503','5c53b1b4-f8e2-4bd1-a376-d983f799cf4b')
[2026-04-16 02:01:18.852] local.info: [9.331ms] [rows:1] SELECT count(*) FROM "notifications" WHERE user_id = '00000000-0000-0000-0000-000000000099' AND is_read = false
[2026-04-16 02:01:48.762] local.info: [45.865ms] [rows:1] SELECT * FROM "users" WHERE id = '00000000-0000-0000-0000-000000000099' ORDER BY "users"."id" LIMIT 1
[2026-04-16 02:01:48.792] local.info: [29.787ms] [rows:1] SELECT * FROM "user_roles" WHERE user_id = '00000000-0000-0000-0000-000000000099'
[2026-04-16 02:01:48.812] local.info: [20.122ms] [rows:1] SELECT * FROM "roles" WHERE id IN ('68c46dfb-a565-4938-99d7-9fdd0acf8a7e')
[2026-04-16 02:01:48.832] local.info: [18.784ms] [rows:45] SELECT * FROM "role_permissions" WHERE role_id IN ('68c46dfb-a565-4938-99d7-9fdd0acf8a7e')
[2026-04-16 02:01:48.853] local.info: [20.278ms] [rows:45] SELECT * FROM "permissions" WHERE id IN ('ab6da9f5-8b11-4644-9aaa-009b3b28a4ec','5daf3519-8949-4d26-b4bc-00c8b03f04fe','91166846-7ec1-42de-b134-ce141c3a9d7d','28c919a4-3744-4931-805a-a219892adbe3','789e0c77-5a0c-4ea7-a2e1-606803a6e2bd','6cd9d7a8-34ac-4740-9bc1-aa386ae6de38','8d2454fc-6567-46f9-8527-5843c7142e3c','cf81b7d4-096a-435a-b515-ad3f779199b8','82188518-37d9-45c0-9bca-b0d202cc9449','c01ff63f-6e93-4a78-8e50-87af96ab4a89','a14b8e8b-3f32-475f-8a47-5d33dab3042e','653cb315-36f1-4697-90e4-329900532da2','217d2f9d-5606-432f-99aa-bd6fb720b45f','328bd207-61d6-40ab-9d1d-bbe31ba63a3e','9b3cb586-a24f-4353-8c5a-6a860eba7357','a9280ee9-eb73-4cfb-8092-80f4c2cc5529','e225de9e-e14e-4219-a638-44d136be5613','46c78359-bdb4-421e-9182-d1d095921f20','b0aabdc2-3a7f-496c-a902-ee468671cf24','f4e500e8-45dd-4eeb-8b47-c97d832f18b2','00f63f53-4009-405a-9736-eff543475f78','31cb98ec-4d68-460a-8a6b-1566b0356cb5','29033b15-df4d-4afe-b261-d9f9d978215b','770de03c-008e-4352-915b-dbad46394b3e','386b4440-e446-4a4c-bbf2-2df0b3d482e7','764434f1-f401-4cec-b0a5-94c50e4c10bb','f8315a47-3595-4af7-afca-831deb36ae44','16b41fad-47bb-456e-818a-0e17a10696d3','7dba2974-eed0-4a24-8090-13ce49e8ae9c','2107c201-e779-4d54-b9d8-e77e63506727','540fda97-9bb5-45a3-8677-e5494a35f98d','8db21bed-0a56-4384-b989-46c85bf60a4a','b64fe46a-25b2-4780-b910-8897bab331d1','04b0026e-ed12-4e5e-85e2-1ed905581184','c4b26668-789f-4117-b9af-34719df71955','06cf74d1-3ae5-4aee-8048-5fab3132f2ba','5ce4a39b-7e40-4486-b5d7-7f910cb36590','b23b7eaa-6c87-413b-b144-42b7afafd4df','f033f831-0ad6-4654-b9cc-9ad6f8c92e8c','af282aaf-606b-4d5f-9ef8-070dc205befb','24c1e762-e92d-485c-ab51-7bd8574e8cb1','2d68eaae-a710-43ae-b278-b376f0865788','21fdd8fe-78d5-4ce1-ae83-7df1ebfc6f56','23922b05-5fbd-49fd-8f6e-3847cabd2503','5c53b1b4-f8e2-4bd1-a376-d983f799cf4b')
[2026-04-16 02:01:48.872] local.info: [19.294ms] [rows:1] SELECT count(*) FROM "notifications" WHERE user_id = '00000000-0000-0000-0000-000000000099' AND is_read = false
[2026-04-16 02:01:56.882] local.info: [47.545ms] [rows:1] SELECT * FROM "users" WHERE id = '00000000-0000-0000-0000-000000000099' ORDER BY "users"."id" LIMIT 1
[2026-04-16 02:01:56.902] local.info: [19.745ms] [rows:1] SELECT * FROM "user_roles" WHERE user_id = '00000000-0000-0000-0000-000000000099'
[2026-04-16 02:01:56.922] local.info: [19.595ms] [rows:1] SELECT * FROM "roles" WHERE id IN ('68c46dfb-a565-4938-99d7-9fdd0acf8a7e')
[2026-04-16 02:01:56.942] local.info: [19.870ms] [rows:45] SELECT * FROM "role_permissions" WHERE role_id IN ('68c46dfb-a565-4938-99d7-9fdd0acf8a7e')
[2026-04-16 02:01:56.972] local.info: [29.346ms] [rows:45] SELECT * FROM "permissions" WHERE id IN ('ab6da9f5-8b11-4644-9aaa-009b3b28a4ec','5daf3519-8949-4d26-b4bc-00c8b03f04fe','91166846-7ec1-42de-b134-ce141c3a9d7d','28c919a4-3744-4931-805a-a219892adbe3','789e0c77-5a0c-4ea7-a2e1-606803a6e2bd','6cd9d7a8-34ac-4740-9bc1-aa386ae6de38','8d2454fc-6567-46f9-8527-5843c7142e3c','cf81b7d4-096a-435a-b515-ad3f779199b8','82188518-37d9-45c0-9bca-b0d202cc9449','c01ff63f-6e93-4a78-8e50-87af96ab4a89','a14b8e8b-3f32-475f-8a47-5d33dab3042e','653cb315-36f1-4697-90e4-329900532da2','217d2f9d-5606-432f-99aa-bd6fb720b45f','328bd207-61d6-40ab-9d1d-bbe31ba63a3e','9b3cb586-a24f-4353-8c5a-6a860eba7357','a9280ee9-eb73-4cfb-8092-80f4c2cc5529','e225de9e-e14e-4219-a638-44d136be5613','46c78359-bdb4-421e-9182-d1d095921f20','b0aabdc2-3a7f-496c-a902-ee468671cf24','f4e500e8-45dd-4eeb-8b47-c97d832f18b2','00f63f53-4009-405a-9736-eff543475f78','31cb98ec-4d68-460a-8a6b-1566b0356cb5','29033b15-df4d-4afe-b261-d9f9d978215b','770de03c-008e-4352-915b-dbad46394b3e','386b4440-e446-4a4c-bbf2-2df0b3d482e7','764434f1-f401-4cec-b0a5-94c50e4c10bb','f8315a47-3595-4af7-afca-831deb36ae44','16b41fad-47bb-456e-818a-0e17a10696d3','7dba2974-eed0-4a24-8090-13ce49e8ae9c','2107c201-e779-4d54-b9d8-e77e63506727','540fda97-9bb5-45a3-8677-e5494a35f98d','8db21bed-0a56-4384-b989-46c85bf60a4a','b64fe46a-25b2-4780-b910-8897bab331d1','04b0026e-ed12-4e5e-85e2-1ed905581184','c4b26668-789f-4117-b9af-34719df71955','06cf74d1-3ae5-4aee-8048-5fab3132f2ba','5ce4a39b-7e40-4486-b5d7-7f910cb36590','b23b7eaa-6c87-413b-b144-42b7afafd4df','f033f831-0ad6-4654-b9cc-9ad6f8c92e8c','af282aaf-606b-4d5f-9ef8-070dc205befb','24c1e762-e92d-485c-ab51-7bd8574e8cb1','2d68eaae-a710-43ae-b278-b376f0865788','21fdd8fe-78d5-4ce1-ae83-7df1ebfc6f56','23922b05-5fbd-49fd-8f6e-3847cabd2503','5c53b1b4-f8e2-4bd1-a376-d983f799cf4b')
[2026-04-16 02:01:56.984] local.info: [11.300ms] [rows:1] SELECT count(*) FROM "notifications" WHERE user_id = '00000000-0000-0000-0000-000000000099' AND is_read = false
[2026-04-16 02:02:18.763] local.info: [47.294ms] [rows:1] SELECT * FROM "users" WHERE id = '00000000-0000-0000-0000-000000000099' ORDER BY "users"."id" LIMIT 1
[2026-04-16 02:02:18.781] local.info: [17.952ms] [rows:1] SELECT * FROM "user_roles" WHERE user_id = '00000000-0000-0000-0000-000000000099'
[2026-04-16 02:02:18.801] local.info: [19.607ms] [rows:1] SELECT * FROM "roles" WHERE id IN ('68c46dfb-a565-4938-99d7-9fdd0acf8a7e')
[2026-04-16 02:02:18.822] local.info: [20.505ms] [rows:45] SELECT * FROM "role_permissions" WHERE role_id IN ('68c46dfb-a565-4938-99d7-9fdd0acf8a7e')
[2026-04-16 02:02:18.841] local.info: [19.526ms] [rows:45] SELECT * FROM "permissions" WHERE id IN ('ab6da9f5-8b11-4644-9aaa-009b3b28a4ec','5daf3519-8949-4d26-b4bc-00c8b03f04fe','91166846-7ec1-42de-b134-ce141c3a9d7d','28c919a4-3744-4931-805a-a219892adbe3','789e0c77-5a0c-4ea7-a2e1-606803a6e2bd','6cd9d7a8-34ac-4740-9bc1-aa386ae6de38','8d2454fc-6567-46f9-8527-5843c7142e3c','cf81b7d4-096a-435a-b515-ad3f779199b8','82188518-37d9-45c0-9bca-b0d202cc9449','c01ff63f-6e93-4a78-8e50-87af96ab4a89','a14b8e8b-3f32-475f-8a47-5d33dab3042e','653cb315-36f1-4697-90e4-329900532da2','217d2f9d-5606-432f-99aa-bd6fb720b45f','328bd207-61d6-40ab-9d1d-bbe31ba63a3e','9b3cb586-a24f-4353-8c5a-6a860eba7357','a9280ee9-eb73-4cfb-8092-80f4c2cc5529','e225de9e-e14e-4219-a638-44d136be5613','46c78359-bdb4-421e-9182-d1d095921f20','b0aabdc2-3a7f-496c-a902-ee468671cf24','f4e500e8-45dd-4eeb-8b47-c97d832f18b2','00f63f53-4009-405a-9736-eff543475f78','31cb98ec-4d68-460a-8a6b-1566b0356cb5','29033b15-df4d-4afe-b261-d9f9d978215b','770de03c-008e-4352-915b-dbad46394b3e','386b4440-e446-4a4c-bbf2-2df0b3d482e7','764434f1-f401-4cec-b0a5-94c50e4c10bb','f8315a47-3595-4af7-afca-831deb36ae44','16b41fad-47bb-456e-818a-0e17a10696d3','7dba2974-eed0-4a24-8090-13ce49e8ae9c','2107c201-e779-4d54-b9d8-e77e63506727','540fda97-9bb5-45a3-8677-e5494a35f98d','8db21bed-0a56-4384-b989-46c85bf60a4a','b64fe46a-25b2-4780-b910-8897bab331d1','04b0026e-ed12-4e5e-85e2-1ed905581184','c4b26668-789f-4117-b9af-34719df71955','06cf74d1-3ae5-4aee-8048-5fab3132f2ba','5ce4a39b-7e40-4486-b5d7-7f910cb36590','b23b7eaa-6c87-413b-b144-42b7afafd4df','f033f831-0ad6-4654-b9cc-9ad6f8c92e8c','af282aaf-606b-4d5f-9ef8-070dc205befb','24c1e762-e92d-485c-ab51-7bd8574e8cb1','2d68eaae-a710-43ae-b278-b376f0865788','21fdd8fe-78d5-4ce1-ae83-7df1ebfc6f56','23922b05-5fbd-49fd-8f6e-3847cabd2503','5c53b1b4-f8e2-4bd1-a376-d983f799cf4b')
[2026-04-16 02:02:18.861] local.info: [19.667ms] [rows:1] SELECT count(*) FROM "notifications" WHERE user_id = '00000000-0000-0000-0000-000000000099' AND is_read = false
[2026-04-16 02:02:48.761] local.info: [41.593ms] [rows:1] SELECT * FROM "users" WHERE id = '00000000-0000-0000-0000-000000000099' ORDER BY "users"."id" LIMIT 1
[2026-04-16 02:02:48.791] local.info: [29.505ms] [rows:1] SELECT * FROM "user_roles" WHERE user_id = '00000000-0000-0000-0000-000000000099'
[2026-04-16 02:02:48.811] local.info: [19.489ms] [rows:1] SELECT * FROM "roles" WHERE id IN ('68c46dfb-a565-4938-99d7-9fdd0acf8a7e')
[2026-04-16 02:02:48.831] local.info: [19.951ms] [rows:45] SELECT * FROM "role_permissions" WHERE role_id IN ('68c46dfb-a565-4938-99d7-9fdd0acf8a7e')
[2026-04-16 02:02:48.851] local.info: [20.021ms] [rows:45] SELECT * FROM "permissions" WHERE id IN ('ab6da9f5-8b11-4644-9aaa-009b3b28a4ec','5daf3519-8949-4d26-b4bc-00c8b03f04fe','91166846-7ec1-42de-b134-ce141c3a9d7d','28c919a4-3744-4931-805a-a219892adbe3','789e0c77-5a0c-4ea7-a2e1-606803a6e2bd','6cd9d7a8-34ac-4740-9bc1-aa386ae6de38','8d2454fc-6567-46f9-8527-5843c7142e3c','cf81b7d4-096a-435a-b515-ad3f779199b8','82188518-37d9-45c0-9bca-b0d202cc9449','c01ff63f-6e93-4a78-8e50-87af96ab4a89','a14b8e8b-3f32-475f-8a47-5d33dab3042e','653cb315-36f1-4697-90e4-329900532da2','217d2f9d-5606-432f-99aa-bd6fb720b45f','328bd207-61d6-40ab-9d1d-bbe31ba63a3e','9b3cb586-a24f-4353-8c5a-6a860eba7357','a9280ee9-eb73-4cfb-8092-80f4c2cc5529','e225de9e-e14e-4219-a638-44d136be5613','46c78359-bdb4-421e-9182-d1d095921f20','b0aabdc2-3a7f-496c-a902-ee468671cf24','f4e500e8-45dd-4eeb-8b47-c97d832f18b2','00f63f53-4009-405a-9736-eff543475f78','31cb98ec-4d68-460a-8a6b-1566b0356cb5','29033b15-df4d-4afe-b261-d9f9d978215b','770de03c-008e-4352-915b-dbad46394b3e','386b4440-e446-4a4c-bbf2-2df0b3d482e7','764434f1-f401-4cec-b0a5-94c50e4c10bb','f8315a47-3595-4af7-afca-831deb36ae44','16b41fad-47bb-456e-818a-0e17a10696d3','7dba2974-eed0-4a24-8090-13ce49e8ae9c','2107c201-e779-4d54-b9d8-e77e63506727','540fda97-9bb5-45a3-8677-e5494a35f98d','8db21bed-0a56-4384-b989-46c85bf60a4a','b64fe46a-25b2-4780-b910-8897bab331d1','04b0026e-ed12-4e5e-85e2-1ed905581184','c4b26668-789f-4117-b9af-34719df71955','06cf74d1-3ae5-4aee-8048-5fab3132f2ba','5ce4a39b-7e40-4486-b5d7-7f910cb36590','b23b7eaa-6c87-413b-b144-42b7afafd4df','f033f831-0ad6-4654-b9cc-9ad6f8c92e8c','af282aaf-606b-4d5f-9ef8-070dc205befb','24c1e762-e92d-485c-ab51-7bd8574e8cb1','2d68eaae-a710-43ae-b278-b376f0865788','21fdd8fe-78d5-4ce1-ae83-7df1ebfc6f56','23922b05-5fbd-49fd-8f6e-3847cabd2503','5c53b1b4-f8e2-4bd1-a376-d983f799cf4b')
[2026-04-16 02:02:48.871] local.info: [19.590ms] [rows:1] SELECT count(*) FROM "notifications" WHERE user_id = '00000000-0000-0000-0000-000000000099' AND is_read = false
[2026-04-16 02:02:56.891] local.info: [52.570ms] [rows:1] SELECT * FROM "users" WHERE id = '00000000-0000-0000-0000-000000000099' ORDER BY "users"."id" LIMIT 1
[2026-04-16 02:02:56.911] local.info: [19.631ms] [rows:1] SELECT * FROM "user_roles" WHERE user_id = '00000000-0000-0000-0000-000000000099'
[2026-04-16 02:02:56.931] local.info: [19.483ms] [rows:1] SELECT * FROM "roles" WHERE id IN ('68c46dfb-a565-4938-99d7-9fdd0acf8a7e')
[2026-04-16 02:02:56.951] local.info: [19.822ms] [rows:45] SELECT * FROM "role_permissions" WHERE role_id IN ('68c46dfb-a565-4938-99d7-9fdd0acf8a7e')
[2026-04-16 02:02:56.971] local.info: [19.990ms] [rows:45] SELECT * FROM "permissions" WHERE id IN ('ab6da9f5-8b11-4644-9aaa-009b3b28a4ec','5daf3519-8949-4d26-b4bc-00c8b03f04fe','91166846-7ec1-42de-b134-ce141c3a9d7d','28c919a4-3744-4931-805a-a219892adbe3','789e0c77-5a0c-4ea7-a2e1-606803a6e2bd','6cd9d7a8-34ac-4740-9bc1-aa386ae6de38','8d2454fc-6567-46f9-8527-5843c7142e3c','cf81b7d4-096a-435a-b515-ad3f779199b8','82188518-37d9-45c0-9bca-b0d202cc9449','c01ff63f-6e93-4a78-8e50-87af96ab4a89','a14b8e8b-3f32-475f-8a47-5d33dab3042e','653cb315-36f1-4697-90e4-329900532da2','217d2f9d-5606-432f-99aa-bd6fb720b45f','328bd207-61d6-40ab-9d1d-bbe31ba63a3e','9b3cb586-a24f-4353-8c5a-6a860eba7357','a9280ee9-eb73-4cfb-8092-80f4c2cc5529','e225de9e-e14e-4219-a638-44d136be5613','46c78359-bdb4-421e-9182-d1d095921f20','b0aabdc2-3a7f-496c-a902-ee468671cf24','f4e500e8-45dd-4eeb-8b47-c97d832f18b2','00f63f53-4009-405a-9736-eff543475f78','31cb98ec-4d68-460a-8a6b-1566b0356cb5','29033b15-df4d-4afe-b261-d9f9d978215b','770de03c-008e-4352-915b-dbad46394b3e','386b4440-e446-4a4c-bbf2-2df0b3d482e7','764434f1-f401-4cec-b0a5-94c50e4c10bb','f8315a47-3595-4af7-afca-831deb36ae44','16b41fad-47bb-456e-818a-0e17a10696d3','7dba2974-eed0-4a24-8090-13ce49e8ae9c','2107c201-e779-4d54-b9d8-e77e63506727','540fda97-9bb5-45a3-8677-e5494a35f98d','8db21bed-0a56-4384-b989-46c85bf60a4a','b64fe46a-25b2-4780-b910-8897bab331d1','04b0026e-ed12-4e5e-85e2-1ed905581184','c4b26668-789f-4117-b9af-34719df71955','06cf74d1-3ae5-4aee-8048-5fab3132f2ba','5ce4a39b-7e40-4486-b5d7-7f910cb36590','b23b7eaa-6c87-413b-b144-42b7afafd4df','f033f831-0ad6-4654-b9cc-9ad6f8c92e8c','af282aaf-606b-4d5f-9ef8-070dc205befb','24c1e762-e92d-485c-ab51-7bd8574e8cb1','2d68eaae-a710-43ae-b278-b376f0865788','21fdd8fe-78d5-4ce1-ae83-7df1ebfc6f56','23922b05-5fbd-49fd-8f6e-3847cabd2503','5c53b1b4-f8e2-4bd1-a376-d983f799cf4b')
[2026-04-16 02:02:56.991] local.info: [19.115ms] [rows:1] SELECT count(*) FROM "notifications" WHERE user_id = '00000000-0000-0000-0000-000000000099' AND is_read = false
[2026-04-16 02:03:18.762] local.info: [41.456ms] [rows:1] SELECT * FROM "users" WHERE id = '00000000-0000-0000-0000-000000000099' ORDER BY "users"."id" LIMIT 1
[2026-04-16 02:03:18.781] local.info: [17.387ms] [rows:1] SELECT * FROM "user_roles" WHERE user_id = '00000000-0000-0000-0000-000000000099'
[2026-04-16 02:03:18.801] local.info: [19.791ms] [rows:1] SELECT * FROM "roles" WHERE id IN ('68c46dfb-a565-4938-99d7-9fdd0acf8a7e')
[2026-04-16 02:03:18.822] local.info: [20.677ms] [rows:45] SELECT * FROM "role_permissions" WHERE role_id IN ('68c46dfb-a565-4938-99d7-9fdd0acf8a7e')
[2026-04-16 02:03:18.841] local.info: [19.098ms] [rows:45] SELECT * FROM "permissions" WHERE id IN ('ab6da9f5-8b11-4644-9aaa-009b3b28a4ec','5daf3519-8949-4d26-b4bc-00c8b03f04fe','91166846-7ec1-42de-b134-ce141c3a9d7d','28c919a4-3744-4931-805a-a219892adbe3','789e0c77-5a0c-4ea7-a2e1-606803a6e2bd','6cd9d7a8-34ac-4740-9bc1-aa386ae6de38','8d2454fc-6567-46f9-8527-5843c7142e3c','cf81b7d4-096a-435a-b515-ad3f779199b8','82188518-37d9-45c0-9bca-b0d202cc9449','c01ff63f-6e93-4a78-8e50-87af96ab4a89','a14b8e8b-3f32-475f-8a47-5d33dab3042e','653cb315-36f1-4697-90e4-329900532da2','217d2f9d-5606-432f-99aa-bd6fb720b45f','328bd207-61d6-40ab-9d1d-bbe31ba63a3e','9b3cb586-a24f-4353-8c5a-6a860eba7357','a9280ee9-eb73-4cfb-8092-80f4c2cc5529','e225de9e-e14e-4219-a638-44d136be5613','46c78359-bdb4-421e-9182-d1d095921f20','b0aabdc2-3a7f-496c-a902-ee468671cf24','f4e500e8-45dd-4eeb-8b47-c97d832f18b2','00f63f53-4009-405a-9736-eff543475f78','31cb98ec-4d68-460a-8a6b-1566b0356cb5','29033b15-df4d-4afe-b261-d9f9d978215b','770de03c-008e-4352-915b-dbad46394b3e','386b4440-e446-4a4c-bbf2-2df0b3d482e7','764434f1-f401-4cec-b0a5-94c50e4c10bb','f8315a47-3595-4af7-afca-831deb36ae44','16b41fad-47bb-456e-818a-0e17a10696d3','7dba2974-eed0-4a24-8090-13ce49e8ae9c','2107c201-e779-4d54-b9d8-e77e63506727','540fda97-9bb5-45a3-8677-e5494a35f98d','8db21bed-0a56-4384-b989-46c85bf60a4a','b64fe46a-25b2-4780-b910-8897bab331d1','04b0026e-ed12-4e5e-85e2-1ed905581184','c4b26668-789f-4117-b9af-34719df71955','06cf74d1-3ae5-4aee-8048-5fab3132f2ba','5ce4a39b-7e40-4486-b5d7-7f910cb36590','b23b7eaa-6c87-413b-b144-42b7afafd4df','f033f831-0ad6-4654-b9cc-9ad6f8c92e8c','af282aaf-606b-4d5f-9ef8-070dc205befb','24c1e762-e92d-485c-ab51-7bd8574e8cb1','2d68eaae-a710-43ae-b278-b376f0865788','21fdd8fe-78d5-4ce1-ae83-7df1ebfc6f56','23922b05-5fbd-49fd-8f6e-3847cabd2503','5c53b1b4-f8e2-4bd1-a376-d983f799cf4b')
[2026-04-16 02:03:18.861] local.info: [19.001ms] [rows:1] SELECT count(*) FROM "notifications" WHERE user_id = '00000000-0000-0000-0000-000000000099' AND is_read = false
[2026-04-16 02:03:48.761] local.info: [40.180ms] [rows:1] SELECT * FROM "users" WHERE id = '00000000-0000-0000-0000-000000000099' ORDER BY "users"."id" LIMIT 1
[2026-04-16 02:03:48.78] local.info: [19.210ms] [rows:1] SELECT * FROM "user_roles" WHERE user_id = '00000000-0000-0000-0000-000000000099'
[2026-04-16 02:03:48.8] local.info: [19.666ms] [rows:1] SELECT * FROM "roles" WHERE id IN ('68c46dfb-a565-4938-99d7-9fdd0acf8a7e')
[2026-04-16 02:03:48.821] local.info: [20.095ms] [rows:45] SELECT * FROM "role_permissions" WHERE role_id IN ('68c46dfb-a565-4938-99d7-9fdd0acf8a7e')
[2026-04-16 02:03:48.841] local.info: [19.381ms] [rows:45] SELECT * FROM "permissions" WHERE id IN ('ab6da9f5-8b11-4644-9aaa-009b3b28a4ec','5daf3519-8949-4d26-b4bc-00c8b03f04fe','91166846-7ec1-42de-b134-ce141c3a9d7d','28c919a4-3744-4931-805a-a219892adbe3','789e0c77-5a0c-4ea7-a2e1-606803a6e2bd','6cd9d7a8-34ac-4740-9bc1-aa386ae6de38','8d2454fc-6567-46f9-8527-5843c7142e3c','cf81b7d4-096a-435a-b515-ad3f779199b8','82188518-37d9-45c0-9bca-b0d202cc9449','c01ff63f-6e93-4a78-8e50-87af96ab4a89','a14b8e8b-3f32-475f-8a47-5d33dab3042e','653cb315-36f1-4697-90e4-329900532da2','217d2f9d-5606-432f-99aa-bd6fb720b45f','328bd207-61d6-40ab-9d1d-bbe31ba63a3e','9b3cb586-a24f-4353-8c5a-6a860eba7357','a9280ee9-eb73-4cfb-8092-80f4c2cc5529','e225de9e-e14e-4219-a638-44d136be5613','46c78359-bdb4-421e-9182-d1d095921f20','b0aabdc2-3a7f-496c-a902-ee468671cf24','f4e500e8-45dd-4eeb-8b47-c97d832f18b2','00f63f53-4009-405a-9736-eff543475f78','31cb98ec-4d68-460a-8a6b-1566b0356cb5','29033b15-df4d-4afe-b261-d9f9d978215b','770de03c-008e-4352-915b-dbad46394b3e','386b4440-e446-4a4c-bbf2-2df0b3d482e7','764434f1-f401-4cec-b0a5-94c50e4c10bb','f8315a47-3595-4af7-afca-831deb36ae44','16b41fad-47bb-456e-818a-0e17a10696d3','7dba2974-eed0-4a24-8090-13ce49e8ae9c','2107c201-e779-4d54-b9d8-e77e63506727','540fda97-9bb5-45a3-8677-e5494a35f98d','8db21bed-0a56-4384-b989-46c85bf60a4a','b64fe46a-25b2-4780-b910-8897bab331d1','04b0026e-ed12-4e5e-85e2-1ed905581184','c4b26668-789f-4117-b9af-34719df71955','06cf74d1-3ae5-4aee-8048-5fab3132f2ba','5ce4a39b-7e40-4486-b5d7-7f910cb36590','b23b7eaa-6c87-413b-b144-42b7afafd4df','f033f831-0ad6-4654-b9cc-9ad6f8c92e8c','af282aaf-606b-4d5f-9ef8-070dc205befb','24c1e762-e92d-485c-ab51-7bd8574e8cb1','2d68eaae-a710-43ae-b278-b376f0865788','21fdd8fe-78d5-4ce1-ae83-7df1ebfc6f56','23922b05-5fbd-49fd-8f6e-3847cabd2503','5c53b1b4-f8e2-4bd1-a376-d983f799cf4b')
[2026-04-16 02:03:48.86] local.info: [19.303ms] [rows:1] SELECT count(*) FROM "notifications" WHERE user_id = '00000000-0000-0000-0000-000000000099' AND is_read = false
[2026-04-16 02:03:56.88] local.info: [44.946ms] [rows:1] SELECT * FROM "users" WHERE id = '00000000-0000-0000-0000-000000000099' ORDER BY "users"."id" LIMIT 1
[2026-04-16 02:03:56.895] local.info: [14.570ms] [rows:1] SELECT * FROM "user_roles" WHERE user_id = '00000000-0000-0000-0000-000000000099'
[2026-04-16 02:03:56.921] local.info: [24.194ms] [rows:1] SELECT * FROM "roles" WHERE id IN ('68c46dfb-a565-4938-99d7-9fdd0acf8a7e')
[2026-04-16 02:03:56.94] local.info: [18.823ms] [rows:45] SELECT * FROM "role_permissions" WHERE role_id IN ('68c46dfb-a565-4938-99d7-9fdd0acf8a7e')
[2026-04-16 02:03:56.972] local.info: [31.728ms] [rows:45] SELECT * FROM "permissions" WHERE id IN ('ab6da9f5-8b11-4644-9aaa-009b3b28a4ec','5daf3519-8949-4d26-b4bc-00c8b03f04fe','91166846-7ec1-42de-b134-ce141c3a9d7d','28c919a4-3744-4931-805a-a219892adbe3','789e0c77-5a0c-4ea7-a2e1-606803a6e2bd','6cd9d7a8-34ac-4740-9bc1-aa386ae6de38','8d2454fc-6567-46f9-8527-5843c7142e3c','cf81b7d4-096a-435a-b515-ad3f779199b8','82188518-37d9-45c0-9bca-b0d202cc9449','c01ff63f-6e93-4a78-8e50-87af96ab4a89','a14b8e8b-3f32-475f-8a47-5d33dab3042e','653cb315-36f1-4697-90e4-329900532da2','217d2f9d-5606-432f-99aa-bd6fb720b45f','328bd207-61d6-40ab-9d1d-bbe31ba63a3e','9b3cb586-a24f-4353-8c5a-6a860eba7357','a9280ee9-eb73-4cfb-8092-80f4c2cc5529','e225de9e-e14e-4219-a638-44d136be5613','46c78359-bdb4-421e-9182-d1d095921f20','b0aabdc2-3a7f-496c-a902-ee468671cf24','f4e500e8-45dd-4eeb-8b47-c97d832f18b2','00f63f53-4009-405a-9736-eff543475f78','31cb98ec-4d68-460a-8a6b-1566b0356cb5','29033b15-df4d-4afe-b261-d9f9d978215b','770de03c-008e-4352-915b-dbad46394b3e','386b4440-e446-4a4c-bbf2-2df0b3d482e7','764434f1-f401-4cec-b0a5-94c50e4c10bb','f8315a47-3595-4af7-afca-831deb36ae44','16b41fad-47bb-456e-818a-0e17a10696d3','7dba2974-eed0-4a24-8090-13ce49e8ae9c','2107c201-e779-4d54-b9d8-e77e63506727','540fda97-9bb5-45a3-8677-e5494a35f98d','8db21bed-0a56-4384-b989-46c85bf60a4a','b64fe46a-25b2-4780-b910-8897bab331d1','04b0026e-ed12-4e5e-85e2-1ed905581184','c4b26668-789f-4117-b9af-34719df71955','06cf74d1-3ae5-4aee-8048-5fab3132f2ba','5ce4a39b-7e40-4486-b5d7-7f910cb36590','b23b7eaa-6c87-413b-b144-42b7afafd4df','f033f831-0ad6-4654-b9cc-9ad6f8c92e8c','af282aaf-606b-4d5f-9ef8-070dc205befb','24c1e762-e92d-485c-ab51-7bd8574e8cb1','2d68eaae-a710-43ae-b278-b376f0865788','21fdd8fe-78d5-4ce1-ae83-7df1ebfc6f56','23922b05-5fbd-49fd-8f6e-3847cabd2503','5c53b1b4-f8e2-4bd1-a376-d983f799cf4b')
[2026-04-16 02:03:56.99] local.info: [18.111ms] [rows:1] SELECT count(*) FROM "notifications" WHERE user_id = '00000000-0000-0000-0000-000000000099' AND is_read = false
[2026-04-16 02:04:18.78] local.info: [62.602ms] [rows:1] SELECT * FROM "users" WHERE id = '00000000-0000-0000-0000-000000000099' ORDER BY "users"."id" LIMIT 1
[2026-04-16 02:04:18.8] local.info: [20.179ms] [rows:1] SELECT * FROM "user_roles" WHERE user_id = '00000000-0000-0000-0000-000000000099'
[2026-04-16 02:04:18.821] local.info: [20.604ms] [rows:1] SELECT * FROM "roles" WHERE id IN ('68c46dfb-a565-4938-99d7-9fdd0acf8a7e')
[2026-04-16 02:04:18.841] local.info: [19.926ms] [rows:45] SELECT * FROM "role_permissions" WHERE role_id IN ('68c46dfb-a565-4938-99d7-9fdd0acf8a7e')
[2026-04-16 02:04:18.86] local.info: [18.751ms] [rows:45] SELECT * FROM "permissions" WHERE id IN ('ab6da9f5-8b11-4644-9aaa-009b3b28a4ec','5daf3519-8949-4d26-b4bc-00c8b03f04fe','91166846-7ec1-42de-b134-ce141c3a9d7d','28c919a4-3744-4931-805a-a219892adbe3','789e0c77-5a0c-4ea7-a2e1-606803a6e2bd','6cd9d7a8-34ac-4740-9bc1-aa386ae6de38','8d2454fc-6567-46f9-8527-5843c7142e3c','cf81b7d4-096a-435a-b515-ad3f779199b8','82188518-37d9-45c0-9bca-b0d202cc9449','c01ff63f-6e93-4a78-8e50-87af96ab4a89','a14b8e8b-3f32-475f-8a47-5d33dab3042e','653cb315-36f1-4697-90e4-329900532da2','217d2f9d-5606-432f-99aa-bd6fb720b45f','328bd207-61d6-40ab-9d1d-bbe31ba63a3e','9b3cb586-a24f-4353-8c5a-6a860eba7357','a9280ee9-eb73-4cfb-8092-80f4c2cc5529','e225de9e-e14e-4219-a638-44d136be5613','46c78359-bdb4-421e-9182-d1d095921f20','b0aabdc2-3a7f-496c-a902-ee468671cf24','f4e500e8-45dd-4eeb-8b47-c97d832f18b2','00f63f53-4009-405a-9736-eff543475f78','31cb98ec-4d68-460a-8a6b-1566b0356cb5','29033b15-df4d-4afe-b261-d9f9d978215b','770de03c-008e-4352-915b-dbad46394b3e','386b4440-e446-4a4c-bbf2-2df0b3d482e7','764434f1-f401-4cec-b0a5-94c50e4c10bb','f8315a47-3595-4af7-afca-831deb36ae44','16b41fad-47bb-456e-818a-0e17a10696d3','7dba2974-eed0-4a24-8090-13ce49e8ae9c','2107c201-e779-4d54-b9d8-e77e63506727','540fda97-9bb5-45a3-8677-e5494a35f98d','8db21bed-0a56-4384-b989-46c85bf60a4a','b64fe46a-25b2-4780-b910-8897bab331d1','04b0026e-ed12-4e5e-85e2-1ed905581184','c4b26668-789f-4117-b9af-34719df71955','06cf74d1-3ae5-4aee-8048-5fab3132f2ba','5ce4a39b-7e40-4486-b5d7-7f910cb36590','b23b7eaa-6c87-413b-b144-42b7afafd4df','f033f831-0ad6-4654-b9cc-9ad6f8c92e8c','af282aaf-606b-4d5f-9ef8-070dc205befb','24c1e762-e92d-485c-ab51-7bd8574e8cb1','2d68eaae-a710-43ae-b278-b376f0865788','21fdd8fe-78d5-4ce1-ae83-7df1ebfc6f56','23922b05-5fbd-49fd-8f6e-3847cabd2503','5c53b1b4-f8e2-4bd1-a376-d983f799cf4b')
[2026-04-16 02:04:18.88] local.info: [19.495ms] [rows:1] SELECT count(*) FROM "notifications" WHERE user_id = '00000000-0000-0000-0000-000000000099' AND is_read = false
[2026-04-16 02:04:48.76] local.info: [43.212ms] [rows:1] SELECT * FROM "users" WHERE id = '00000000-0000-0000-0000-000000000099' ORDER BY "users"."id" LIMIT 1
[2026-04-16 02:04:48.781] local.info: [20.855ms] [rows:1] SELECT * FROM "user_roles" WHERE user_id = '00000000-0000-0000-0000-000000000099'
[2026-04-16 02:04:48.799] local.info: [18.320ms] [rows:1] SELECT * FROM "roles" WHERE id IN ('68c46dfb-a565-4938-99d7-9fdd0acf8a7e')
[2026-04-16 02:04:48.819] local.info: [20.259ms] [rows:45] SELECT * FROM "role_permissions" WHERE role_id IN ('68c46dfb-a565-4938-99d7-9fdd0acf8a7e')
[2026-04-16 02:04:48.839] local.info: [19.641ms] [rows:45] SELECT * FROM "permissions" WHERE id IN ('ab6da9f5-8b11-4644-9aaa-009b3b28a4ec','5daf3519-8949-4d26-b4bc-00c8b03f04fe','91166846-7ec1-42de-b134-ce141c3a9d7d','28c919a4-3744-4931-805a-a219892adbe3','789e0c77-5a0c-4ea7-a2e1-606803a6e2bd','6cd9d7a8-34ac-4740-9bc1-aa386ae6de38','8d2454fc-6567-46f9-8527-5843c7142e3c','cf81b7d4-096a-435a-b515-ad3f779199b8','82188518-37d9-45c0-9bca-b0d202cc9449','c01ff63f-6e93-4a78-8e50-87af96ab4a89','a14b8e8b-3f32-475f-8a47-5d33dab3042e','653cb315-36f1-4697-90e4-329900532da2','217d2f9d-5606-432f-99aa-bd6fb720b45f','328bd207-61d6-40ab-9d1d-bbe31ba63a3e','9b3cb586-a24f-4353-8c5a-6a860eba7357','a9280ee9-eb73-4cfb-8092-80f4c2cc5529','e225de9e-e14e-4219-a638-44d136be5613','46c78359-bdb4-421e-9182-d1d095921f20','b0aabdc2-3a7f-496c-a902-ee468671cf24','f4e500e8-45dd-4eeb-8b47-c97d832f18b2','00f63f53-4009-405a-9736-eff543475f78','31cb98ec-4d68-460a-8a6b-1566b0356cb5','29033b15-df4d-4afe-b261-d9f9d978215b','770de03c-008e-4352-915b-dbad46394b3e','386b4440-e446-4a4c-bbf2-2df0b3d482e7','764434f1-f401-4cec-b0a5-94c50e4c10bb','f8315a47-3595-4af7-afca-831deb36ae44','16b41fad-47bb-456e-818a-0e17a10696d3','7dba2974-eed0-4a24-8090-13ce49e8ae9c','2107c201-e779-4d54-b9d8-e77e63506727','540fda97-9bb5-45a3-8677-e5494a35f98d','8db21bed-0a56-4384-b989-46c85bf60a4a','b64fe46a-25b2-4780-b910-8897bab331d1','04b0026e-ed12-4e5e-85e2-1ed905581184','c4b26668-789f-4117-b9af-34719df71955','06cf74d1-3ae5-4aee-8048-5fab3132f2ba','5ce4a39b-7e40-4486-b5d7-7f910cb36590','b23b7eaa-6c87-413b-b144-42b7afafd4df','f033f831-0ad6-4654-b9cc-9ad6f8c92e8c','af282aaf-606b-4d5f-9ef8-070dc205befb','24c1e762-e92d-485c-ab51-7bd8574e8cb1','2d68eaae-a710-43ae-b278-b376f0865788','21fdd8fe-78d5-4ce1-ae83-7df1ebfc6f56','23922b05-5fbd-49fd-8f6e-3847cabd2503','5c53b1b4-f8e2-4bd1-a376-d983f799cf4b')
[2026-04-16 02:04:48.859] local.info: [19.769ms] [rows:1] SELECT count(*) FROM "notifications" WHERE user_id = '00000000-0000-0000-0000-000000000099' AND is_read = false
[2026-04-16 02:04:56.889] local.info: [50.988ms] [rows:1] SELECT * FROM "users" WHERE id = '00000000-0000-0000-0000-000000000099' ORDER BY "users"."id" LIMIT 1
[2026-04-16 02:04:56.909] local.info: [19.471ms] [rows:1] SELECT * FROM "user_roles" WHERE user_id = '00000000-0000-0000-0000-000000000099'
[2026-04-16 02:04:56.929] local.info: [20.306ms] [rows:1] SELECT * FROM "roles" WHERE id IN ('68c46dfb-a565-4938-99d7-9fdd0acf8a7e')
[2026-04-16 02:04:56.949] local.info: [19.078ms] [rows:45] SELECT * FROM "role_permissions" WHERE role_id IN ('68c46dfb-a565-4938-99d7-9fdd0acf8a7e')
[2026-04-16 02:04:56.969] local.info: [20.045ms] [rows:45] SELECT * FROM "permissions" WHERE id IN ('ab6da9f5-8b11-4644-9aaa-009b3b28a4ec','5daf3519-8949-4d26-b4bc-00c8b03f04fe','91166846-7ec1-42de-b134-ce141c3a9d7d','28c919a4-3744-4931-805a-a219892adbe3','789e0c77-5a0c-4ea7-a2e1-606803a6e2bd','6cd9d7a8-34ac-4740-9bc1-aa386ae6de38','8d2454fc-6567-46f9-8527-5843c7142e3c','cf81b7d4-096a-435a-b515-ad3f779199b8','82188518-37d9-45c0-9bca-b0d202cc9449','c01ff63f-6e93-4a78-8e50-87af96ab4a89','a14b8e8b-3f32-475f-8a47-5d33dab3042e','653cb315-36f1-4697-90e4-329900532da2','217d2f9d-5606-432f-99aa-bd6fb720b45f','328bd207-61d6-40ab-9d1d-bbe31ba63a3e','9b3cb586-a24f-4353-8c5a-6a860eba7357','a9280ee9-eb73-4cfb-8092-80f4c2cc5529','e225de9e-e14e-4219-a638-44d136be5613','46c78359-bdb4-421e-9182-d1d095921f20','b0aabdc2-3a7f-496c-a902-ee468671cf24','f4e500e8-45dd-4eeb-8b47-c97d832f18b2','00f63f53-4009-405a-9736-eff543475f78','31cb98ec-4d68-460a-8a6b-1566b0356cb5','29033b15-df4d-4afe-b261-d9f9d978215b','770de03c-008e-4352-915b-dbad46394b3e','386b4440-e446-4a4c-bbf2-2df0b3d482e7','764434f1-f401-4cec-b0a5-94c50e4c10bb','f8315a47-3595-4af7-afca-831deb36ae44','16b41fad-47bb-456e-818a-0e17a10696d3','7dba2974-eed0-4a24-8090-13ce49e8ae9c','2107c201-e779-4d54-b9d8-e77e63506727','540fda97-9bb5-45a3-8677-e5494a35f98d','8db21bed-0a56-4384-b989-46c85bf60a4a','b64fe46a-25b2-4780-b910-8897bab331d1','04b0026e-ed12-4e5e-85e2-1ed905581184','c4b26668-789f-4117-b9af-34719df71955','06cf74d1-3ae5-4aee-8048-5fab3132f2ba','5ce4a39b-7e40-4486-b5d7-7f910cb36590','b23b7eaa-6c87-413b-b144-42b7afafd4df','f033f831-0ad6-4654-b9cc-9ad6f8c92e8c','af282aaf-606b-4d5f-9ef8-070dc205befb','24c1e762-e92d-485c-ab51-7bd8574e8cb1','2d68eaae-a710-43ae-b278-b376f0865788','21fdd8fe-78d5-4ce1-ae83-7df1ebfc6f56','23922b05-5fbd-49fd-8f6e-3847cabd2503','5c53b1b4-f8e2-4bd1-a376-d983f799cf4b')
[2026-04-16 02:04:56.989] local.info: [19.525ms] [rows:1] SELECT count(*) FROM "notifications" WHERE user_id = '00000000-0000-0000-0000-000000000099' AND is_read = false
[2026-04-16 02:05:18.769] local.info: [53.899ms] [rows:1] SELECT * FROM "users" WHERE id = '00000000-0000-0000-0000-000000000099' ORDER BY "users"."id" LIMIT 1
[2026-04-16 02:05:18.78] local.info: [11.271ms] [rows:1] SELECT * FROM "user_roles" WHERE user_id = '00000000-0000-0000-0000-000000000099'
[2026-04-16 02:05:18.8] local.info: [19.553ms] [rows:1] SELECT * FROM "roles" WHERE id IN ('68c46dfb-a565-4938-99d7-9fdd0acf8a7e')
[2026-04-16 02:05:18.816] local.info: [15.815ms] [rows:45] SELECT * FROM "role_permissions" WHERE role_id IN ('68c46dfb-a565-4938-99d7-9fdd0acf8a7e')
[2026-04-16 02:05:18.83] local.info: [14.530ms] [rows:45] SELECT * FROM "permissions" WHERE id IN ('ab6da9f5-8b11-4644-9aaa-009b3b28a4ec','5daf3519-8949-4d26-b4bc-00c8b03f04fe','91166846-7ec1-42de-b134-ce141c3a9d7d','28c919a4-3744-4931-805a-a219892adbe3','789e0c77-5a0c-4ea7-a2e1-606803a6e2bd','6cd9d7a8-34ac-4740-9bc1-aa386ae6de38','8d2454fc-6567-46f9-8527-5843c7142e3c','cf81b7d4-096a-435a-b515-ad3f779199b8','82188518-37d9-45c0-9bca-b0d202cc9449','c01ff63f-6e93-4a78-8e50-87af96ab4a89','a14b8e8b-3f32-475f-8a47-5d33dab3042e','653cb315-36f1-4697-90e4-329900532da2','217d2f9d-5606-432f-99aa-bd6fb720b45f','328bd207-61d6-40ab-9d1d-bbe31ba63a3e','9b3cb586-a24f-4353-8c5a-6a860eba7357','a9280ee9-eb73-4cfb-8092-80f4c2cc5529','e225de9e-e14e-4219-a638-44d136be5613','46c78359-bdb4-421e-9182-d1d095921f20','b0aabdc2-3a7f-496c-a902-ee468671cf24','f4e500e8-45dd-4eeb-8b47-c97d832f18b2','00f63f53-4009-405a-9736-eff543475f78','31cb98ec-4d68-460a-8a6b-1566b0356cb5','29033b15-df4d-4afe-b261-d9f9d978215b','770de03c-008e-4352-915b-dbad46394b3e','386b4440-e446-4a4c-bbf2-2df0b3d482e7','764434f1-f401-4cec-b0a5-94c50e4c10bb','f8315a47-3595-4af7-afca-831deb36ae44','16b41fad-47bb-456e-818a-0e17a10696d3','7dba2974-eed0-4a24-8090-13ce49e8ae9c','2107c201-e779-4d54-b9d8-e77e63506727','540fda97-9bb5-45a3-8677-e5494a35f98d','8db21bed-0a56-4384-b989-46c85bf60a4a','b64fe46a-25b2-4780-b910-8897bab331d1','04b0026e-ed12-4e5e-85e2-1ed905581184','c4b26668-789f-4117-b9af-34719df71955','06cf74d1-3ae5-4aee-8048-5fab3132f2ba','5ce4a39b-7e40-4486-b5d7-7f910cb36590','b23b7eaa-6c87-413b-b144-42b7afafd4df','f033f831-0ad6-4654-b9cc-9ad6f8c92e8c','af282aaf-606b-4d5f-9ef8-070dc205befb','24c1e762-e92d-485c-ab51-7bd8574e8cb1','2d68eaae-a710-43ae-b278-b376f0865788','21fdd8fe-78d5-4ce1-ae83-7df1ebfc6f56','23922b05-5fbd-49fd-8f6e-3847cabd2503','5c53b1b4-f8e2-4bd1-a376-d983f799cf4b')
[2026-04-16 02:05:18.849] local.info: [18.176ms] [rows:1] SELECT count(*) FROM "notifications" WHERE user_id = '00000000-0000-0000-0000-000000000099' AND is_read = false
[2026-04-16 02:05:48.758] local.info: [40.205ms] [rows:1] SELECT * FROM "users" WHERE id = '00000000-0000-0000-0000-000000000099' ORDER BY "users"."id" LIMIT 1
[2026-04-16 02:05:48.778] local.info: [19.206ms] [rows:1] SELECT * FROM "user_roles" WHERE user_id = '00000000-0000-0000-0000-000000000099'
[2026-04-16 02:05:48.798] local.info: [19.969ms] [rows:1] SELECT * FROM "roles" WHERE id IN ('68c46dfb-a565-4938-99d7-9fdd0acf8a7e')
[2026-04-16 02:05:48.819] local.info: [20.465ms] [rows:45] SELECT * FROM "role_permissions" WHERE role_id IN ('68c46dfb-a565-4938-99d7-9fdd0acf8a7e')
[2026-04-16 02:05:48.838] local.info: [19.690ms] [rows:45] SELECT * FROM "permissions" WHERE id IN ('ab6da9f5-8b11-4644-9aaa-009b3b28a4ec','5daf3519-8949-4d26-b4bc-00c8b03f04fe','91166846-7ec1-42de-b134-ce141c3a9d7d','28c919a4-3744-4931-805a-a219892adbe3','789e0c77-5a0c-4ea7-a2e1-606803a6e2bd','6cd9d7a8-34ac-4740-9bc1-aa386ae6de38','8d2454fc-6567-46f9-8527-5843c7142e3c','cf81b7d4-096a-435a-b515-ad3f779199b8','82188518-37d9-45c0-9bca-b0d202cc9449','c01ff63f-6e93-4a78-8e50-87af96ab4a89','a14b8e8b-3f32-475f-8a47-5d33dab3042e','653cb315-36f1-4697-90e4-329900532da2','217d2f9d-5606-432f-99aa-bd6fb720b45f','328bd207-61d6-40ab-9d1d-bbe31ba63a3e','9b3cb586-a24f-4353-8c5a-6a860eba7357','a9280ee9-eb73-4cfb-8092-80f4c2cc5529','e225de9e-e14e-4219-a638-44d136be5613','46c78359-bdb4-421e-9182-d1d095921f20','b0aabdc2-3a7f-496c-a902-ee468671cf24','f4e500e8-45dd-4eeb-8b47-c97d832f18b2','00f63f53-4009-405a-9736-eff543475f78','31cb98ec-4d68-460a-8a6b-1566b0356cb5','29033b15-df4d-4afe-b261-d9f9d978215b','770de03c-008e-4352-915b-dbad46394b3e','386b4440-e446-4a4c-bbf2-2df0b3d482e7','764434f1-f401-4cec-b0a5-94c50e4c10bb','f8315a47-3595-4af7-afca-831deb36ae44','16b41fad-47bb-456e-818a-0e17a10696d3','7dba2974-eed0-4a24-8090-13ce49e8ae9c','2107c201-e779-4d54-b9d8-e77e63506727','540fda97-9bb5-45a3-8677-e5494a35f98d','8db21bed-0a56-4384-b989-46c85bf60a4a','b64fe46a-25b2-4780-b910-8897bab331d1','04b0026e-ed12-4e5e-85e2-1ed905581184','c4b26668-789f-4117-b9af-34719df71955','06cf74d1-3ae5-4aee-8048-5fab3132f2ba','5ce4a39b-7e40-4486-b5d7-7f910cb36590','b23b7eaa-6c87-413b-b144-42b7afafd4df','f033f831-0ad6-4654-b9cc-9ad6f8c92e8c','af282aaf-606b-4d5f-9ef8-070dc205befb','24c1e762-e92d-485c-ab51-7bd8574e8cb1','2d68eaae-a710-43ae-b278-b376f0865788','21fdd8fe-78d5-4ce1-ae83-7df1ebfc6f56','23922b05-5fbd-49fd-8f6e-3847cabd2503','5c53b1b4-f8e2-4bd1-a376-d983f799cf4b')
[2026-04-16 02:05:48.858] local.info: [19.642ms] [rows:1] SELECT count(*) FROM "notifications" WHERE user_id = '00000000-0000-0000-0000-000000000099' AND is_read = false
[2026-04-16 02:05:56.878] local.info: [42.210ms] [rows:1] SELECT * FROM "users" WHERE id = '00000000-0000-0000-0000-000000000099' ORDER BY "users"."id" LIMIT 1
[2026-04-16 02:05:56.898] local.info: [20.055ms] [rows:1] SELECT * FROM "user_roles" WHERE user_id = '00000000-0000-0000-0000-000000000099'
[2026-04-16 02:05:56.918] local.info: [19.818ms] [rows:1] SELECT * FROM "roles" WHERE id IN ('68c46dfb-a565-4938-99d7-9fdd0acf8a7e')
[2026-04-16 02:05:56.938] local.info: [20.006ms] [rows:45] SELECT * FROM "role_permissions" WHERE role_id IN ('68c46dfb-a565-4938-99d7-9fdd0acf8a7e')
[2026-04-16 02:05:56.959] local.info: [20.769ms] [rows:45] SELECT * FROM "permissions" WHERE id IN ('ab6da9f5-8b11-4644-9aaa-009b3b28a4ec','5daf3519-8949-4d26-b4bc-00c8b03f04fe','91166846-7ec1-42de-b134-ce141c3a9d7d','28c919a4-3744-4931-805a-a219892adbe3','789e0c77-5a0c-4ea7-a2e1-606803a6e2bd','6cd9d7a8-34ac-4740-9bc1-aa386ae6de38','8d2454fc-6567-46f9-8527-5843c7142e3c','cf81b7d4-096a-435a-b515-ad3f779199b8','82188518-37d9-45c0-9bca-b0d202cc9449','c01ff63f-6e93-4a78-8e50-87af96ab4a89','a14b8e8b-3f32-475f-8a47-5d33dab3042e','653cb315-36f1-4697-90e4-329900532da2','217d2f9d-5606-432f-99aa-bd6fb720b45f','328bd207-61d6-40ab-9d1d-bbe31ba63a3e','9b3cb586-a24f-4353-8c5a-6a860eba7357','a9280ee9-eb73-4cfb-8092-80f4c2cc5529','e225de9e-e14e-4219-a638-44d136be5613','46c78359-bdb4-421e-9182-d1d095921f20','b0aabdc2-3a7f-496c-a902-ee468671cf24','f4e500e8-45dd-4eeb-8b47-c97d832f18b2','00f63f53-4009-405a-9736-eff543475f78','31cb98ec-4d68-460a-8a6b-1566b0356cb5','29033b15-df4d-4afe-b261-d9f9d978215b','770de03c-008e-4352-915b-dbad46394b3e','386b4440-e446-4a4c-bbf2-2df0b3d482e7','764434f1-f401-4cec-b0a5-94c50e4c10bb','f8315a47-3595-4af7-afca-831deb36ae44','16b41fad-47bb-456e-818a-0e17a10696d3','7dba2974-eed0-4a24-8090-13ce49e8ae9c','2107c201-e779-4d54-b9d8-e77e63506727','540fda97-9bb5-45a3-8677-e5494a35f98d','8db21bed-0a56-4384-b989-46c85bf60a4a','b64fe46a-25b2-4780-b910-8897bab331d1','04b0026e-ed12-4e5e-85e2-1ed905581184','c4b26668-789f-4117-b9af-34719df71955','06cf74d1-3ae5-4aee-8048-5fab3132f2ba','5ce4a39b-7e40-4486-b5d7-7f910cb36590','b23b7eaa-6c87-413b-b144-42b7afafd4df','f033f831-0ad6-4654-b9cc-9ad6f8c92e8c','af282aaf-606b-4d5f-9ef8-070dc205befb','24c1e762-e92d-485c-ab51-7bd8574e8cb1','2d68eaae-a710-43ae-b278-b376f0865788','21fdd8fe-78d5-4ce1-ae83-7df1ebfc6f56','23922b05-5fbd-49fd-8f6e-3847cabd2503','5c53b1b4-f8e2-4bd1-a376-d983f799cf4b')
[2026-04-16 02:05:56.98] local.info: [20.036ms] [rows:1] SELECT count(*) FROM "notifications" WHERE user_id = '00000000-0000-0000-0000-000000000099' AND is_read = false
[2026-04-16 02:06:18.758] local.info: [43.764ms] [rows:1] SELECT * FROM "users" WHERE id = '00000000-0000-0000-0000-000000000099' ORDER BY "users"."id" LIMIT 1
[2026-04-16 02:06:18.778] local.info: [19.613ms] [rows:1] SELECT * FROM "user_roles" WHERE user_id = '00000000-0000-0000-0000-000000000099'
[2026-04-16 02:06:18.797] local.info: [19.808ms] [rows:1] SELECT * FROM "roles" WHERE id IN ('68c46dfb-a565-4938-99d7-9fdd0acf8a7e')
[2026-04-16 02:06:18.818] local.info: [20.327ms] [rows:45] SELECT * FROM "role_permissions" WHERE role_id IN ('68c46dfb-a565-4938-99d7-9fdd0acf8a7e')
[2026-04-16 02:06:18.838] local.info: [19.735ms] [rows:45] SELECT * FROM "permissions" WHERE id IN ('ab6da9f5-8b11-4644-9aaa-009b3b28a4ec','5daf3519-8949-4d26-b4bc-00c8b03f04fe','91166846-7ec1-42de-b134-ce141c3a9d7d','28c919a4-3744-4931-805a-a219892adbe3','789e0c77-5a0c-4ea7-a2e1-606803a6e2bd','6cd9d7a8-34ac-4740-9bc1-aa386ae6de38','8d2454fc-6567-46f9-8527-5843c7142e3c','cf81b7d4-096a-435a-b515-ad3f779199b8','82188518-37d9-45c0-9bca-b0d202cc9449','c01ff63f-6e93-4a78-8e50-87af96ab4a89','a14b8e8b-3f32-475f-8a47-5d33dab3042e','653cb315-36f1-4697-90e4-329900532da2','217d2f9d-5606-432f-99aa-bd6fb720b45f','328bd207-61d6-40ab-9d1d-bbe31ba63a3e','9b3cb586-a24f-4353-8c5a-6a860eba7357','a9280ee9-eb73-4cfb-8092-80f4c2cc5529','e225de9e-e14e-4219-a638-44d136be5613','46c78359-bdb4-421e-9182-d1d095921f20','b0aabdc2-3a7f-496c-a902-ee468671cf24','f4e500e8-45dd-4eeb-8b47-c97d832f18b2','00f63f53-4009-405a-9736-eff543475f78','31cb98ec-4d68-460a-8a6b-1566b0356cb5','29033b15-df4d-4afe-b261-d9f9d978215b','770de03c-008e-4352-915b-dbad46394b3e','386b4440-e446-4a4c-bbf2-2df0b3d482e7','764434f1-f401-4cec-b0a5-94c50e4c10bb','f8315a47-3595-4af7-afca-831deb36ae44','16b41fad-47bb-456e-818a-0e17a10696d3','7dba2974-eed0-4a24-8090-13ce49e8ae9c','2107c201-e779-4d54-b9d8-e77e63506727','540fda97-9bb5-45a3-8677-e5494a35f98d','8db21bed-0a56-4384-b989-46c85bf60a4a','b64fe46a-25b2-4780-b910-8897bab331d1','04b0026e-ed12-4e5e-85e2-1ed905581184','c4b26668-789f-4117-b9af-34719df71955','06cf74d1-3ae5-4aee-8048-5fab3132f2ba','5ce4a39b-7e40-4486-b5d7-7f910cb36590','b23b7eaa-6c87-413b-b144-42b7afafd4df','f033f831-0ad6-4654-b9cc-9ad6f8c92e8c','af282aaf-606b-4d5f-9ef8-070dc205befb','24c1e762-e92d-485c-ab51-7bd8574e8cb1','2d68eaae-a710-43ae-b278-b376f0865788','21fdd8fe-78d5-4ce1-ae83-7df1ebfc6f56','23922b05-5fbd-49fd-8f6e-3847cabd2503','5c53b1b4-f8e2-4bd1-a376-d983f799cf4b')
[2026-04-16 02:06:18.858] local.info: [19.658ms] [rows:1] SELECT count(*) FROM "notifications" WHERE user_id = '00000000-0000-0000-0000-000000000099' AND is_read = false
[2026-04-16 02:06:48.757] local.info: [38.408ms] [rows:1] SELECT * FROM "users" WHERE id = '00000000-0000-0000-0000-000000000099' ORDER BY "users"."id" LIMIT 1
[2026-04-16 02:06:48.777] local.info: [19.731ms] [rows:1] SELECT * FROM "user_roles" WHERE user_id = '00000000-0000-0000-0000-000000000099'
[2026-04-16 02:06:48.808] local.info: [29.993ms] [rows:1] SELECT * FROM "roles" WHERE id IN ('68c46dfb-a565-4938-99d7-9fdd0acf8a7e')
[2026-04-16 02:06:48.827] local.info: [19.535ms] [rows:45] SELECT * FROM "role_permissions" WHERE role_id IN ('68c46dfb-a565-4938-99d7-9fdd0acf8a7e')
[2026-04-16 02:06:48.848] local.info: [20.335ms] [rows:45] SELECT * FROM "permissions" WHERE id IN ('ab6da9f5-8b11-4644-9aaa-009b3b28a4ec','5daf3519-8949-4d26-b4bc-00c8b03f04fe','91166846-7ec1-42de-b134-ce141c3a9d7d','28c919a4-3744-4931-805a-a219892adbe3','789e0c77-5a0c-4ea7-a2e1-606803a6e2bd','6cd9d7a8-34ac-4740-9bc1-aa386ae6de38','8d2454fc-6567-46f9-8527-5843c7142e3c','cf81b7d4-096a-435a-b515-ad3f779199b8','82188518-37d9-45c0-9bca-b0d202cc9449','c01ff63f-6e93-4a78-8e50-87af96ab4a89','a14b8e8b-3f32-475f-8a47-5d33dab3042e','653cb315-36f1-4697-90e4-329900532da2','217d2f9d-5606-432f-99aa-bd6fb720b45f','328bd207-61d6-40ab-9d1d-bbe31ba63a3e','9b3cb586-a24f-4353-8c5a-6a860eba7357','a9280ee9-eb73-4cfb-8092-80f4c2cc5529','e225de9e-e14e-4219-a638-44d136be5613','46c78359-bdb4-421e-9182-d1d095921f20','b0aabdc2-3a7f-496c-a902-ee468671cf24','f4e500e8-45dd-4eeb-8b47-c97d832f18b2','00f63f53-4009-405a-9736-eff543475f78','31cb98ec-4d68-460a-8a6b-1566b0356cb5','29033b15-df4d-4afe-b261-d9f9d978215b','770de03c-008e-4352-915b-dbad46394b3e','386b4440-e446-4a4c-bbf2-2df0b3d482e7','764434f1-f401-4cec-b0a5-94c50e4c10bb','f8315a47-3595-4af7-afca-831deb36ae44','16b41fad-47bb-456e-818a-0e17a10696d3','7dba2974-eed0-4a24-8090-13ce49e8ae9c','2107c201-e779-4d54-b9d8-e77e63506727','540fda97-9bb5-45a3-8677-e5494a35f98d','8db21bed-0a56-4384-b989-46c85bf60a4a','b64fe46a-25b2-4780-b910-8897bab331d1','04b0026e-ed12-4e5e-85e2-1ed905581184','c4b26668-789f-4117-b9af-34719df71955','06cf74d1-3ae5-4aee-8048-5fab3132f2ba','5ce4a39b-7e40-4486-b5d7-7f910cb36590','b23b7eaa-6c87-413b-b144-42b7afafd4df','f033f831-0ad6-4654-b9cc-9ad6f8c92e8c','af282aaf-606b-4d5f-9ef8-070dc205befb','24c1e762-e92d-485c-ab51-7bd8574e8cb1','2d68eaae-a710-43ae-b278-b376f0865788','21fdd8fe-78d5-4ce1-ae83-7df1ebfc6f56','23922b05-5fbd-49fd-8f6e-3847cabd2503','5c53b1b4-f8e2-4bd1-a376-d983f799cf4b')
[2026-04-16 02:06:48.867] local.info: [19.480ms] [rows:1] SELECT count(*) FROM "notifications" WHERE user_id = '00000000-0000-0000-0000-000000000099' AND is_read = false
[2026-04-16 02:06:56.877] local.info: [41.050ms] [rows:1] SELECT * FROM "users" WHERE id = '00000000-0000-0000-0000-000000000099' ORDER BY "users"."id" LIMIT 1
[2026-04-16 02:06:56.897] local.info: [19.980ms] [rows:1] SELECT * FROM "user_roles" WHERE user_id = '00000000-0000-0000-0000-000000000099'
[2026-04-16 02:06:56.917] local.info: [19.951ms] [rows:1] SELECT * FROM "roles" WHERE id IN ('68c46dfb-a565-4938-99d7-9fdd0acf8a7e')
[2026-04-16 02:06:56.938] local.info: [20.528ms] [rows:45] SELECT * FROM "role_permissions" WHERE role_id IN ('68c46dfb-a565-4938-99d7-9fdd0acf8a7e')
[2026-04-16 02:06:56.958] local.info: [19.656ms] [rows:45] SELECT * FROM "permissions" WHERE id IN ('ab6da9f5-8b11-4644-9aaa-009b3b28a4ec','5daf3519-8949-4d26-b4bc-00c8b03f04fe','91166846-7ec1-42de-b134-ce141c3a9d7d','28c919a4-3744-4931-805a-a219892adbe3','789e0c77-5a0c-4ea7-a2e1-606803a6e2bd','6cd9d7a8-34ac-4740-9bc1-aa386ae6de38','8d2454fc-6567-46f9-8527-5843c7142e3c','cf81b7d4-096a-435a-b515-ad3f779199b8','82188518-37d9-45c0-9bca-b0d202cc9449','c01ff63f-6e93-4a78-8e50-87af96ab4a89','a14b8e8b-3f32-475f-8a47-5d33dab3042e','653cb315-36f1-4697-90e4-329900532da2','217d2f9d-5606-432f-99aa-bd6fb720b45f','328bd207-61d6-40ab-9d1d-bbe31ba63a3e','9b3cb586-a24f-4353-8c5a-6a860eba7357','a9280ee9-eb73-4cfb-8092-80f4c2cc5529','e225de9e-e14e-4219-a638-44d136be5613','46c78359-bdb4-421e-9182-d1d095921f20','b0aabdc2-3a7f-496c-a902-ee468671cf24','f4e500e8-45dd-4eeb-8b47-c97d832f18b2','00f63f53-4009-405a-9736-eff543475f78','31cb98ec-4d68-460a-8a6b-1566b0356cb5','29033b15-df4d-4afe-b261-d9f9d978215b','770de03c-008e-4352-915b-dbad46394b3e','386b4440-e446-4a4c-bbf2-2df0b3d482e7','764434f1-f401-4cec-b0a5-94c50e4c10bb','f8315a47-3595-4af7-afca-831deb36ae44','16b41fad-47bb-456e-818a-0e17a10696d3','7dba2974-eed0-4a24-8090-13ce49e8ae9c','2107c201-e779-4d54-b9d8-e77e63506727','540fda97-9bb5-45a3-8677-e5494a35f98d','8db21bed-0a56-4384-b989-46c85bf60a4a','b64fe46a-25b2-4780-b910-8897bab331d1','04b0026e-ed12-4e5e-85e2-1ed905581184','c4b26668-789f-4117-b9af-34719df71955','06cf74d1-3ae5-4aee-8048-5fab3132f2ba','5ce4a39b-7e40-4486-b5d7-7f910cb36590','b23b7eaa-6c87-413b-b144-42b7afafd4df','f033f831-0ad6-4654-b9cc-9ad6f8c92e8c','af282aaf-606b-4d5f-9ef8-070dc205befb','24c1e762-e92d-485c-ab51-7bd8574e8cb1','2d68eaae-a710-43ae-b278-b376f0865788','21fdd8fe-78d5-4ce1-ae83-7df1ebfc6f56','23922b05-5fbd-49fd-8f6e-3847cabd2503','5c53b1b4-f8e2-4bd1-a376-d983f799cf4b')
[2026-04-16 02:06:56.977] local.info: [19.229ms] [rows:1] SELECT count(*) FROM "notifications" WHERE user_id = '00000000-0000-0000-0000-000000000099' AND is_read = false
[2026-04-16 02:07:18.757] local.info: [39.929ms] [rows:1] SELECT * FROM "users" WHERE id = '00000000-0000-0000-0000-000000000099' ORDER BY "users"."id" LIMIT 1
[2026-04-16 02:07:18.777] local.info: [19.548ms] [rows:1] SELECT * FROM "user_roles" WHERE user_id = '00000000-0000-0000-0000-000000000099'
[2026-04-16 02:07:18.798] local.info: [21.287ms] [rows:1] SELECT * FROM "roles" WHERE id IN ('68c46dfb-a565-4938-99d7-9fdd0acf8a7e')
[2026-04-16 02:07:18.827] local.info: [28.773ms] [rows:45] SELECT * FROM "role_permissions" WHERE role_id IN ('68c46dfb-a565-4938-99d7-9fdd0acf8a7e')
[2026-04-16 02:07:18.847] local.info: [19.844ms] [rows:45] SELECT * FROM "permissions" WHERE id IN ('ab6da9f5-8b11-4644-9aaa-009b3b28a4ec','5daf3519-8949-4d26-b4bc-00c8b03f04fe','91166846-7ec1-42de-b134-ce141c3a9d7d','28c919a4-3744-4931-805a-a219892adbe3','789e0c77-5a0c-4ea7-a2e1-606803a6e2bd','6cd9d7a8-34ac-4740-9bc1-aa386ae6de38','8d2454fc-6567-46f9-8527-5843c7142e3c','cf81b7d4-096a-435a-b515-ad3f779199b8','82188518-37d9-45c0-9bca-b0d202cc9449','c01ff63f-6e93-4a78-8e50-87af96ab4a89','a14b8e8b-3f32-475f-8a47-5d33dab3042e','653cb315-36f1-4697-90e4-329900532da2','217d2f9d-5606-432f-99aa-bd6fb720b45f','328bd207-61d6-40ab-9d1d-bbe31ba63a3e','9b3cb586-a24f-4353-8c5a-6a860eba7357','a9280ee9-eb73-4cfb-8092-80f4c2cc5529','e225de9e-e14e-4219-a638-44d136be5613','46c78359-bdb4-421e-9182-d1d095921f20','b0aabdc2-3a7f-496c-a902-ee468671cf24','f4e500e8-45dd-4eeb-8b47-c97d832f18b2','00f63f53-4009-405a-9736-eff543475f78','31cb98ec-4d68-460a-8a6b-1566b0356cb5','29033b15-df4d-4afe-b261-d9f9d978215b','770de03c-008e-4352-915b-dbad46394b3e','386b4440-e446-4a4c-bbf2-2df0b3d482e7','764434f1-f401-4cec-b0a5-94c50e4c10bb','f8315a47-3595-4af7-afca-831deb36ae44','16b41fad-47bb-456e-818a-0e17a10696d3','7dba2974-eed0-4a24-8090-13ce49e8ae9c','2107c201-e779-4d54-b9d8-e77e63506727','540fda97-9bb5-45a3-8677-e5494a35f98d','8db21bed-0a56-4384-b989-46c85bf60a4a','b64fe46a-25b2-4780-b910-8897bab331d1','04b0026e-ed12-4e5e-85e2-1ed905581184','c4b26668-789f-4117-b9af-34719df71955','06cf74d1-3ae5-4aee-8048-5fab3132f2ba','5ce4a39b-7e40-4486-b5d7-7f910cb36590','b23b7eaa-6c87-413b-b144-42b7afafd4df','f033f831-0ad6-4654-b9cc-9ad6f8c92e8c','af282aaf-606b-4d5f-9ef8-070dc205befb','24c1e762-e92d-485c-ab51-7bd8574e8cb1','2d68eaae-a710-43ae-b278-b376f0865788','21fdd8fe-78d5-4ce1-ae83-7df1ebfc6f56','23922b05-5fbd-49fd-8f6e-3847cabd2503','5c53b1b4-f8e2-4bd1-a376-d983f799cf4b')
[2026-04-16 02:07:18.867] local.info: [19.794ms] [rows:1] SELECT count(*) FROM "notifications" WHERE user_id = '00000000-0000-0000-0000-000000000099' AND is_read = false
[2026-04-16 02:07:48.749] local.info: [31.729ms] [rows:1] SELECT * FROM "users" WHERE id = '00000000-0000-0000-0000-000000000099' ORDER BY "users"."id" LIMIT 1
[2026-04-16 02:07:48.766] local.info: [17.331ms] [rows:1] SELECT * FROM "user_roles" WHERE user_id = '00000000-0000-0000-0000-000000000099'
[2026-04-16 02:07:48.786] local.info: [19.952ms] [rows:1] SELECT * FROM "roles" WHERE id IN ('68c46dfb-a565-4938-99d7-9fdd0acf8a7e')
[2026-04-16 02:07:48.81] local.info: [23.520ms] [rows:45] SELECT * FROM "role_permissions" WHERE role_id IN ('68c46dfb-a565-4938-99d7-9fdd0acf8a7e')
[2026-04-16 02:07:48.836] local.info: [26.248ms] [rows:45] SELECT * FROM "permissions" WHERE id IN ('ab6da9f5-8b11-4644-9aaa-009b3b28a4ec','5daf3519-8949-4d26-b4bc-00c8b03f04fe','91166846-7ec1-42de-b134-ce141c3a9d7d','28c919a4-3744-4931-805a-a219892adbe3','789e0c77-5a0c-4ea7-a2e1-606803a6e2bd','6cd9d7a8-34ac-4740-9bc1-aa386ae6de38','8d2454fc-6567-46f9-8527-5843c7142e3c','cf81b7d4-096a-435a-b515-ad3f779199b8','82188518-37d9-45c0-9bca-b0d202cc9449','c01ff63f-6e93-4a78-8e50-87af96ab4a89','a14b8e8b-3f32-475f-8a47-5d33dab3042e','653cb315-36f1-4697-90e4-329900532da2','217d2f9d-5606-432f-99aa-bd6fb720b45f','328bd207-61d6-40ab-9d1d-bbe31ba63a3e','9b3cb586-a24f-4353-8c5a-6a860eba7357','a9280ee9-eb73-4cfb-8092-80f4c2cc5529','e225de9e-e14e-4219-a638-44d136be5613','46c78359-bdb4-421e-9182-d1d095921f20','b0aabdc2-3a7f-496c-a902-ee468671cf24','f4e500e8-45dd-4eeb-8b47-c97d832f18b2','00f63f53-4009-405a-9736-eff543475f78','31cb98ec-4d68-460a-8a6b-1566b0356cb5','29033b15-df4d-4afe-b261-d9f9d978215b','770de03c-008e-4352-915b-dbad46394b3e','386b4440-e446-4a4c-bbf2-2df0b3d482e7','764434f1-f401-4cec-b0a5-94c50e4c10bb','f8315a47-3595-4af7-afca-831deb36ae44','16b41fad-47bb-456e-818a-0e17a10696d3','7dba2974-eed0-4a24-8090-13ce49e8ae9c','2107c201-e779-4d54-b9d8-e77e63506727','540fda97-9bb5-45a3-8677-e5494a35f98d','8db21bed-0a56-4384-b989-46c85bf60a4a','b64fe46a-25b2-4780-b910-8897bab331d1','04b0026e-ed12-4e5e-85e2-1ed905581184','c4b26668-789f-4117-b9af-34719df71955','06cf74d1-3ae5-4aee-8048-5fab3132f2ba','5ce4a39b-7e40-4486-b5d7-7f910cb36590','b23b7eaa-6c87-413b-b144-42b7afafd4df','f033f831-0ad6-4654-b9cc-9ad6f8c92e8c','af282aaf-606b-4d5f-9ef8-070dc205befb','24c1e762-e92d-485c-ab51-7bd8574e8cb1','2d68eaae-a710-43ae-b278-b376f0865788','21fdd8fe-78d5-4ce1-ae83-7df1ebfc6f56','23922b05-5fbd-49fd-8f6e-3847cabd2503','5c53b1b4-f8e2-4bd1-a376-d983f799cf4b')
[2026-04-16 02:07:48.856] local.info: [19.867ms] [rows:1] SELECT count(*) FROM "notifications" WHERE user_id = '00000000-0000-0000-0000-000000000099' AND is_read = false
[2026-04-16 02:07:50.663] local.info: [25.509ms] [rows:1] SELECT * FROM "users" WHERE id = '00000000-0000-0000-0000-000000000099' ORDER BY "users"."id" LIMIT 1
[2026-04-16 02:07:50.663] local.info: [24.647ms] [rows:1] SELECT * FROM "users" WHERE id = '00000000-0000-0000-0000-000000000099' ORDER BY "users"."id" LIMIT 1
[2026-04-16 02:07:50.663] local.info: [24.334ms] [rows:1] SELECT * FROM "users" WHERE id = '00000000-0000-0000-0000-000000000099' ORDER BY "users"."id" LIMIT 1
[2026-04-16 02:07:50.671] local.info: [32.506ms] [rows:1] SELECT * FROM "users" WHERE id = '00000000-0000-0000-0000-000000000099' ORDER BY "users"."id" LIMIT 1
[2026-04-16 02:07:50.671] local.info: [8.012ms] [rows:1] SELECT * FROM "user_roles" WHERE user_id = '00000000-0000-0000-0000-000000000099'
[2026-04-16 02:07:50.671] local.info: [8.149ms] [rows:1] SELECT * FROM "user_roles" WHERE user_id = '00000000-0000-0000-0000-000000000099'
[2026-04-16 02:07:50.68] local.info: [8.212ms] [rows:1] SELECT * FROM "user_roles" WHERE user_id = '00000000-0000-0000-0000-000000000099'
[2026-04-16 02:07:50.68] local.info: [16.492ms] [rows:1] SELECT * FROM "user_roles" WHERE user_id = '00000000-0000-0000-0000-000000000099'
[2026-04-16 02:07:50.703] local.info: [22.827ms] [rows:1] SELECT * FROM "roles" WHERE id IN ('68c46dfb-a565-4938-99d7-9fdd0acf8a7e')
[2026-04-16 02:07:50.703] local.info: [23.017ms] [rows:1] SELECT * FROM "roles" WHERE id IN ('68c46dfb-a565-4938-99d7-9fdd0acf8a7e')
[2026-04-16 02:07:50.703] local.info: [30.706ms] [rows:1] SELECT * FROM "roles" WHERE id IN ('68c46dfb-a565-4938-99d7-9fdd0acf8a7e')
[2026-04-16 02:07:50.703] local.info: [30.600ms] [rows:1] SELECT * FROM "roles" WHERE id IN ('68c46dfb-a565-4938-99d7-9fdd0acf8a7e')
[2026-04-16 02:07:50.713] local.info: [9.920ms] [rows:45] SELECT * FROM "role_permissions" WHERE role_id IN ('68c46dfb-a565-4938-99d7-9fdd0acf8a7e')
[2026-04-16 02:07:50.713] local.info: [9.965ms] [rows:45] SELECT * FROM "role_permissions" WHERE role_id IN ('68c46dfb-a565-4938-99d7-9fdd0acf8a7e')
[2026-04-16 02:07:50.713] local.info: [10.068ms] [rows:45] SELECT * FROM "role_permissions" WHERE role_id IN ('68c46dfb-a565-4938-99d7-9fdd0acf8a7e')
[2026-04-16 02:07:50.721] local.info: [18.119ms] [rows:45] SELECT * FROM "role_permissions" WHERE role_id IN ('68c46dfb-a565-4938-99d7-9fdd0acf8a7e')
[2026-04-16 02:07:50.723] local.info: [10.257ms] [rows:45] SELECT * FROM "permissions" WHERE id IN ('ab6da9f5-8b11-4644-9aaa-009b3b28a4ec','5daf3519-8949-4d26-b4bc-00c8b03f04fe','91166846-7ec1-42de-b134-ce141c3a9d7d','28c919a4-3744-4931-805a-a219892adbe3','789e0c77-5a0c-4ea7-a2e1-606803a6e2bd','6cd9d7a8-34ac-4740-9bc1-aa386ae6de38','8d2454fc-6567-46f9-8527-5843c7142e3c','cf81b7d4-096a-435a-b515-ad3f779199b8','82188518-37d9-45c0-9bca-b0d202cc9449','c01ff63f-6e93-4a78-8e50-87af96ab4a89','a14b8e8b-3f32-475f-8a47-5d33dab3042e','653cb315-36f1-4697-90e4-329900532da2','217d2f9d-5606-432f-99aa-bd6fb720b45f','328bd207-61d6-40ab-9d1d-bbe31ba63a3e','9b3cb586-a24f-4353-8c5a-6a860eba7357','a9280ee9-eb73-4cfb-8092-80f4c2cc5529','e225de9e-e14e-4219-a638-44d136be5613','46c78359-bdb4-421e-9182-d1d095921f20','b0aabdc2-3a7f-496c-a902-ee468671cf24','f4e500e8-45dd-4eeb-8b47-c97d832f18b2','00f63f53-4009-405a-9736-eff543475f78','31cb98ec-4d68-460a-8a6b-1566b0356cb5','29033b15-df4d-4afe-b261-d9f9d978215b','770de03c-008e-4352-915b-dbad46394b3e','386b4440-e446-4a4c-bbf2-2df0b3d482e7','764434f1-f401-4cec-b0a5-94c50e4c10bb','f8315a47-3595-4af7-afca-831deb36ae44','16b41fad-47bb-456e-818a-0e17a10696d3','7dba2974-eed0-4a24-8090-13ce49e8ae9c','2107c201-e779-4d54-b9d8-e77e63506727','540fda97-9bb5-45a3-8677-e5494a35f98d','8db21bed-0a56-4384-b989-46c85bf60a4a','b64fe46a-25b2-4780-b910-8897bab331d1','04b0026e-ed12-4e5e-85e2-1ed905581184','c4b26668-789f-4117-b9af-34719df71955','06cf74d1-3ae5-4aee-8048-5fab3132f2ba','5ce4a39b-7e40-4486-b5d7-7f910cb36590','b23b7eaa-6c87-413b-b144-42b7afafd4df','f033f831-0ad6-4654-b9cc-9ad6f8c92e8c','af282aaf-606b-4d5f-9ef8-070dc205befb','24c1e762-e92d-485c-ab51-7bd8574e8cb1','2d68eaae-a710-43ae-b278-b376f0865788','21fdd8fe-78d5-4ce1-ae83-7df1ebfc6f56','23922b05-5fbd-49fd-8f6e-3847cabd2503','5c53b1b4-f8e2-4bd1-a376-d983f799cf4b')
[2026-04-16 02:07:50.723] local.info: [10.279ms] [rows:45] SELECT * FROM "permissions" WHERE id IN ('ab6da9f5-8b11-4644-9aaa-009b3b28a4ec','5daf3519-8949-4d26-b4bc-00c8b03f04fe','91166846-7ec1-42de-b134-ce141c3a9d7d','28c919a4-3744-4931-805a-a219892adbe3','789e0c77-5a0c-4ea7-a2e1-606803a6e2bd','6cd9d7a8-34ac-4740-9bc1-aa386ae6de38','8d2454fc-6567-46f9-8527-5843c7142e3c','cf81b7d4-096a-435a-b515-ad3f779199b8','82188518-37d9-45c0-9bca-b0d202cc9449','c01ff63f-6e93-4a78-8e50-87af96ab4a89','a14b8e8b-3f32-475f-8a47-5d33dab3042e','653cb315-36f1-4697-90e4-329900532da2','217d2f9d-5606-432f-99aa-bd6fb720b45f','328bd207-61d6-40ab-9d1d-bbe31ba63a3e','9b3cb586-a24f-4353-8c5a-6a860eba7357','a9280ee9-eb73-4cfb-8092-80f4c2cc5529','e225de9e-e14e-4219-a638-44d136be5613','46c78359-bdb4-421e-9182-d1d095921f20','b0aabdc2-3a7f-496c-a902-ee468671cf24','f4e500e8-45dd-4eeb-8b47-c97d832f18b2','00f63f53-4009-405a-9736-eff543475f78','31cb98ec-4d68-460a-8a6b-1566b0356cb5','29033b15-df4d-4afe-b261-d9f9d978215b','770de03c-008e-4352-915b-dbad46394b3e','386b4440-e446-4a4c-bbf2-2df0b3d482e7','764434f1-f401-4cec-b0a5-94c50e4c10bb','f8315a47-3595-4af7-afca-831deb36ae44','16b41fad-47bb-456e-818a-0e17a10696d3','7dba2974-eed0-4a24-8090-13ce49e8ae9c','2107c201-e779-4d54-b9d8-e77e63506727','540fda97-9bb5-45a3-8677-e5494a35f98d','8db21bed-0a56-4384-b989-46c85bf60a4a','b64fe46a-25b2-4780-b910-8897bab331d1','04b0026e-ed12-4e5e-85e2-1ed905581184','c4b26668-789f-4117-b9af-34719df71955','06cf74d1-3ae5-4aee-8048-5fab3132f2ba','5ce4a39b-7e40-4486-b5d7-7f910cb36590','b23b7eaa-6c87-413b-b144-42b7afafd4df','f033f831-0ad6-4654-b9cc-9ad6f8c92e8c','af282aaf-606b-4d5f-9ef8-070dc205befb','24c1e762-e92d-485c-ab51-7bd8574e8cb1','2d68eaae-a710-43ae-b278-b376f0865788','21fdd8fe-78d5-4ce1-ae83-7df1ebfc6f56','23922b05-5fbd-49fd-8f6e-3847cabd2503','5c53b1b4-f8e2-4bd1-a376-d983f799cf4b')
[2026-04-16 02:07:50.729] local.info: [16.454ms] [rows:45] SELECT * FROM "permissions" WHERE id IN ('ab6da9f5-8b11-4644-9aaa-009b3b28a4ec','5daf3519-8949-4d26-b4bc-00c8b03f04fe','91166846-7ec1-42de-b134-ce141c3a9d7d','28c919a4-3744-4931-805a-a219892adbe3','789e0c77-5a0c-4ea7-a2e1-606803a6e2bd','6cd9d7a8-34ac-4740-9bc1-aa386ae6de38','8d2454fc-6567-46f9-8527-5843c7142e3c','cf81b7d4-096a-435a-b515-ad3f779199b8','82188518-37d9-45c0-9bca-b0d202cc9449','c01ff63f-6e93-4a78-8e50-87af96ab4a89','a14b8e8b-3f32-475f-8a47-5d33dab3042e','653cb315-36f1-4697-90e4-329900532da2','217d2f9d-5606-432f-99aa-bd6fb720b45f','328bd207-61d6-40ab-9d1d-bbe31ba63a3e','9b3cb586-a24f-4353-8c5a-6a860eba7357','a9280ee9-eb73-4cfb-8092-80f4c2cc5529','e225de9e-e14e-4219-a638-44d136be5613','46c78359-bdb4-421e-9182-d1d095921f20','b0aabdc2-3a7f-496c-a902-ee468671cf24','f4e500e8-45dd-4eeb-8b47-c97d832f18b2','00f63f53-4009-405a-9736-eff543475f78','31cb98ec-4d68-460a-8a6b-1566b0356cb5','29033b15-df4d-4afe-b261-d9f9d978215b','770de03c-008e-4352-915b-dbad46394b3e','386b4440-e446-4a4c-bbf2-2df0b3d482e7','764434f1-f401-4cec-b0a5-94c50e4c10bb','f8315a47-3595-4af7-afca-831deb36ae44','16b41fad-47bb-456e-818a-0e17a10696d3','7dba2974-eed0-4a24-8090-13ce49e8ae9c','2107c201-e779-4d54-b9d8-e77e63506727','540fda97-9bb5-45a3-8677-e5494a35f98d','8db21bed-0a56-4384-b989-46c85bf60a4a','b64fe46a-25b2-4780-b910-8897bab331d1','04b0026e-ed12-4e5e-85e2-1ed905581184','c4b26668-789f-4117-b9af-34719df71955','06cf74d1-3ae5-4aee-8048-5fab3132f2ba','5ce4a39b-7e40-4486-b5d7-7f910cb36590','b23b7eaa-6c87-413b-b144-42b7afafd4df','f033f831-0ad6-4654-b9cc-9ad6f8c92e8c','af282aaf-606b-4d5f-9ef8-070dc205befb','24c1e762-e92d-485c-ab51-7bd8574e8cb1','2d68eaae-a710-43ae-b278-b376f0865788','21fdd8fe-78d5-4ce1-ae83-7df1ebfc6f56','23922b05-5fbd-49fd-8f6e-3847cabd2503','5c53b1b4-f8e2-4bd1-a376-d983f799cf4b')
[2026-04-16 02:07:50.737] local.info: [14.913ms] [rows:45] SELECT * FROM "permissions" WHERE id IN ('ab6da9f5-8b11-4644-9aaa-009b3b28a4ec','5daf3519-8949-4d26-b4bc-00c8b03f04fe','91166846-7ec1-42de-b134-ce141c3a9d7d','28c919a4-3744-4931-805a-a219892adbe3','789e0c77-5a0c-4ea7-a2e1-606803a6e2bd','6cd9d7a8-34ac-4740-9bc1-aa386ae6de38','8d2454fc-6567-46f9-8527-5843c7142e3c','cf81b7d4-096a-435a-b515-ad3f779199b8','82188518-37d9-45c0-9bca-b0d202cc9449','c01ff63f-6e93-4a78-8e50-87af96ab4a89','a14b8e8b-3f32-475f-8a47-5d33dab3042e','653cb315-36f1-4697-90e4-329900532da2','217d2f9d-5606-432f-99aa-bd6fb720b45f','328bd207-61d6-40ab-9d1d-bbe31ba63a3e','9b3cb586-a24f-4353-8c5a-6a860eba7357','a9280ee9-eb73-4cfb-8092-80f4c2cc5529','e225de9e-e14e-4219-a638-44d136be5613','46c78359-bdb4-421e-9182-d1d095921f20','b0aabdc2-3a7f-496c-a902-ee468671cf24','f4e500e8-45dd-4eeb-8b47-c97d832f18b2','00f63f53-4009-405a-9736-eff543475f78','31cb98ec-4d68-460a-8a6b-1566b0356cb5','29033b15-df4d-4afe-b261-d9f9d978215b','770de03c-008e-4352-915b-dbad46394b3e','386b4440-e446-4a4c-bbf2-2df0b3d482e7','764434f1-f401-4cec-b0a5-94c50e4c10bb','f8315a47-3595-4af7-afca-831deb36ae44','16b41fad-47bb-456e-818a-0e17a10696d3','7dba2974-eed0-4a24-8090-13ce49e8ae9c','2107c201-e779-4d54-b9d8-e77e63506727','540fda97-9bb5-45a3-8677-e5494a35f98d','8db21bed-0a56-4384-b989-46c85bf60a4a','b64fe46a-25b2-4780-b910-8897bab331d1','04b0026e-ed12-4e5e-85e2-1ed905581184','c4b26668-789f-4117-b9af-34719df71955','06cf74d1-3ae5-4aee-8048-5fab3132f2ba','5ce4a39b-7e40-4486-b5d7-7f910cb36590','b23b7eaa-6c87-413b-b144-42b7afafd4df','f033f831-0ad6-4654-b9cc-9ad6f8c92e8c','af282aaf-606b-4d5f-9ef8-070dc205befb','24c1e762-e92d-485c-ab51-7bd8574e8cb1','2d68eaae-a710-43ae-b278-b376f0865788','21fdd8fe-78d5-4ce1-ae83-7df1ebfc6f56','23922b05-5fbd-49fd-8f6e-3847cabd2503','5c53b1b4-f8e2-4bd1-a376-d983f799cf4b')
[2026-04-16 02:07:50.737] local.info: [13.453ms] [rows:1] SELECT count(*) FROM "document_templates" WHERE company_id = '00000000-0000-0000-0000-000000000001'
[2026-04-16 02:07:50.737] local.info: [13.620ms] [rows:1] SELECT count(*) FROM "companies"
[2026-04-16 02:07:50.747] local.info: [17.693ms] [rows:1] SELECT count(*) FROM "document_categories" WHERE deleted_at IS NULL
[2026-04-16 02:07:50.747] local.info: [10.646ms] [rows:1] SELECT count(*) FROM "document_types"
[2026-04-16 02:07:50.76] local.info: [13.164ms] [rows:1] SELECT * FROM "document_categories" WHERE deleted_at IS NULL ORDER BY sort_order asc, created_at desc LIMIT 20
[2026-04-16 02:07:50.76] local.info: [13.106ms] [rows:5] SELECT * FROM "document_types" ORDER BY sort_order asc, created_at desc LIMIT 20
[2026-04-16 02:07:50.761] local.info: [24.011ms] [rows:1] SELECT * FROM "companies" ORDER BY created_at desc LIMIT 20
[2026-04-16 02:07:50.786] local.info: [26.218ms] [rows:1] SELECT * FROM "document_types" WHERE "document_types"."id" = '7367ca3d-eb1d-43dd-a115-cf3d2ceecdfa'
[2026-04-16 02:07:50.787] local.info: [49.928ms] [rows:1] SELECT * FROM "document_templates" WHERE company_id = '00000000-0000-0000-0000-000000000001' ORDER BY created_at desc LIMIT 20
[2026-04-16 02:07:56.877] local.info: [38.919ms] [rows:1] SELECT * FROM "users" WHERE id = '00000000-0000-0000-0000-000000000099' ORDER BY "users"."id" LIMIT 1
[2026-04-16 02:07:56.897] local.info: [20.311ms] [rows:1] SELECT * FROM "user_roles" WHERE user_id = '00000000-0000-0000-0000-000000000099'
[2026-04-16 02:07:56.927] local.info: [29.244ms] [rows:1] SELECT * FROM "roles" WHERE id IN ('68c46dfb-a565-4938-99d7-9fdd0acf8a7e')
[2026-04-16 02:07:56.946] local.info: [19.091ms] [rows:45] SELECT * FROM "role_permissions" WHERE role_id IN ('68c46dfb-a565-4938-99d7-9fdd0acf8a7e')
[2026-04-16 02:07:56.967] local.info: [20.196ms] [rows:45] SELECT * FROM "permissions" WHERE id IN ('ab6da9f5-8b11-4644-9aaa-009b3b28a4ec','5daf3519-8949-4d26-b4bc-00c8b03f04fe','91166846-7ec1-42de-b134-ce141c3a9d7d','28c919a4-3744-4931-805a-a219892adbe3','789e0c77-5a0c-4ea7-a2e1-606803a6e2bd','6cd9d7a8-34ac-4740-9bc1-aa386ae6de38','8d2454fc-6567-46f9-8527-5843c7142e3c','cf81b7d4-096a-435a-b515-ad3f779199b8','82188518-37d9-45c0-9bca-b0d202cc9449','c01ff63f-6e93-4a78-8e50-87af96ab4a89','a14b8e8b-3f32-475f-8a47-5d33dab3042e','653cb315-36f1-4697-90e4-329900532da2','217d2f9d-5606-432f-99aa-bd6fb720b45f','328bd207-61d6-40ab-9d1d-bbe31ba63a3e','9b3cb586-a24f-4353-8c5a-6a860eba7357','a9280ee9-eb73-4cfb-8092-80f4c2cc5529','e225de9e-e14e-4219-a638-44d136be5613','46c78359-bdb4-421e-9182-d1d095921f20','b0aabdc2-3a7f-496c-a902-ee468671cf24','f4e500e8-45dd-4eeb-8b47-c97d832f18b2','00f63f53-4009-405a-9736-eff543475f78','31cb98ec-4d68-460a-8a6b-1566b0356cb5','29033b15-df4d-4afe-b261-d9f9d978215b','770de03c-008e-4352-915b-dbad46394b3e','386b4440-e446-4a4c-bbf2-2df0b3d482e7','764434f1-f401-4cec-b0a5-94c50e4c10bb','f8315a47-3595-4af7-afca-831deb36ae44','16b41fad-47bb-456e-818a-0e17a10696d3','7dba2974-eed0-4a24-8090-13ce49e8ae9c','2107c201-e779-4d54-b9d8-e77e63506727','540fda97-9bb5-45a3-8677-e5494a35f98d','8db21bed-0a56-4384-b989-46c85bf60a4a','b64fe46a-25b2-4780-b910-8897bab331d1','04b0026e-ed12-4e5e-85e2-1ed905581184','c4b26668-789f-4117-b9af-34719df71955','06cf74d1-3ae5-4aee-8048-5fab3132f2ba','5ce4a39b-7e40-4486-b5d7-7f910cb36590','b23b7eaa-6c87-413b-b144-42b7afafd4df','f033f831-0ad6-4654-b9cc-9ad6f8c92e8c','af282aaf-606b-4d5f-9ef8-070dc205befb','24c1e762-e92d-485c-ab51-7bd8574e8cb1','2d68eaae-a710-43ae-b278-b376f0865788','21fdd8fe-78d5-4ce1-ae83-7df1ebfc6f56','23922b05-5fbd-49fd-8f6e-3847cabd2503','5c53b1b4-f8e2-4bd1-a376-d983f799cf4b')
[2026-04-16 02:07:56.986] local.info: [19.049ms] [rows:1] SELECT count(*) FROM "notifications" WHERE user_id = '00000000-0000-0000-0000-000000000099' AND is_read = false
[2026-04-16 02:07:57.536] local.info: [18.884ms] [rows:1] SELECT * FROM "users" WHERE id = '00000000-0000-0000-0000-000000000099' ORDER BY "users"."id" LIMIT 1
[2026-04-16 02:07:57.557] local.info: [19.902ms] [rows:1] SELECT * FROM "user_roles" WHERE user_id = '00000000-0000-0000-0000-000000000099'
[2026-04-16 02:07:57.576] local.info: [19.208ms] [rows:1] SELECT * FROM "roles" WHERE id IN ('68c46dfb-a565-4938-99d7-9fdd0acf8a7e')
[2026-04-16 02:07:57.596] local.info: [20.027ms] [rows:45] SELECT * FROM "role_permissions" WHERE role_id IN ('68c46dfb-a565-4938-99d7-9fdd0acf8a7e')
[2026-04-16 02:07:57.617] local.info: [20.021ms] [rows:45] SELECT * FROM "permissions" WHERE id IN ('ab6da9f5-8b11-4644-9aaa-009b3b28a4ec','5daf3519-8949-4d26-b4bc-00c8b03f04fe','91166846-7ec1-42de-b134-ce141c3a9d7d','28c919a4-3744-4931-805a-a219892adbe3','789e0c77-5a0c-4ea7-a2e1-606803a6e2bd','6cd9d7a8-34ac-4740-9bc1-aa386ae6de38','8d2454fc-6567-46f9-8527-5843c7142e3c','cf81b7d4-096a-435a-b515-ad3f779199b8','82188518-37d9-45c0-9bca-b0d202cc9449','c01ff63f-6e93-4a78-8e50-87af96ab4a89','a14b8e8b-3f32-475f-8a47-5d33dab3042e','653cb315-36f1-4697-90e4-329900532da2','217d2f9d-5606-432f-99aa-bd6fb720b45f','328bd207-61d6-40ab-9d1d-bbe31ba63a3e','9b3cb586-a24f-4353-8c5a-6a860eba7357','a9280ee9-eb73-4cfb-8092-80f4c2cc5529','e225de9e-e14e-4219-a638-44d136be5613','46c78359-bdb4-421e-9182-d1d095921f20','b0aabdc2-3a7f-496c-a902-ee468671cf24','f4e500e8-45dd-4eeb-8b47-c97d832f18b2','00f63f53-4009-405a-9736-eff543475f78','31cb98ec-4d68-460a-8a6b-1566b0356cb5','29033b15-df4d-4afe-b261-d9f9d978215b','770de03c-008e-4352-915b-dbad46394b3e','386b4440-e446-4a4c-bbf2-2df0b3d482e7','764434f1-f401-4cec-b0a5-94c50e4c10bb','f8315a47-3595-4af7-afca-831deb36ae44','16b41fad-47bb-456e-818a-0e17a10696d3','7dba2974-eed0-4a24-8090-13ce49e8ae9c','2107c201-e779-4d54-b9d8-e77e63506727','540fda97-9bb5-45a3-8677-e5494a35f98d','8db21bed-0a56-4384-b989-46c85bf60a4a','b64fe46a-25b2-4780-b910-8897bab331d1','04b0026e-ed12-4e5e-85e2-1ed905581184','c4b26668-789f-4117-b9af-34719df71955','06cf74d1-3ae5-4aee-8048-5fab3132f2ba','5ce4a39b-7e40-4486-b5d7-7f910cb36590','b23b7eaa-6c87-413b-b144-42b7afafd4df','f033f831-0ad6-4654-b9cc-9ad6f8c92e8c','af282aaf-606b-4d5f-9ef8-070dc205befb','24c1e762-e92d-485c-ab51-7bd8574e8cb1','2d68eaae-a710-43ae-b278-b376f0865788','21fdd8fe-78d5-4ce1-ae83-7df1ebfc6f56','23922b05-5fbd-49fd-8f6e-3847cabd2503','5c53b1b4-f8e2-4bd1-a376-d983f799cf4b')
[2026-04-16 02:07:57.637] local.info: [19.527ms] [rows:1] SELECT * FROM "document_templates" WHERE id = 'ef6ad65a-07d2-444b-951d-d197ee14c8a0' ORDER BY "document_templates"."id" LIMIT 1
[2026-04-16 02:07:57.658] local.info: [20.596ms] [rows:3] SELECT * FROM "template_tags" WHERE template_id = 'ef6ad65a-07d2-444b-951d-d197ee14c8a0' ORDER BY group_order asc, field_order asc
[2026-04-16 02:07:58.817] local.info: [42.010ms] [rows:1] SELECT * FROM "users" WHERE id = '00000000-0000-0000-0000-000000000099' ORDER BY "users"."id" LIMIT 1
[2026-04-16 02:07:58.837] local.info: [20.232ms] [rows:1] SELECT * FROM "user_roles" WHERE user_id = '00000000-0000-0000-0000-000000000099'
[2026-04-16 02:07:58.866] local.info: [29.129ms] [rows:1] SELECT * FROM "roles" WHERE id IN ('68c46dfb-a565-4938-99d7-9fdd0acf8a7e')
[2026-04-16 02:07:58.886] local.info: [19.944ms] [rows:45] SELECT * FROM "role_permissions" WHERE role_id IN ('68c46dfb-a565-4938-99d7-9fdd0acf8a7e')
[2026-04-16 02:07:58.907] local.info: [20.140ms] [rows:45] SELECT * FROM "permissions" WHERE id IN ('ab6da9f5-8b11-4644-9aaa-009b3b28a4ec','5daf3519-8949-4d26-b4bc-00c8b03f04fe','91166846-7ec1-42de-b134-ce141c3a9d7d','28c919a4-3744-4931-805a-a219892adbe3','789e0c77-5a0c-4ea7-a2e1-606803a6e2bd','6cd9d7a8-34ac-4740-9bc1-aa386ae6de38','8d2454fc-6567-46f9-8527-5843c7142e3c','cf81b7d4-096a-435a-b515-ad3f779199b8','82188518-37d9-45c0-9bca-b0d202cc9449','c01ff63f-6e93-4a78-8e50-87af96ab4a89','a14b8e8b-3f32-475f-8a47-5d33dab3042e','653cb315-36f1-4697-90e4-329900532da2','217d2f9d-5606-432f-99aa-bd6fb720b45f','328bd207-61d6-40ab-9d1d-bbe31ba63a3e','9b3cb586-a24f-4353-8c5a-6a860eba7357','a9280ee9-eb73-4cfb-8092-80f4c2cc5529','e225de9e-e14e-4219-a638-44d136be5613','46c78359-bdb4-421e-9182-d1d095921f20','b0aabdc2-3a7f-496c-a902-ee468671cf24','f4e500e8-45dd-4eeb-8b47-c97d832f18b2','00f63f53-4009-405a-9736-eff543475f78','31cb98ec-4d68-460a-8a6b-1566b0356cb5','29033b15-df4d-4afe-b261-d9f9d978215b','770de03c-008e-4352-915b-dbad46394b3e','386b4440-e446-4a4c-bbf2-2df0b3d482e7','764434f1-f401-4cec-b0a5-94c50e4c10bb','f8315a47-3595-4af7-afca-831deb36ae44','16b41fad-47bb-456e-818a-0e17a10696d3','7dba2974-eed0-4a24-8090-13ce49e8ae9c','2107c201-e779-4d54-b9d8-e77e63506727','540fda97-9bb5-45a3-8677-e5494a35f98d','8db21bed-0a56-4384-b989-46c85bf60a4a','b64fe46a-25b2-4780-b910-8897bab331d1','04b0026e-ed12-4e5e-85e2-1ed905581184','c4b26668-789f-4117-b9af-34719df71955','06cf74d1-3ae5-4aee-8048-5fab3132f2ba','5ce4a39b-7e40-4486-b5d7-7f910cb36590','b23b7eaa-6c87-413b-b144-42b7afafd4df','f033f831-0ad6-4654-b9cc-9ad6f8c92e8c','af282aaf-606b-4d5f-9ef8-070dc205befb','24c1e762-e92d-485c-ab51-7bd8574e8cb1','2d68eaae-a710-43ae-b278-b376f0865788','21fdd8fe-78d5-4ce1-ae83-7df1ebfc6f56','23922b05-5fbd-49fd-8f6e-3847cabd2503','5c53b1b4-f8e2-4bd1-a376-d983f799cf4b')
[2026-04-16 02:07:58.926] local.info: [19.336ms] [rows:1] SELECT count(*) FROM "document_templates" WHERE company_id = '00000000-0000-0000-0000-000000000001'
[2026-04-16 02:07:58.966] local.info: [20.024ms] [rows:1] SELECT * FROM "document_types" WHERE "document_types"."id" = '7367ca3d-eb1d-43dd-a115-cf3d2ceecdfa'
[2026-04-16 02:07:58.967] local.info: [40.338ms] [rows:1] SELECT * FROM "document_templates" WHERE company_id = '00000000-0000-0000-0000-000000000001' ORDER BY created_at desc LIMIT 20
[2026-04-16 02:08:03.873] local.info: [20.723ms] [rows:1] SELECT * FROM "users" WHERE id = '00000000-0000-0000-0000-000000000099' ORDER BY "users"."id" LIMIT 1
[2026-04-16 02:08:03.873] local.info: [14.141ms] [rows:1] SELECT * FROM "users" WHERE id = '00000000-0000-0000-0000-000000000099' ORDER BY "users"."id" LIMIT 1
[2026-04-16 02:08:03.873] local.info: [13.928ms] [rows:1] SELECT * FROM "users" WHERE id = '00000000-0000-0000-0000-000000000099' ORDER BY "users"."id" LIMIT 1
[2026-04-16 02:08:03.882] local.info: [29.539ms] [rows:1] SELECT * FROM "users" WHERE id = '00000000-0000-0000-0000-000000000099' ORDER BY "users"."id" LIMIT 1
[2026-04-16 02:08:03.882] local.info: [23.011ms] [rows:1] SELECT * FROM "users" WHERE id = '00000000-0000-0000-0000-000000000099' ORDER BY "users"."id" LIMIT 1
[2026-04-16 02:08:03.882] local.info: [8.904ms] [rows:1] SELECT * FROM "user_roles" WHERE user_id = '00000000-0000-0000-0000-000000000099'
[2026-04-16 02:08:03.889] local.info: [29.405ms] [rows:1] SELECT * FROM "users" WHERE id = '00000000-0000-0000-0000-000000000099' ORDER BY "users"."id" LIMIT 1
[2026-04-16 02:08:03.889] local.info: [7.255ms] [rows:1] SELECT * FROM "user_roles" WHERE user_id = '00000000-0000-0000-0000-000000000099'
[2026-04-16 02:08:03.889] local.info: [16.134ms] [rows:1] SELECT * FROM "user_roles" WHERE user_id = '00000000-0000-0000-0000-000000000099'
[2026-04-16 02:08:03.889] local.info: [7.140ms] [rows:1] SELECT * FROM "user_roles" WHERE user_id = '00000000-0000-0000-0000-000000000099'
[2026-04-16 02:08:03.889] local.info: [16.319ms] [rows:1] SELECT * FROM "user_roles" WHERE user_id = '00000000-0000-0000-0000-000000000099'
[2026-04-16 02:08:03.908] local.info: [25.651ms] [rows:1] SELECT * FROM "roles" WHERE id IN ('68c46dfb-a565-4938-99d7-9fdd0acf8a7e')
[2026-04-16 02:08:03.908] local.info: [18.581ms] [rows:1] SELECT * FROM "roles" WHERE id IN ('68c46dfb-a565-4938-99d7-9fdd0acf8a7e')
[2026-04-16 02:08:03.908] local.info: [18.535ms] [rows:1] SELECT * FROM "roles" WHERE id IN ('68c46dfb-a565-4938-99d7-9fdd0acf8a7e')
[2026-04-16 02:08:03.908] local.info: [18.738ms] [rows:1] SELECT * FROM "user_roles" WHERE user_id = '00000000-0000-0000-0000-000000000099'
[2026-04-16 02:08:03.908] local.info: [18.728ms] [rows:1] SELECT * FROM "roles" WHERE id IN ('68c46dfb-a565-4938-99d7-9fdd0acf8a7e')
[2026-04-16 02:08:03.909] local.info: [19.454ms] [rows:1] SELECT * FROM "roles" WHERE id IN ('68c46dfb-a565-4938-99d7-9fdd0acf8a7e')
[2026-04-16 02:08:03.917] local.info: [8.739ms] [rows:45] SELECT * FROM "role_permissions" WHERE role_id IN ('68c46dfb-a565-4938-99d7-9fdd0acf8a7e')
[2026-04-16 02:08:03.918] local.info: [9.634ms] [rows:45] SELECT * FROM "role_permissions" WHERE role_id IN ('68c46dfb-a565-4938-99d7-9fdd0acf8a7e')
[2026-04-16 02:08:03.918] local.info: [8.736ms] [rows:1] SELECT * FROM "roles" WHERE id IN ('68c46dfb-a565-4938-99d7-9fdd0acf8a7e')
[2026-04-16 02:08:03.918] local.info: [9.912ms] [rows:45] SELECT * FROM "role_permissions" WHERE role_id IN ('68c46dfb-a565-4938-99d7-9fdd0acf8a7e')
[2026-04-16 02:08:03.919] local.info: [10.334ms] [rows:45] SELECT * FROM "role_permissions" WHERE role_id IN ('68c46dfb-a565-4938-99d7-9fdd0acf8a7e')
[2026-04-16 02:08:03.924] local.info: [15.038ms] [rows:45] SELECT * FROM "role_permissions" WHERE role_id IN ('68c46dfb-a565-4938-99d7-9fdd0acf8a7e')
[2026-04-16 02:08:03.926] local.info: [9.250ms] [rows:45] SELECT * FROM "permissions" WHERE id IN ('ab6da9f5-8b11-4644-9aaa-009b3b28a4ec','5daf3519-8949-4d26-b4bc-00c8b03f04fe','91166846-7ec1-42de-b134-ce141c3a9d7d','28c919a4-3744-4931-805a-a219892adbe3','789e0c77-5a0c-4ea7-a2e1-606803a6e2bd','6cd9d7a8-34ac-4740-9bc1-aa386ae6de38','8d2454fc-6567-46f9-8527-5843c7142e3c','cf81b7d4-096a-435a-b515-ad3f779199b8','82188518-37d9-45c0-9bca-b0d202cc9449','c01ff63f-6e93-4a78-8e50-87af96ab4a89','a14b8e8b-3f32-475f-8a47-5d33dab3042e','653cb315-36f1-4697-90e4-329900532da2','217d2f9d-5606-432f-99aa-bd6fb720b45f','328bd207-61d6-40ab-9d1d-bbe31ba63a3e','9b3cb586-a24f-4353-8c5a-6a860eba7357','a9280ee9-eb73-4cfb-8092-80f4c2cc5529','e225de9e-e14e-4219-a638-44d136be5613','46c78359-bdb4-421e-9182-d1d095921f20','b0aabdc2-3a7f-496c-a902-ee468671cf24','f4e500e8-45dd-4eeb-8b47-c97d832f18b2','00f63f53-4009-405a-9736-eff543475f78','31cb98ec-4d68-460a-8a6b-1566b0356cb5','29033b15-df4d-4afe-b261-d9f9d978215b','770de03c-008e-4352-915b-dbad46394b3e','386b4440-e446-4a4c-bbf2-2df0b3d482e7','764434f1-f401-4cec-b0a5-94c50e4c10bb','f8315a47-3595-4af7-afca-831deb36ae44','16b41fad-47bb-456e-818a-0e17a10696d3','7dba2974-eed0-4a24-8090-13ce49e8ae9c','2107c201-e779-4d54-b9d8-e77e63506727','540fda97-9bb5-45a3-8677-e5494a35f98d','8db21bed-0a56-4384-b989-46c85bf60a4a','b64fe46a-25b2-4780-b910-8897bab331d1','04b0026e-ed12-4e5e-85e2-1ed905581184','c4b26668-789f-4117-b9af-34719df71955','06cf74d1-3ae5-4aee-8048-5fab3132f2ba','5ce4a39b-7e40-4486-b5d7-7f910cb36590','b23b7eaa-6c87-413b-b144-42b7afafd4df','f033f831-0ad6-4654-b9cc-9ad6f8c92e8c','af282aaf-606b-4d5f-9ef8-070dc205befb','24c1e762-e92d-485c-ab51-7bd8574e8cb1','2d68eaae-a710-43ae-b278-b376f0865788','21fdd8fe-78d5-4ce1-ae83-7df1ebfc6f56','23922b05-5fbd-49fd-8f6e-3847cabd2503','5c53b1b4-f8e2-4bd1-a376-d983f799cf4b')
[2026-04-16 02:08:03.93] local.info: [11.775ms] [rows:45] SELECT * FROM "role_permissions" WHERE role_id IN ('68c46dfb-a565-4938-99d7-9fdd0acf8a7e')
[2026-04-16 02:08:03.93] local.info: [12.101ms] [rows:45] SELECT * FROM "permissions" WHERE id IN ('ab6da9f5-8b11-4644-9aaa-009b3b28a4ec','5daf3519-8949-4d26-b4bc-00c8b03f04fe','91166846-7ec1-42de-b134-ce141c3a9d7d','28c919a4-3744-4931-805a-a219892adbe3','789e0c77-5a0c-4ea7-a2e1-606803a6e2bd','6cd9d7a8-34ac-4740-9bc1-aa386ae6de38','8d2454fc-6567-46f9-8527-5843c7142e3c','cf81b7d4-096a-435a-b515-ad3f779199b8','82188518-37d9-45c0-9bca-b0d202cc9449','c01ff63f-6e93-4a78-8e50-87af96ab4a89','a14b8e8b-3f32-475f-8a47-5d33dab3042e','653cb315-36f1-4697-90e4-329900532da2','217d2f9d-5606-432f-99aa-bd6fb720b45f','328bd207-61d6-40ab-9d1d-bbe31ba63a3e','9b3cb586-a24f-4353-8c5a-6a860eba7357','a9280ee9-eb73-4cfb-8092-80f4c2cc5529','e225de9e-e14e-4219-a638-44d136be5613','46c78359-bdb4-421e-9182-d1d095921f20','b0aabdc2-3a7f-496c-a902-ee468671cf24','f4e500e8-45dd-4eeb-8b47-c97d832f18b2','00f63f53-4009-405a-9736-eff543475f78','31cb98ec-4d68-460a-8a6b-1566b0356cb5','29033b15-df4d-4afe-b261-d9f9d978215b','770de03c-008e-4352-915b-dbad46394b3e','386b4440-e446-4a4c-bbf2-2df0b3d482e7','764434f1-f401-4cec-b0a5-94c50e4c10bb','f8315a47-3595-4af7-afca-831deb36ae44','16b41fad-47bb-456e-818a-0e17a10696d3','7dba2974-eed0-4a24-8090-13ce49e8ae9c','2107c201-e779-4d54-b9d8-e77e63506727','540fda97-9bb5-45a3-8677-e5494a35f98d','8db21bed-0a56-4384-b989-46c85bf60a4a','b64fe46a-25b2-4780-b910-8897bab331d1','04b0026e-ed12-4e5e-85e2-1ed905581184','c4b26668-789f-4117-b9af-34719df71955','06cf74d1-3ae5-4aee-8048-5fab3132f2ba','5ce4a39b-7e40-4486-b5d7-7f910cb36590','b23b7eaa-6c87-413b-b144-42b7afafd4df','f033f831-0ad6-4654-b9cc-9ad6f8c92e8c','af282aaf-606b-4d5f-9ef8-070dc205befb','24c1e762-e92d-485c-ab51-7bd8574e8cb1','2d68eaae-a710-43ae-b278-b376f0865788','21fdd8fe-78d5-4ce1-ae83-7df1ebfc6f56','23922b05-5fbd-49fd-8f6e-3847cabd2503','5c53b1b4-f8e2-4bd1-a376-d983f799cf4b')
[2026-04-16 02:08:03.93] local.info: [11.727ms] [rows:45] SELECT * FROM "permissions" WHERE id IN ('ab6da9f5-8b11-4644-9aaa-009b3b28a4ec','5daf3519-8949-4d26-b4bc-00c8b03f04fe','91166846-7ec1-42de-b134-ce141c3a9d7d','28c919a4-3744-4931-805a-a219892adbe3','789e0c77-5a0c-4ea7-a2e1-606803a6e2bd','6cd9d7a8-34ac-4740-9bc1-aa386ae6de38','8d2454fc-6567-46f9-8527-5843c7142e3c','cf81b7d4-096a-435a-b515-ad3f779199b8','82188518-37d9-45c0-9bca-b0d202cc9449','c01ff63f-6e93-4a78-8e50-87af96ab4a89','a14b8e8b-3f32-475f-8a47-5d33dab3042e','653cb315-36f1-4697-90e4-329900532da2','217d2f9d-5606-432f-99aa-bd6fb720b45f','328bd207-61d6-40ab-9d1d-bbe31ba63a3e','9b3cb586-a24f-4353-8c5a-6a860eba7357','a9280ee9-eb73-4cfb-8092-80f4c2cc5529','e225de9e-e14e-4219-a638-44d136be5613','46c78359-bdb4-421e-9182-d1d095921f20','b0aabdc2-3a7f-496c-a902-ee468671cf24','f4e500e8-45dd-4eeb-8b47-c97d832f18b2','00f63f53-4009-405a-9736-eff543475f78','31cb98ec-4d68-460a-8a6b-1566b0356cb5','29033b15-df4d-4afe-b261-d9f9d978215b','770de03c-008e-4352-915b-dbad46394b3e','386b4440-e446-4a4c-bbf2-2df0b3d482e7','764434f1-f401-4cec-b0a5-94c50e4c10bb','f8315a47-3595-4af7-afca-831deb36ae44','16b41fad-47bb-456e-818a-0e17a10696d3','7dba2974-eed0-4a24-8090-13ce49e8ae9c','2107c201-e779-4d54-b9d8-e77e63506727','540fda97-9bb5-45a3-8677-e5494a35f98d','8db21bed-0a56-4384-b989-46c85bf60a4a','b64fe46a-25b2-4780-b910-8897bab331d1','04b0026e-ed12-4e5e-85e2-1ed905581184','c4b26668-789f-4117-b9af-34719df71955','06cf74d1-3ae5-4aee-8048-5fab3132f2ba','5ce4a39b-7e40-4486-b5d7-7f910cb36590','b23b7eaa-6c87-413b-b144-42b7afafd4df','f033f831-0ad6-4654-b9cc-9ad6f8c92e8c','af282aaf-606b-4d5f-9ef8-070dc205befb','24c1e762-e92d-485c-ab51-7bd8574e8cb1','2d68eaae-a710-43ae-b278-b376f0865788','21fdd8fe-78d5-4ce1-ae83-7df1ebfc6f56','23922b05-5fbd-49fd-8f6e-3847cabd2503','5c53b1b4-f8e2-4bd1-a376-d983f799cf4b')
[2026-04-16 02:08:03.935] local.info: [15.284ms] [rows:45] SELECT * FROM "permissions" WHERE id IN ('ab6da9f5-8b11-4644-9aaa-009b3b28a4ec','5daf3519-8949-4d26-b4bc-00c8b03f04fe','91166846-7ec1-42de-b134-ce141c3a9d7d','28c919a4-3744-4931-805a-a219892adbe3','789e0c77-5a0c-4ea7-a2e1-606803a6e2bd','6cd9d7a8-34ac-4740-9bc1-aa386ae6de38','8d2454fc-6567-46f9-8527-5843c7142e3c','cf81b7d4-096a-435a-b515-ad3f779199b8','82188518-37d9-45c0-9bca-b0d202cc9449','c01ff63f-6e93-4a78-8e50-87af96ab4a89','a14b8e8b-3f32-475f-8a47-5d33dab3042e','653cb315-36f1-4697-90e4-329900532da2','217d2f9d-5606-432f-99aa-bd6fb720b45f','328bd207-61d6-40ab-9d1d-bbe31ba63a3e','9b3cb586-a24f-4353-8c5a-6a860eba7357','a9280ee9-eb73-4cfb-8092-80f4c2cc5529','e225de9e-e14e-4219-a638-44d136be5613','46c78359-bdb4-421e-9182-d1d095921f20','b0aabdc2-3a7f-496c-a902-ee468671cf24','f4e500e8-45dd-4eeb-8b47-c97d832f18b2','00f63f53-4009-405a-9736-eff543475f78','31cb98ec-4d68-460a-8a6b-1566b0356cb5','29033b15-df4d-4afe-b261-d9f9d978215b','770de03c-008e-4352-915b-dbad46394b3e','386b4440-e446-4a4c-bbf2-2df0b3d482e7','764434f1-f401-4cec-b0a5-94c50e4c10bb','f8315a47-3595-4af7-afca-831deb36ae44','16b41fad-47bb-456e-818a-0e17a10696d3','7dba2974-eed0-4a24-8090-13ce49e8ae9c','2107c201-e779-4d54-b9d8-e77e63506727','540fda97-9bb5-45a3-8677-e5494a35f98d','8db21bed-0a56-4384-b989-46c85bf60a4a','b64fe46a-25b2-4780-b910-8897bab331d1','04b0026e-ed12-4e5e-85e2-1ed905581184','c4b26668-789f-4117-b9af-34719df71955','06cf74d1-3ae5-4aee-8048-5fab3132f2ba','5ce4a39b-7e40-4486-b5d7-7f910cb36590','b23b7eaa-6c87-413b-b144-42b7afafd4df','f033f831-0ad6-4654-b9cc-9ad6f8c92e8c','af282aaf-606b-4d5f-9ef8-070dc205befb','24c1e762-e92d-485c-ab51-7bd8574e8cb1','2d68eaae-a710-43ae-b278-b376f0865788','21fdd8fe-78d5-4ce1-ae83-7df1ebfc6f56','23922b05-5fbd-49fd-8f6e-3847cabd2503','5c53b1b4-f8e2-4bd1-a376-d983f799cf4b')
[2026-04-16 02:08:03.937] local.info: [12.850ms] [rows:45] SELECT * FROM "permissions" WHERE id IN ('ab6da9f5-8b11-4644-9aaa-009b3b28a4ec','5daf3519-8949-4d26-b4bc-00c8b03f04fe','91166846-7ec1-42de-b134-ce141c3a9d7d','28c919a4-3744-4931-805a-a219892adbe3','789e0c77-5a0c-4ea7-a2e1-606803a6e2bd','6cd9d7a8-34ac-4740-9bc1-aa386ae6de38','8d2454fc-6567-46f9-8527-5843c7142e3c','cf81b7d4-096a-435a-b515-ad3f779199b8','82188518-37d9-45c0-9bca-b0d202cc9449','c01ff63f-6e93-4a78-8e50-87af96ab4a89','a14b8e8b-3f32-475f-8a47-5d33dab3042e','653cb315-36f1-4697-90e4-329900532da2','217d2f9d-5606-432f-99aa-bd6fb720b45f','328bd207-61d6-40ab-9d1d-bbe31ba63a3e','9b3cb586-a24f-4353-8c5a-6a860eba7357','a9280ee9-eb73-4cfb-8092-80f4c2cc5529','e225de9e-e14e-4219-a638-44d136be5613','46c78359-bdb4-421e-9182-d1d095921f20','b0aabdc2-3a7f-496c-a902-ee468671cf24','f4e500e8-45dd-4eeb-8b47-c97d832f18b2','00f63f53-4009-405a-9736-eff543475f78','31cb98ec-4d68-460a-8a6b-1566b0356cb5','29033b15-df4d-4afe-b261-d9f9d978215b','770de03c-008e-4352-915b-dbad46394b3e','386b4440-e446-4a4c-bbf2-2df0b3d482e7','764434f1-f401-4cec-b0a5-94c50e4c10bb','f8315a47-3595-4af7-afca-831deb36ae44','16b41fad-47bb-456e-818a-0e17a10696d3','7dba2974-eed0-4a24-8090-13ce49e8ae9c','2107c201-e779-4d54-b9d8-e77e63506727','540fda97-9bb5-45a3-8677-e5494a35f98d','8db21bed-0a56-4384-b989-46c85bf60a4a','b64fe46a-25b2-4780-b910-8897bab331d1','04b0026e-ed12-4e5e-85e2-1ed905581184','c4b26668-789f-4117-b9af-34719df71955','06cf74d1-3ae5-4aee-8048-5fab3132f2ba','5ce4a39b-7e40-4486-b5d7-7f910cb36590','b23b7eaa-6c87-413b-b144-42b7afafd4df','f033f831-0ad6-4654-b9cc-9ad6f8c92e8c','af282aaf-606b-4d5f-9ef8-070dc205befb','24c1e762-e92d-485c-ab51-7bd8574e8cb1','2d68eaae-a710-43ae-b278-b376f0865788','21fdd8fe-78d5-4ce1-ae83-7df1ebfc6f56','23922b05-5fbd-49fd-8f6e-3847cabd2503','5c53b1b4-f8e2-4bd1-a376-d983f799cf4b')
[2026-04-16 02:08:03.937] local.info: [11.146ms] [rows:1] SELECT count(*) FROM "documents" WHERE deleted_at IS NULL AND status IN ('draft')
[2026-04-16 02:08:03.94] local.info: [10.582ms] [rows:45] SELECT * FROM "permissions" WHERE id IN ('ab6da9f5-8b11-4644-9aaa-009b3b28a4ec','5daf3519-8949-4d26-b4bc-00c8b03f04fe','91166846-7ec1-42de-b134-ce141c3a9d7d','28c919a4-3744-4931-805a-a219892adbe3','789e0c77-5a0c-4ea7-a2e1-606803a6e2bd','6cd9d7a8-34ac-4740-9bc1-aa386ae6de38','8d2454fc-6567-46f9-8527-5843c7142e3c','cf81b7d4-096a-435a-b515-ad3f779199b8','82188518-37d9-45c0-9bca-b0d202cc9449','c01ff63f-6e93-4a78-8e50-87af96ab4a89','a14b8e8b-3f32-475f-8a47-5d33dab3042e','653cb315-36f1-4697-90e4-329900532da2','217d2f9d-5606-432f-99aa-bd6fb720b45f','328bd207-61d6-40ab-9d1d-bbe31ba63a3e','9b3cb586-a24f-4353-8c5a-6a860eba7357','a9280ee9-eb73-4cfb-8092-80f4c2cc5529','e225de9e-e14e-4219-a638-44d136be5613','46c78359-bdb4-421e-9182-d1d095921f20','b0aabdc2-3a7f-496c-a902-ee468671cf24','f4e500e8-45dd-4eeb-8b47-c97d832f18b2','00f63f53-4009-405a-9736-eff543475f78','31cb98ec-4d68-460a-8a6b-1566b0356cb5','29033b15-df4d-4afe-b261-d9f9d978215b','770de03c-008e-4352-915b-dbad46394b3e','386b4440-e446-4a4c-bbf2-2df0b3d482e7','764434f1-f401-4cec-b0a5-94c50e4c10bb','f8315a47-3595-4af7-afca-831deb36ae44','16b41fad-47bb-456e-818a-0e17a10696d3','7dba2974-eed0-4a24-8090-13ce49e8ae9c','2107c201-e779-4d54-b9d8-e77e63506727','540fda97-9bb5-45a3-8677-e5494a35f98d','8db21bed-0a56-4384-b989-46c85bf60a4a','b64fe46a-25b2-4780-b910-8897bab331d1','04b0026e-ed12-4e5e-85e2-1ed905581184','c4b26668-789f-4117-b9af-34719df71955','06cf74d1-3ae5-4aee-8048-5fab3132f2ba','5ce4a39b-7e40-4486-b5d7-7f910cb36590','b23b7eaa-6c87-413b-b144-42b7afafd4df','f033f831-0ad6-4654-b9cc-9ad6f8c92e8c','af282aaf-606b-4d5f-9ef8-070dc205befb','24c1e762-e92d-485c-ab51-7bd8574e8cb1','2d68eaae-a710-43ae-b278-b376f0865788','21fdd8fe-78d5-4ce1-ae83-7df1ebfc6f56','23922b05-5fbd-49fd-8f6e-3847cabd2503','5c53b1b4-f8e2-4bd1-a376-d983f799cf4b')
[2026-04-16 02:08:03.94] local.info: [10.482ms] [rows:1] SELECT count(*) FROM "documents" WHERE deleted_at IS NULL AND status IN ('in_review')
[2026-04-16 02:08:03.944] local.info: [13.764ms] [rows:1] SELECT count(*) FROM "document_types"
[2026-04-16 02:08:03.944] local.info: [8.942ms] [rows:1] SELECT count(*) FROM "document_categories" WHERE deleted_at IS NULL
[2026-04-16 02:08:03.947] local.info: [9.926ms] [rows:1] SELECT count(*) FROM "documents" WHERE deleted_at IS NULL AND status IN ('approved')
[2026-04-16 02:08:03.95] local.info: [10.085ms] [rows:0] SELECT * FROM "documents" WHERE deleted_at IS NULL AND status IN ('in_review') ORDER BY created_at desc LIMIT 1
[2026-04-16 02:08:03.951] local.info: [10.291ms] [rows:1] SELECT count(*) FROM "documents" WHERE deleted_at IS NULL AND status IN ('final')
[2026-04-16 02:08:03.955] local.info: [10.816ms] [rows:5] SELECT * FROM "document_types" ORDER BY sort_order asc, created_at desc LIMIT 20
[2026-04-16 02:08:03.955] local.info: [7.488ms] [rows:1] SELECT * FROM "document_categories" WHERE "document_categories"."id" = '1de6dcb1-c46b-466f-af65-bc4b8d75de05'
[2026-04-16 02:08:03.955] local.info: [10.874ms] [rows:1] SELECT * FROM "document_categories" WHERE deleted_at IS NULL ORDER BY sort_order asc, created_at desc LIMIT 20
[2026-04-16 02:08:03.958] local.info: [10.931ms] [rows:0] SELECT * FROM "documents" WHERE deleted_at IS NULL AND status IN ('approved') ORDER BY created_at desc LIMIT 1
[2026-04-16 02:08:03.958] local.info: [6.709ms] [rows:1] SELECT * FROM "users" WHERE id = '00000000-0000-0000-0000-000000000099' ORDER BY "users"."id" LIMIT 1
[2026-04-16 02:08:03.978] local.info: [22.865ms] [rows:1] SELECT * FROM "users" WHERE "users"."id" = '00000000-0000-0000-0000-000000000099'
[2026-04-16 02:08:03.978] local.info: [27.054ms] [rows:0] SELECT * FROM "documents" WHERE deleted_at IS NULL AND status IN ('final') ORDER BY created_at desc LIMIT 1
[2026-04-16 02:08:03.978] local.info: [19.356ms] [rows:1] SELECT * FROM "user_roles" WHERE user_id = '00000000-0000-0000-0000-000000000099'
[2026-04-16 02:08:03.996] local.info: [18.227ms] [rows:1] SELECT * FROM "roles" WHERE id IN ('68c46dfb-a565-4938-99d7-9fdd0acf8a7e')
[2026-04-16 02:08:03.996] local.info: [18.502ms] [rows:1] SELECT * FROM "document_types" WHERE "document_types"."id" = '7367ca3d-eb1d-43dd-a115-cf3d2ceecdfa'
[2026-04-16 02:08:03.996] local.info: [59.124ms] [rows:1] SELECT * FROM "documents" WHERE deleted_at IS NULL AND status IN ('draft') ORDER BY created_at desc LIMIT 1
[2026-04-16 02:08:04.016] local.info: [19.937ms] [rows:45] SELECT * FROM "role_permissions" WHERE role_id IN ('68c46dfb-a565-4938-99d7-9fdd0acf8a7e')
[2026-04-16 02:08:04.036] local.info: [20.054ms] [rows:45] SELECT * FROM "permissions" WHERE id IN ('ab6da9f5-8b11-4644-9aaa-009b3b28a4ec','5daf3519-8949-4d26-b4bc-00c8b03f04fe','91166846-7ec1-42de-b134-ce141c3a9d7d','28c919a4-3744-4931-805a-a219892adbe3','789e0c77-5a0c-4ea7-a2e1-606803a6e2bd','6cd9d7a8-34ac-4740-9bc1-aa386ae6de38','8d2454fc-6567-46f9-8527-5843c7142e3c','cf81b7d4-096a-435a-b515-ad3f779199b8','82188518-37d9-45c0-9bca-b0d202cc9449','c01ff63f-6e93-4a78-8e50-87af96ab4a89','a14b8e8b-3f32-475f-8a47-5d33dab3042e','653cb315-36f1-4697-90e4-329900532da2','217d2f9d-5606-432f-99aa-bd6fb720b45f','328bd207-61d6-40ab-9d1d-bbe31ba63a3e','9b3cb586-a24f-4353-8c5a-6a860eba7357','a9280ee9-eb73-4cfb-8092-80f4c2cc5529','e225de9e-e14e-4219-a638-44d136be5613','46c78359-bdb4-421e-9182-d1d095921f20','b0aabdc2-3a7f-496c-a902-ee468671cf24','f4e500e8-45dd-4eeb-8b47-c97d832f18b2','00f63f53-4009-405a-9736-eff543475f78','31cb98ec-4d68-460a-8a6b-1566b0356cb5','29033b15-df4d-4afe-b261-d9f9d978215b','770de03c-008e-4352-915b-dbad46394b3e','386b4440-e446-4a4c-bbf2-2df0b3d482e7','764434f1-f401-4cec-b0a5-94c50e4c10bb','f8315a47-3595-4af7-afca-831deb36ae44','16b41fad-47bb-456e-818a-0e17a10696d3','7dba2974-eed0-4a24-8090-13ce49e8ae9c','2107c201-e779-4d54-b9d8-e77e63506727','540fda97-9bb5-45a3-8677-e5494a35f98d','8db21bed-0a56-4384-b989-46c85bf60a4a','b64fe46a-25b2-4780-b910-8897bab331d1','04b0026e-ed12-4e5e-85e2-1ed905581184','c4b26668-789f-4117-b9af-34719df71955','06cf74d1-3ae5-4aee-8048-5fab3132f2ba','5ce4a39b-7e40-4486-b5d7-7f910cb36590','b23b7eaa-6c87-413b-b144-42b7afafd4df','f033f831-0ad6-4654-b9cc-9ad6f8c92e8c','af282aaf-606b-4d5f-9ef8-070dc205befb','24c1e762-e92d-485c-ab51-7bd8574e8cb1','2d68eaae-a710-43ae-b278-b376f0865788','21fdd8fe-78d5-4ce1-ae83-7df1ebfc6f56','23922b05-5fbd-49fd-8f6e-3847cabd2503','5c53b1b4-f8e2-4bd1-a376-d983f799cf4b')
[2026-04-16 02:08:04.056] local.info: [19.856ms] [rows:1] SELECT count(*) FROM "documents" WHERE deleted_at IS NULL
[2026-04-16 02:08:04.096] local.info: [19.616ms] [rows:1] SELECT * FROM "document_categories" WHERE "document_categories"."id" = '1de6dcb1-c46b-466f-af65-bc4b8d75de05'
[2026-04-16 02:08:04.116] local.info: [19.957ms] [rows:1] SELECT * FROM "users" WHERE "users"."id" = '00000000-0000-0000-0000-000000000099'
[2026-04-16 02:08:04.136] local.info: [20.055ms] [rows:1] SELECT * FROM "document_types" WHERE "document_types"."id" = '7367ca3d-eb1d-43dd-a115-cf3d2ceecdfa'
[2026-04-16 02:08:04.136] local.info: [80.103ms] [rows:1] SELECT * FROM "documents" WHERE deleted_at IS NULL ORDER BY created_at desc LIMIT 15
[2026-04-16 02:08:05.194] local.info: [26.548ms] [rows:1] SELECT * FROM "users" WHERE id = '00000000-0000-0000-0000-000000000099' ORDER BY "users"."id" LIMIT 1
[2026-04-16 02:08:05.195] local.info: [26.702ms] [rows:1] SELECT * FROM "users" WHERE id = '00000000-0000-0000-0000-000000000099' ORDER BY "users"."id" LIMIT 1
[2026-04-16 02:08:05.195] local.info: [26.939ms] [rows:1] SELECT * FROM "users" WHERE id = '00000000-0000-0000-0000-000000000099' ORDER BY "users"."id" LIMIT 1
[2026-04-16 02:08:05.202] local.info: [34.108ms] [rows:1] SELECT * FROM "users" WHERE id = '00000000-0000-0000-0000-000000000099' ORDER BY "users"."id" LIMIT 1
[2026-04-16 02:08:05.202] local.info: [7.318ms] [rows:1] SELECT * FROM "user_roles" WHERE user_id = '00000000-0000-0000-0000-000000000099'
[2026-04-16 02:08:05.202] local.info: [7.486ms] [rows:1] SELECT * FROM "user_roles" WHERE user_id = '00000000-0000-0000-0000-000000000099'
[2026-04-16 02:08:05.211] local.info: [16.037ms] [rows:1] SELECT * FROM "user_roles" WHERE user_id = '00000000-0000-0000-0000-000000000099'
[2026-04-16 02:08:05.211] local.info: [8.787ms] [rows:1] SELECT * FROM "roles" WHERE id IN ('68c46dfb-a565-4938-99d7-9fdd0acf8a7e')
[2026-04-16 02:08:05.211] local.info: [8.872ms] [rows:1] SELECT * FROM "user_roles" WHERE user_id = '00000000-0000-0000-0000-000000000099'
[2026-04-16 02:08:05.219] local.info: [17.439ms] [rows:1] SELECT * FROM "roles" WHERE id IN ('68c46dfb-a565-4938-99d7-9fdd0acf8a7e')
[2026-04-16 02:08:05.22] local.info: [8.725ms] [rows:1] SELECT * FROM "roles" WHERE id IN ('68c46dfb-a565-4938-99d7-9fdd0acf8a7e')
[2026-04-16 02:08:05.228] local.info: [17.564ms] [rows:45] SELECT * FROM "role_permissions" WHERE role_id IN ('68c46dfb-a565-4938-99d7-9fdd0acf8a7e')
[2026-04-16 02:08:05.229] local.info: [8.951ms] [rows:45] SELECT * FROM "role_permissions" WHERE role_id IN ('68c46dfb-a565-4938-99d7-9fdd0acf8a7e')
[2026-04-16 02:08:05.229] local.info: [17.912ms] [rows:1] SELECT * FROM "roles" WHERE id IN ('68c46dfb-a565-4938-99d7-9fdd0acf8a7e')
[2026-04-16 02:08:05.237] local.info: [17.521ms] [rows:45] SELECT * FROM "role_permissions" WHERE role_id IN ('68c46dfb-a565-4938-99d7-9fdd0acf8a7e')
[2026-04-16 02:08:05.239] local.info: [9.965ms] [rows:45] SELECT * FROM "role_permissions" WHERE role_id IN ('68c46dfb-a565-4938-99d7-9fdd0acf8a7e')
[2026-04-16 02:08:05.239] local.info: [10.161ms] [rows:45] SELECT * FROM "permissions" WHERE id IN ('ab6da9f5-8b11-4644-9aaa-009b3b28a4ec','5daf3519-8949-4d26-b4bc-00c8b03f04fe','91166846-7ec1-42de-b134-ce141c3a9d7d','28c919a4-3744-4931-805a-a219892adbe3','789e0c77-5a0c-4ea7-a2e1-606803a6e2bd','6cd9d7a8-34ac-4740-9bc1-aa386ae6de38','8d2454fc-6567-46f9-8527-5843c7142e3c','cf81b7d4-096a-435a-b515-ad3f779199b8','82188518-37d9-45c0-9bca-b0d202cc9449','c01ff63f-6e93-4a78-8e50-87af96ab4a89','a14b8e8b-3f32-475f-8a47-5d33dab3042e','653cb315-36f1-4697-90e4-329900532da2','217d2f9d-5606-432f-99aa-bd6fb720b45f','328bd207-61d6-40ab-9d1d-bbe31ba63a3e','9b3cb586-a24f-4353-8c5a-6a860eba7357','a9280ee9-eb73-4cfb-8092-80f4c2cc5529','e225de9e-e14e-4219-a638-44d136be5613','46c78359-bdb4-421e-9182-d1d095921f20','b0aabdc2-3a7f-496c-a902-ee468671cf24','f4e500e8-45dd-4eeb-8b47-c97d832f18b2','00f63f53-4009-405a-9736-eff543475f78','31cb98ec-4d68-460a-8a6b-1566b0356cb5','29033b15-df4d-4afe-b261-d9f9d978215b','770de03c-008e-4352-915b-dbad46394b3e','386b4440-e446-4a4c-bbf2-2df0b3d482e7','764434f1-f401-4cec-b0a5-94c50e4c10bb','f8315a47-3595-4af7-afca-831deb36ae44','16b41fad-47bb-456e-818a-0e17a10696d3','7dba2974-eed0-4a24-8090-13ce49e8ae9c','2107c201-e779-4d54-b9d8-e77e63506727','540fda97-9bb5-45a3-8677-e5494a35f98d','8db21bed-0a56-4384-b989-46c85bf60a4a','b64fe46a-25b2-4780-b910-8897bab331d1','04b0026e-ed12-4e5e-85e2-1ed905581184','c4b26668-789f-4117-b9af-34719df71955','06cf74d1-3ae5-4aee-8048-5fab3132f2ba','5ce4a39b-7e40-4486-b5d7-7f910cb36590','b23b7eaa-6c87-413b-b144-42b7afafd4df','f033f831-0ad6-4654-b9cc-9ad6f8c92e8c','af282aaf-606b-4d5f-9ef8-070dc205befb','24c1e762-e92d-485c-ab51-7bd8574e8cb1','2d68eaae-a710-43ae-b278-b376f0865788','21fdd8fe-78d5-4ce1-ae83-7df1ebfc6f56','23922b05-5fbd-49fd-8f6e-3847cabd2503','5c53b1b4-f8e2-4bd1-a376-d983f799cf4b')
[2026-04-16 02:08:05.249] local.info: [20.309ms] [rows:45] SELECT * FROM "permissions" WHERE id IN ('ab6da9f5-8b11-4644-9aaa-009b3b28a4ec','5daf3519-8949-4d26-b4bc-00c8b03f04fe','91166846-7ec1-42de-b134-ce141c3a9d7d','28c919a4-3744-4931-805a-a219892adbe3','789e0c77-5a0c-4ea7-a2e1-606803a6e2bd','6cd9d7a8-34ac-4740-9bc1-aa386ae6de38','8d2454fc-6567-46f9-8527-5843c7142e3c','cf81b7d4-096a-435a-b515-ad3f779199b8','82188518-37d9-45c0-9bca-b0d202cc9449','c01ff63f-6e93-4a78-8e50-87af96ab4a89','a14b8e8b-3f32-475f-8a47-5d33dab3042e','653cb315-36f1-4697-90e4-329900532da2','217d2f9d-5606-432f-99aa-bd6fb720b45f','328bd207-61d6-40ab-9d1d-bbe31ba63a3e','9b3cb586-a24f-4353-8c5a-6a860eba7357','a9280ee9-eb73-4cfb-8092-80f4c2cc5529','e225de9e-e14e-4219-a638-44d136be5613','46c78359-bdb4-421e-9182-d1d095921f20','b0aabdc2-3a7f-496c-a902-ee468671cf24','f4e500e8-45dd-4eeb-8b47-c97d832f18b2','00f63f53-4009-405a-9736-eff543475f78','31cb98ec-4d68-460a-8a6b-1566b0356cb5','29033b15-df4d-4afe-b261-d9f9d978215b','770de03c-008e-4352-915b-dbad46394b3e','386b4440-e446-4a4c-bbf2-2df0b3d482e7','764434f1-f401-4cec-b0a5-94c50e4c10bb','f8315a47-3595-4af7-afca-831deb36ae44','16b41fad-47bb-456e-818a-0e17a10696d3','7dba2974-eed0-4a24-8090-13ce49e8ae9c','2107c201-e779-4d54-b9d8-e77e63506727','540fda97-9bb5-45a3-8677-e5494a35f98d','8db21bed-0a56-4384-b989-46c85bf60a4a','b64fe46a-25b2-4780-b910-8897bab331d1','04b0026e-ed12-4e5e-85e2-1ed905581184','c4b26668-789f-4117-b9af-34719df71955','06cf74d1-3ae5-4aee-8048-5fab3132f2ba','5ce4a39b-7e40-4486-b5d7-7f910cb36590','b23b7eaa-6c87-413b-b144-42b7afafd4df','f033f831-0ad6-4654-b9cc-9ad6f8c92e8c','af282aaf-606b-4d5f-9ef8-070dc205befb','24c1e762-e92d-485c-ab51-7bd8574e8cb1','2d68eaae-a710-43ae-b278-b376f0865788','21fdd8fe-78d5-4ce1-ae83-7df1ebfc6f56','23922b05-5fbd-49fd-8f6e-3847cabd2503','5c53b1b4-f8e2-4bd1-a376-d983f799cf4b')
[2026-04-16 02:08:05.249] local.info: [10.298ms] [rows:45] SELECT * FROM "permissions" WHERE id IN ('ab6da9f5-8b11-4644-9aaa-009b3b28a4ec','5daf3519-8949-4d26-b4bc-00c8b03f04fe','91166846-7ec1-42de-b134-ce141c3a9d7d','28c919a4-3744-4931-805a-a219892adbe3','789e0c77-5a0c-4ea7-a2e1-606803a6e2bd','6cd9d7a8-34ac-4740-9bc1-aa386ae6de38','8d2454fc-6567-46f9-8527-5843c7142e3c','cf81b7d4-096a-435a-b515-ad3f779199b8','82188518-37d9-45c0-9bca-b0d202cc9449','c01ff63f-6e93-4a78-8e50-87af96ab4a89','a14b8e8b-3f32-475f-8a47-5d33dab3042e','653cb315-36f1-4697-90e4-329900532da2','217d2f9d-5606-432f-99aa-bd6fb720b45f','328bd207-61d6-40ab-9d1d-bbe31ba63a3e','9b3cb586-a24f-4353-8c5a-6a860eba7357','a9280ee9-eb73-4cfb-8092-80f4c2cc5529','e225de9e-e14e-4219-a638-44d136be5613','46c78359-bdb4-421e-9182-d1d095921f20','b0aabdc2-3a7f-496c-a902-ee468671cf24','f4e500e8-45dd-4eeb-8b47-c97d832f18b2','00f63f53-4009-405a-9736-eff543475f78','31cb98ec-4d68-460a-8a6b-1566b0356cb5','29033b15-df4d-4afe-b261-d9f9d978215b','770de03c-008e-4352-915b-dbad46394b3e','386b4440-e446-4a4c-bbf2-2df0b3d482e7','764434f1-f401-4cec-b0a5-94c50e4c10bb','f8315a47-3595-4af7-afca-831deb36ae44','16b41fad-47bb-456e-818a-0e17a10696d3','7dba2974-eed0-4a24-8090-13ce49e8ae9c','2107c201-e779-4d54-b9d8-e77e63506727','540fda97-9bb5-45a3-8677-e5494a35f98d','8db21bed-0a56-4384-b989-46c85bf60a4a','b64fe46a-25b2-4780-b910-8897bab331d1','04b0026e-ed12-4e5e-85e2-1ed905581184','c4b26668-789f-4117-b9af-34719df71955','06cf74d1-3ae5-4aee-8048-5fab3132f2ba','5ce4a39b-7e40-4486-b5d7-7f910cb36590','b23b7eaa-6c87-413b-b144-42b7afafd4df','f033f831-0ad6-4654-b9cc-9ad6f8c92e8c','af282aaf-606b-4d5f-9ef8-070dc205befb','24c1e762-e92d-485c-ab51-7bd8574e8cb1','2d68eaae-a710-43ae-b278-b376f0865788','21fdd8fe-78d5-4ce1-ae83-7df1ebfc6f56','23922b05-5fbd-49fd-8f6e-3847cabd2503','5c53b1b4-f8e2-4bd1-a376-d983f799cf4b')
[2026-04-16 02:08:05.252] local.info: [15.049ms] [rows:45] SELECT * FROM "permissions" WHERE id IN ('ab6da9f5-8b11-4644-9aaa-009b3b28a4ec','5daf3519-8949-4d26-b4bc-00c8b03f04fe','91166846-7ec1-42de-b134-ce141c3a9d7d','28c919a4-3744-4931-805a-a219892adbe3','789e0c77-5a0c-4ea7-a2e1-606803a6e2bd','6cd9d7a8-34ac-4740-9bc1-aa386ae6de38','8d2454fc-6567-46f9-8527-5843c7142e3c','cf81b7d4-096a-435a-b515-ad3f779199b8','82188518-37d9-45c0-9bca-b0d202cc9449','c01ff63f-6e93-4a78-8e50-87af96ab4a89','a14b8e8b-3f32-475f-8a47-5d33dab3042e','653cb315-36f1-4697-90e4-329900532da2','217d2f9d-5606-432f-99aa-bd6fb720b45f','328bd207-61d6-40ab-9d1d-bbe31ba63a3e','9b3cb586-a24f-4353-8c5a-6a860eba7357','a9280ee9-eb73-4cfb-8092-80f4c2cc5529','e225de9e-e14e-4219-a638-44d136be5613','46c78359-bdb4-421e-9182-d1d095921f20','b0aabdc2-3a7f-496c-a902-ee468671cf24','f4e500e8-45dd-4eeb-8b47-c97d832f18b2','00f63f53-4009-405a-9736-eff543475f78','31cb98ec-4d68-460a-8a6b-1566b0356cb5','29033b15-df4d-4afe-b261-d9f9d978215b','770de03c-008e-4352-915b-dbad46394b3e','386b4440-e446-4a4c-bbf2-2df0b3d482e7','764434f1-f401-4cec-b0a5-94c50e4c10bb','f8315a47-3595-4af7-afca-831deb36ae44','16b41fad-47bb-456e-818a-0e17a10696d3','7dba2974-eed0-4a24-8090-13ce49e8ae9c','2107c201-e779-4d54-b9d8-e77e63506727','540fda97-9bb5-45a3-8677-e5494a35f98d','8db21bed-0a56-4384-b989-46c85bf60a4a','b64fe46a-25b2-4780-b910-8897bab331d1','04b0026e-ed12-4e5e-85e2-1ed905581184','c4b26668-789f-4117-b9af-34719df71955','06cf74d1-3ae5-4aee-8048-5fab3132f2ba','5ce4a39b-7e40-4486-b5d7-7f910cb36590','b23b7eaa-6c87-413b-b144-42b7afafd4df','f033f831-0ad6-4654-b9cc-9ad6f8c92e8c','af282aaf-606b-4d5f-9ef8-070dc205befb','24c1e762-e92d-485c-ab51-7bd8574e8cb1','2d68eaae-a710-43ae-b278-b376f0865788','21fdd8fe-78d5-4ce1-ae83-7df1ebfc6f56','23922b05-5fbd-49fd-8f6e-3847cabd2503','5c53b1b4-f8e2-4bd1-a376-d983f799cf4b')
[2026-04-16 02:08:05.256] local.info: [17.478ms] [rows:1] SELECT * FROM "documents" WHERE id = '1cb5293d-d875-4bab-865b-85e18ccee4aa' AND deleted_at IS NULL ORDER BY "documents"."id" LIMIT 1
[2026-04-16 02:08:05.256] local.info: [7.559ms] [rows:1] SELECT * FROM "documents" WHERE id = '1cb5293d-d875-4bab-865b-85e18ccee4aa' AND deleted_at IS NULL ORDER BY "documents"."id" LIMIT 1
[2026-04-16 02:08:05.263] local.info: [11.129ms] [rows:0] SELECT * FROM "workflow_instances" WHERE document_id = '1cb5293d-d875-4bab-865b-85e18ccee4aa' AND status = 'active' ORDER BY "workflow_instances"."id" LIMIT 1
[2026-04-16 02:08:05.271] local.error: [14.235ms] [rows:0] SELECT * FROM "document_comments" WHERE (document_id = '1cb5293d-d875-4bab-865b-85e18ccee4aa' AND deleted_at IS NULL) AND parent_id IS NULL ORDER BY created_at desc	ERROR: column "parent_id" does not exist (SQLSTATE 42703)
[Trace] /Users/arivin29macmini/go/pkg/mod/github.com/goravel/framework@v1.17.2/log/writer.go:202 [log.(*Writer).withStackTrace]
/Users/arivin29macmini/go/pkg/mod/github.com/goravel/framework@v1.17.2/log/writer.go:65 [log.(*Writer).Errorf]
/Users/arivin29macmini/go/pkg/mod/github.com/goravel/framework@v1.17.2/database/db/logger.go:79 [db.(*Logger).Errorf]
/Users/arivin29macmini/go/pkg/mod/github.com/goravel/framework@v1.17.2/database/db/logger.go:102 [db.(*Logger).Trace]
/Users/arivin29macmini/go/pkg/mod/github.com/goravel/framework@v1.17.2/database/db/logger.go:153 [db.(*Gorm).Trace]
/Users/arivin29macmini/go/pkg/mod/gorm.io/gorm@v1.31.1/callbacks.go:140 [gorm.(*processor).Execute]
/Users/arivin29macmini/go/pkg/mod/gorm.io/gorm@v1.31.1/finisher_api.go:172 [gorm.(*DB).Find]
/Users/arivin29macmini/go/pkg/mod/github.com/goravel/framework@v1.17.2/database/gorm/query.go:270 [gorm.(*Query).Find]
/Users/arivin29macmini/go/pkg/mod/github.com/goravel/framework@v1.17.2/database/gorm/query.go:417 [gorm.(*Query).Get]
/Users/arivin29macmini/Documents/DEVETEK/BMS/dms/app/repositories/comment_repository.go:83 [repositories.(*commentRepository).List]
/Users/arivin29macmini/Documents/DEVETEK/BMS/dms/app/services/comment_service.go:73 [services.(*CommentService).List]
/Users/arivin29macmini/Documents/DEVETEK/BMS/dms/app/http/controllers/comment_controller.go:29 [controllers.(*CommentController).Index]
/Users/arivin29macmini/go/pkg/mod/github.com/goravel/gin@v1.17.0/utils.go:37 [gin.(*Group).Get.handlerToGinHandler.func1]
/Users/arivin29macmini/go/pkg/mod/github.com/gin-gonic/gin@v1.11.0/context.go:192 [gin.(*Context).Next]
/Users/arivin29macmini/go/pkg/mod/github.com/goravel/gin@v1.17.0/context_request.go:230 [gin.(*ContextRequest).Next]
/Users/arivin29macmini/go/pkg/mod/github.com/goravel/gin@v1.17.0/context_response.go:157 [gin.(*Route).init.ResponseMiddleware.func2]
/Users/arivin29macmini/go/pkg/mod/github.com/goravel/gin@v1.17.0/utils.go:54 [gin.(*Group).WithMiddlewares.middlewaresToGinHandlers.middlewareToGinHandler.func1]
/Users/arivin29macmini/go/pkg/mod/github.com/gin-gonic/gin@v1.11.0/context.go:192 [gin.(*Context).Next]
/Users/arivin29macmini/go/pkg/mod/github.com/goravel/gin@v1.17.0/context_request.go:230 [gin.(*ContextRequest).Next]
/Users/arivin29macmini/Documents/DEVETEK/BMS/dms/app/http/middleware/rbac.go:30 [routes.Api.func2.2.RequirePermission.85]
/Users/arivin29macmini/go/pkg/mod/github.com/goravel/gin@v1.17.0/utils.go:54 [gin.(*Group).WithMiddlewares.middlewaresToGinHandlers.middlewareToGinHandler.func1]
/Users/arivin29macmini/go/pkg/mod/github.com/gin-gonic/gin@v1.11.0/context.go:192 [gin.(*Context).Next]
/Users/arivin29macmini/go/pkg/mod/github.com/goravel/gin@v1.17.0/context_request.go:230 [gin.(*ContextRequest).Next]
/Users/arivin29macmini/Documents/DEVETEK/BMS/dms/app/http/middleware/scope.go:63 [routes.Api.func2.DataScope.5]
/Users/arivin29macmini/go/pkg/mod/github.com/goravel/gin@v1.17.0/utils.go:54 [gin.(*Group).WithMiddlewares.middlewaresToGinHandlers.middlewareToGinHandler.func1]
/Users/arivin29macmini/go/pkg/mod/github.com/gin-gonic/gin@v1.11.0/context.go:192 [gin.(*Context).Next]
/Users/arivin29macmini/go/pkg/mod/github.com/goravel/gin@v1.17.0/context_request.go:230 [gin.(*ContextRequest).Next]
/Users/arivin29macmini/Documents/DEVETEK/BMS/dms/app/http/middleware/auth.go:50 [routes.Api.func2.Auth.4]
/Users/arivin29macmini/go/pkg/mod/github.com/goravel/gin@v1.17.0/utils.go:54 [gin.(*Group).WithMiddlewares.middlewaresToGinHandlers.middlewareToGinHandler.func1]
/Users/arivin29macmini/go/pkg/mod/github.com/gin-gonic/gin@v1.11.0/context.go:192 [gin.(*Context).Next]
/Users/arivin29macmini/go/pkg/mod/github.com/goravel/gin@v1.17.0/context_request.go:230 [gin.(*ContextRequest).Next]
/Users/arivin29macmini/Documents/DEVETEK/BMS/dms/app/http/middleware/cors.go:27 [routes.Api.Cors.func5]
/Users/arivin29macmini/go/pkg/mod/github.com/goravel/gin@v1.17.0/utils.go:54 [gin.(*Group).WithMiddlewares.middlewaresToGinHandlers.middlewareToGinHandler.func1]
/Users/arivin29macmini/go/pkg/mod/github.com/gin-gonic/gin@v1.11.0/context.go:192 [gin.(*Context).Next]
/Users/arivin29macmini/go/pkg/mod/github.com/goravel/gin@v1.17.0/context_request.go:230 [gin.(*ContextRequest).Next]
/Users/arivin29macmini/go/pkg/mod/github.com/goravel/gin@v1.17.0/middleware_tls.go:18 [gin.NewRoute.Tls.func3]
/Users/arivin29macmini/go/pkg/mod/github.com/goravel/gin@v1.17.0/utils.go:54 [gin.(*Route).init.middlewaresToGinHandlers.middlewareToGinHandler.func3]
/Users/arivin29macmini/go/pkg/mod/github.com/gin-gonic/gin@v1.11.0/context.go:192 [gin.(*Context).Next]
/Users/arivin29macmini/go/pkg/mod/github.com/goravel/gin@v1.17.0/context_request.go:230 [gin.(*ContextRequest).Next]
/Users/arivin29macmini/go/pkg/mod/github.com/goravel/gin@v1.17.0/middleware_cors.go:63 [gin.NewRoute.Cors.func2]
/Users/arivin29macmini/go/pkg/mod/github.com/goravel/gin@v1.17.0/utils.go:54 [gin.(*Route).init.middlewaresToGinHandlers.middlewareToGinHandler.func3]
/Users/arivin29macmini/go/pkg/mod/github.com/gin-gonic/gin@v1.11.0/context.go:192 [gin.(*Context).Next]
/Users/arivin29macmini/go/pkg/mod/github.com/goravel/gin@v1.17.0/context_request.go:230 [gin.(*ContextRequest).Next]
[2026-04-16 02:08:05.288] local.info: [25.010ms] [rows:1] SELECT * FROM "document_categories" WHERE "document_categories"."id" = '1de6dcb1-c46b-466f-af65-bc4b8d75de05'
[2026-04-16 02:08:05.288] local.info: [17.499ms] [rows:1] SELECT * FROM "users" WHERE "users"."id" = '00000000-0000-0000-0000-000000000099'
[2026-04-16 02:08:05.289] local.info: [32.120ms] [rows:3] SELECT * FROM "document_versions" WHERE document_id = '1cb5293d-d875-4bab-865b-85e18ccee4aa' ORDER BY version_number desc
[2026-04-16 02:08:05.316] local.info: [27.585ms] [rows:1] SELECT * FROM "companies" WHERE "companies"."id" = '00000000-0000-0000-0000-000000000001'
[2026-04-16 02:08:05.336] local.info: [20.159ms] [rows:1] SELECT * FROM "users" WHERE "users"."id" = '00000000-0000-0000-0000-000000000099'
[2026-04-16 02:08:05.352] local.info: [16.010ms] [rows:1] SELECT * FROM "departments" WHERE "departments"."id" = '00000000-0000-0000-0000-000000000003'
[2026-04-16 02:08:05.378] local.info: [25.584ms] [rows:1] SELECT * FROM "document_types" WHERE "document_types"."id" = '7367ca3d-eb1d-43dd-a115-cf3d2ceecdfa'
[2026-04-16 02:08:05.407] local.info: [28.074ms] [rows:1] SELECT * FROM "offices" WHERE "offices"."id" = '00000000-0000-0000-0000-000000000002'
[2026-04-16 02:08:05.426] local.info: [19.458ms] [rows:1] SELECT * FROM "document_templates" WHERE "document_templates"."id" = 'ef6ad65a-07d2-444b-951d-d197ee14c8a0'
[2026-04-16 02:08:05.427] local.info: [177.737ms] [rows:1] SELECT * FROM "documents" WHERE id = '1cb5293d-d875-4bab-865b-85e18ccee4aa' AND deleted_at IS NULL ORDER BY "documents"."id" LIMIT 1
[2026-04-16 02:08:18.766] local.info: [46.735ms] [rows:1] SELECT * FROM "users" WHERE id = '00000000-0000-0000-0000-000000000099' ORDER BY "users"."id" LIMIT 1
[2026-04-16 02:08:18.787] local.info: [20.609ms] [rows:1] SELECT * FROM "user_roles" WHERE user_id = '00000000-0000-0000-0000-000000000099'
[2026-04-16 02:08:18.816] local.info: [27.155ms] [rows:1] SELECT * FROM "roles" WHERE id IN ('68c46dfb-a565-4938-99d7-9fdd0acf8a7e')
[2026-04-16 02:08:18.836] local.info: [19.267ms] [rows:45] SELECT * FROM "role_permissions" WHERE role_id IN ('68c46dfb-a565-4938-99d7-9fdd0acf8a7e')
[2026-04-16 02:08:18.856] local.info: [19.760ms] [rows:45] SELECT * FROM "permissions" WHERE id IN ('ab6da9f5-8b11-4644-9aaa-009b3b28a4ec','5daf3519-8949-4d26-b4bc-00c8b03f04fe','91166846-7ec1-42de-b134-ce141c3a9d7d','28c919a4-3744-4931-805a-a219892adbe3','789e0c77-5a0c-4ea7-a2e1-606803a6e2bd','6cd9d7a8-34ac-4740-9bc1-aa386ae6de38','8d2454fc-6567-46f9-8527-5843c7142e3c','cf81b7d4-096a-435a-b515-ad3f779199b8','82188518-37d9-45c0-9bca-b0d202cc9449','c01ff63f-6e93-4a78-8e50-87af96ab4a89','a14b8e8b-3f32-475f-8a47-5d33dab3042e','653cb315-36f1-4697-90e4-329900532da2','217d2f9d-5606-432f-99aa-bd6fb720b45f','328bd207-61d6-40ab-9d1d-bbe31ba63a3e','9b3cb586-a24f-4353-8c5a-6a860eba7357','a9280ee9-eb73-4cfb-8092-80f4c2cc5529','e225de9e-e14e-4219-a638-44d136be5613','46c78359-bdb4-421e-9182-d1d095921f20','b0aabdc2-3a7f-496c-a902-ee468671cf24','f4e500e8-45dd-4eeb-8b47-c97d832f18b2','00f63f53-4009-405a-9736-eff543475f78','31cb98ec-4d68-460a-8a6b-1566b0356cb5','29033b15-df4d-4afe-b261-d9f9d978215b','770de03c-008e-4352-915b-dbad46394b3e','386b4440-e446-4a4c-bbf2-2df0b3d482e7','764434f1-f401-4cec-b0a5-94c50e4c10bb','f8315a47-3595-4af7-afca-831deb36ae44','16b41fad-47bb-456e-818a-0e17a10696d3','7dba2974-eed0-4a24-8090-13ce49e8ae9c','2107c201-e779-4d54-b9d8-e77e63506727','540fda97-9bb5-45a3-8677-e5494a35f98d','8db21bed-0a56-4384-b989-46c85bf60a4a','b64fe46a-25b2-4780-b910-8897bab331d1','04b0026e-ed12-4e5e-85e2-1ed905581184','c4b26668-789f-4117-b9af-34719df71955','06cf74d1-3ae5-4aee-8048-5fab3132f2ba','5ce4a39b-7e40-4486-b5d7-7f910cb36590','b23b7eaa-6c87-413b-b144-42b7afafd4df','f033f831-0ad6-4654-b9cc-9ad6f8c92e8c','af282aaf-606b-4d5f-9ef8-070dc205befb','24c1e762-e92d-485c-ab51-7bd8574e8cb1','2d68eaae-a710-43ae-b278-b376f0865788','21fdd8fe-78d5-4ce1-ae83-7df1ebfc6f56','23922b05-5fbd-49fd-8f6e-3847cabd2503','5c53b1b4-f8e2-4bd1-a376-d983f799cf4b')
[2026-04-16 02:08:18.876] local.info: [20.362ms] [rows:1] SELECT count(*) FROM "notifications" WHERE user_id = '00000000-0000-0000-0000-000000000099' AND is_read = false
[2026-04-16 02:08:22.267] local.info: [32.148ms] [rows:1] SELECT * FROM "users" WHERE id = '00000000-0000-0000-0000-000000000099' ORDER BY "users"."id" LIMIT 1
[2026-04-16 02:08:22.267] local.info: [22.326ms] [rows:1] SELECT * FROM "users" WHERE id = '00000000-0000-0000-0000-000000000099' ORDER BY "users"."id" LIMIT 1
[2026-04-16 02:08:22.276] local.info: [9.091ms] [rows:1] SELECT * FROM "user_roles" WHERE user_id = '00000000-0000-0000-0000-000000000099'
[2026-04-16 02:08:22.276] local.info: [9.054ms] [rows:1] SELECT * FROM "user_roles" WHERE user_id = '00000000-0000-0000-0000-000000000099'
[2026-04-16 02:08:22.276] local.info: [17.227ms] [rows:1] SELECT * FROM "users" WHERE id = '00000000-0000-0000-0000-000000000099' ORDER BY "users"."id" LIMIT 1
[2026-04-16 02:08:22.298] local.info: [38.639ms] [rows:1] SELECT * FROM "users" WHERE id = '00000000-0000-0000-0000-000000000099' ORDER BY "users"."id" LIMIT 1
[2026-04-16 02:08:22.298] local.info: [21.490ms] [rows:1] SELECT * FROM "roles" WHERE id IN ('68c46dfb-a565-4938-99d7-9fdd0acf8a7e')
[2026-04-16 02:08:22.298] local.info: [21.423ms] [rows:1] SELECT * FROM "user_roles" WHERE user_id = '00000000-0000-0000-0000-000000000099'
[2026-04-16 02:08:22.298] local.info: [38.767ms] [rows:1] SELECT * FROM "users" WHERE id = '00000000-0000-0000-0000-000000000099' ORDER BY "users"."id" LIMIT 1
[2026-04-16 02:08:22.298] local.info: [21.852ms] [rows:1] SELECT * FROM "roles" WHERE id IN ('68c46dfb-a565-4938-99d7-9fdd0acf8a7e')
[2026-04-16 02:08:22.307] local.info: [9.243ms] [rows:1] SELECT * FROM "user_roles" WHERE user_id = '00000000-0000-0000-0000-000000000099'
[2026-04-16 02:08:22.307] local.info: [9.173ms] [rows:1] SELECT * FROM "user_roles" WHERE user_id = '00000000-0000-0000-0000-000000000099'
[2026-04-16 02:08:22.309] local.info: [10.994ms] [rows:45] SELECT * FROM "role_permissions" WHERE role_id IN ('68c46dfb-a565-4938-99d7-9fdd0acf8a7e')
[2026-04-16 02:08:22.315] local.info: [17.304ms] [rows:45] SELECT * FROM "role_permissions" WHERE role_id IN ('68c46dfb-a565-4938-99d7-9fdd0acf8a7e')
[2026-04-16 02:08:22.316] local.info: [17.454ms] [rows:1] SELECT * FROM "roles" WHERE id IN ('68c46dfb-a565-4938-99d7-9fdd0acf8a7e')
[2026-04-16 02:08:22.319] local.info: [11.484ms] [rows:1] SELECT * FROM "roles" WHERE id IN ('68c46dfb-a565-4938-99d7-9fdd0acf8a7e')
[2026-04-16 02:08:22.319] local.info: [11.908ms] [rows:1] SELECT * FROM "roles" WHERE id IN ('68c46dfb-a565-4938-99d7-9fdd0acf8a7e')
[2026-04-16 02:08:22.323] local.info: [14.170ms] [rows:45] SELECT * FROM "permissions" WHERE id IN ('ab6da9f5-8b11-4644-9aaa-009b3b28a4ec','5daf3519-8949-4d26-b4bc-00c8b03f04fe','91166846-7ec1-42de-b134-ce141c3a9d7d','28c919a4-3744-4931-805a-a219892adbe3','789e0c77-5a0c-4ea7-a2e1-606803a6e2bd','6cd9d7a8-34ac-4740-9bc1-aa386ae6de38','8d2454fc-6567-46f9-8527-5843c7142e3c','cf81b7d4-096a-435a-b515-ad3f779199b8','82188518-37d9-45c0-9bca-b0d202cc9449','c01ff63f-6e93-4a78-8e50-87af96ab4a89','a14b8e8b-3f32-475f-8a47-5d33dab3042e','653cb315-36f1-4697-90e4-329900532da2','217d2f9d-5606-432f-99aa-bd6fb720b45f','328bd207-61d6-40ab-9d1d-bbe31ba63a3e','9b3cb586-a24f-4353-8c5a-6a860eba7357','a9280ee9-eb73-4cfb-8092-80f4c2cc5529','e225de9e-e14e-4219-a638-44d136be5613','46c78359-bdb4-421e-9182-d1d095921f20','b0aabdc2-3a7f-496c-a902-ee468671cf24','f4e500e8-45dd-4eeb-8b47-c97d832f18b2','00f63f53-4009-405a-9736-eff543475f78','31cb98ec-4d68-460a-8a6b-1566b0356cb5','29033b15-df4d-4afe-b261-d9f9d978215b','770de03c-008e-4352-915b-dbad46394b3e','386b4440-e446-4a4c-bbf2-2df0b3d482e7','764434f1-f401-4cec-b0a5-94c50e4c10bb','f8315a47-3595-4af7-afca-831deb36ae44','16b41fad-47bb-456e-818a-0e17a10696d3','7dba2974-eed0-4a24-8090-13ce49e8ae9c','2107c201-e779-4d54-b9d8-e77e63506727','540fda97-9bb5-45a3-8677-e5494a35f98d','8db21bed-0a56-4384-b989-46c85bf60a4a','b64fe46a-25b2-4780-b910-8897bab331d1','04b0026e-ed12-4e5e-85e2-1ed905581184','c4b26668-789f-4117-b9af-34719df71955','06cf74d1-3ae5-4aee-8048-5fab3132f2ba','5ce4a39b-7e40-4486-b5d7-7f910cb36590','b23b7eaa-6c87-413b-b144-42b7afafd4df','f033f831-0ad6-4654-b9cc-9ad6f8c92e8c','af282aaf-606b-4d5f-9ef8-070dc205befb','24c1e762-e92d-485c-ab51-7bd8574e8cb1','2d68eaae-a710-43ae-b278-b376f0865788','21fdd8fe-78d5-4ce1-ae83-7df1ebfc6f56','23922b05-5fbd-49fd-8f6e-3847cabd2503','5c53b1b4-f8e2-4bd1-a376-d983f799cf4b')
[2026-04-16 02:08:22.325] local.info: [9.650ms] [rows:45] SELECT * FROM "role_permissions" WHERE role_id IN ('68c46dfb-a565-4938-99d7-9fdd0acf8a7e')
[2026-04-16 02:08:22.326] local.info: [10.719ms] [rows:45] SELECT * FROM "permissions" WHERE id IN ('ab6da9f5-8b11-4644-9aaa-009b3b28a4ec','5daf3519-8949-4d26-b4bc-00c8b03f04fe','91166846-7ec1-42de-b134-ce141c3a9d7d','28c919a4-3744-4931-805a-a219892adbe3','789e0c77-5a0c-4ea7-a2e1-606803a6e2bd','6cd9d7a8-34ac-4740-9bc1-aa386ae6de38','8d2454fc-6567-46f9-8527-5843c7142e3c','cf81b7d4-096a-435a-b515-ad3f779199b8','82188518-37d9-45c0-9bca-b0d202cc9449','c01ff63f-6e93-4a78-8e50-87af96ab4a89','a14b8e8b-3f32-475f-8a47-5d33dab3042e','653cb315-36f1-4697-90e4-329900532da2','217d2f9d-5606-432f-99aa-bd6fb720b45f','328bd207-61d6-40ab-9d1d-bbe31ba63a3e','9b3cb586-a24f-4353-8c5a-6a860eba7357','a9280ee9-eb73-4cfb-8092-80f4c2cc5529','e225de9e-e14e-4219-a638-44d136be5613','46c78359-bdb4-421e-9182-d1d095921f20','b0aabdc2-3a7f-496c-a902-ee468671cf24','f4e500e8-45dd-4eeb-8b47-c97d832f18b2','00f63f53-4009-405a-9736-eff543475f78','31cb98ec-4d68-460a-8a6b-1566b0356cb5','29033b15-df4d-4afe-b261-d9f9d978215b','770de03c-008e-4352-915b-dbad46394b3e','386b4440-e446-4a4c-bbf2-2df0b3d482e7','764434f1-f401-4cec-b0a5-94c50e4c10bb','f8315a47-3595-4af7-afca-831deb36ae44','16b41fad-47bb-456e-818a-0e17a10696d3','7dba2974-eed0-4a24-8090-13ce49e8ae9c','2107c201-e779-4d54-b9d8-e77e63506727','540fda97-9bb5-45a3-8677-e5494a35f98d','8db21bed-0a56-4384-b989-46c85bf60a4a','b64fe46a-25b2-4780-b910-8897bab331d1','04b0026e-ed12-4e5e-85e2-1ed905581184','c4b26668-789f-4117-b9af-34719df71955','06cf74d1-3ae5-4aee-8048-5fab3132f2ba','5ce4a39b-7e40-4486-b5d7-7f910cb36590','b23b7eaa-6c87-413b-b144-42b7afafd4df','f033f831-0ad6-4654-b9cc-9ad6f8c92e8c','af282aaf-606b-4d5f-9ef8-070dc205befb','24c1e762-e92d-485c-ab51-7bd8574e8cb1','2d68eaae-a710-43ae-b278-b376f0865788','21fdd8fe-78d5-4ce1-ae83-7df1ebfc6f56','23922b05-5fbd-49fd-8f6e-3847cabd2503','5c53b1b4-f8e2-4bd1-a376-d983f799cf4b')
[2026-04-16 02:08:22.328] local.info: [8.827ms] [rows:45] SELECT * FROM "role_permissions" WHERE role_id IN ('68c46dfb-a565-4938-99d7-9fdd0acf8a7e')
[2026-04-16 02:08:22.334] local.info: [14.728ms] [rows:45] SELECT * FROM "role_permissions" WHERE role_id IN ('68c46dfb-a565-4938-99d7-9fdd0acf8a7e')
[2026-04-16 02:08:22.334] local.info: [10.763ms] [rows:1] SELECT count(*) FROM "notifications" WHERE user_id = '00000000-0000-0000-0000-000000000099' AND is_read = false
[2026-04-16 02:08:22.334] local.info: [8.105ms] [rows:1] SELECT count(*) FROM "document_types"
[2026-04-16 02:08:22.335] local.info: [9.366ms] [rows:45] SELECT * FROM "permissions" WHERE id IN ('ab6da9f5-8b11-4644-9aaa-009b3b28a4ec','5daf3519-8949-4d26-b4bc-00c8b03f04fe','91166846-7ec1-42de-b134-ce141c3a9d7d','28c919a4-3744-4931-805a-a219892adbe3','789e0c77-5a0c-4ea7-a2e1-606803a6e2bd','6cd9d7a8-34ac-4740-9bc1-aa386ae6de38','8d2454fc-6567-46f9-8527-5843c7142e3c','cf81b7d4-096a-435a-b515-ad3f779199b8','82188518-37d9-45c0-9bca-b0d202cc9449','c01ff63f-6e93-4a78-8e50-87af96ab4a89','a14b8e8b-3f32-475f-8a47-5d33dab3042e','653cb315-36f1-4697-90e4-329900532da2','217d2f9d-5606-432f-99aa-bd6fb720b45f','328bd207-61d6-40ab-9d1d-bbe31ba63a3e','9b3cb586-a24f-4353-8c5a-6a860eba7357','a9280ee9-eb73-4cfb-8092-80f4c2cc5529','e225de9e-e14e-4219-a638-44d136be5613','46c78359-bdb4-421e-9182-d1d095921f20','b0aabdc2-3a7f-496c-a902-ee468671cf24','f4e500e8-45dd-4eeb-8b47-c97d832f18b2','00f63f53-4009-405a-9736-eff543475f78','31cb98ec-4d68-460a-8a6b-1566b0356cb5','29033b15-df4d-4afe-b261-d9f9d978215b','770de03c-008e-4352-915b-dbad46394b3e','386b4440-e446-4a4c-bbf2-2df0b3d482e7','764434f1-f401-4cec-b0a5-94c50e4c10bb','f8315a47-3595-4af7-afca-831deb36ae44','16b41fad-47bb-456e-818a-0e17a10696d3','7dba2974-eed0-4a24-8090-13ce49e8ae9c','2107c201-e779-4d54-b9d8-e77e63506727','540fda97-9bb5-45a3-8677-e5494a35f98d','8db21bed-0a56-4384-b989-46c85bf60a4a','b64fe46a-25b2-4780-b910-8897bab331d1','04b0026e-ed12-4e5e-85e2-1ed905581184','c4b26668-789f-4117-b9af-34719df71955','06cf74d1-3ae5-4aee-8048-5fab3132f2ba','5ce4a39b-7e40-4486-b5d7-7f910cb36590','b23b7eaa-6c87-413b-b144-42b7afafd4df','f033f831-0ad6-4654-b9cc-9ad6f8c92e8c','af282aaf-606b-4d5f-9ef8-070dc205befb','24c1e762-e92d-485c-ab51-7bd8574e8cb1','2d68eaae-a710-43ae-b278-b376f0865788','21fdd8fe-78d5-4ce1-ae83-7df1ebfc6f56','23922b05-5fbd-49fd-8f6e-3847cabd2503','5c53b1b4-f8e2-4bd1-a376-d983f799cf4b')
[2026-04-16 02:08:22.344] local.info: [15.682ms] [rows:45] SELECT * FROM "permissions" WHERE id IN ('ab6da9f5-8b11-4644-9aaa-009b3b28a4ec','5daf3519-8949-4d26-b4bc-00c8b03f04fe','91166846-7ec1-42de-b134-ce141c3a9d7d','28c919a4-3744-4931-805a-a219892adbe3','789e0c77-5a0c-4ea7-a2e1-606803a6e2bd','6cd9d7a8-34ac-4740-9bc1-aa386ae6de38','8d2454fc-6567-46f9-8527-5843c7142e3c','cf81b7d4-096a-435a-b515-ad3f779199b8','82188518-37d9-45c0-9bca-b0d202cc9449','c01ff63f-6e93-4a78-8e50-87af96ab4a89','a14b8e8b-3f32-475f-8a47-5d33dab3042e','653cb315-36f1-4697-90e4-329900532da2','217d2f9d-5606-432f-99aa-bd6fb720b45f','328bd207-61d6-40ab-9d1d-bbe31ba63a3e','9b3cb586-a24f-4353-8c5a-6a860eba7357','a9280ee9-eb73-4cfb-8092-80f4c2cc5529','e225de9e-e14e-4219-a638-44d136be5613','46c78359-bdb4-421e-9182-d1d095921f20','b0aabdc2-3a7f-496c-a902-ee468671cf24','f4e500e8-45dd-4eeb-8b47-c97d832f18b2','00f63f53-4009-405a-9736-eff543475f78','31cb98ec-4d68-460a-8a6b-1566b0356cb5','29033b15-df4d-4afe-b261-d9f9d978215b','770de03c-008e-4352-915b-dbad46394b3e','386b4440-e446-4a4c-bbf2-2df0b3d482e7','764434f1-f401-4cec-b0a5-94c50e4c10bb','f8315a47-3595-4af7-afca-831deb36ae44','16b41fad-47bb-456e-818a-0e17a10696d3','7dba2974-eed0-4a24-8090-13ce49e8ae9c','2107c201-e779-4d54-b9d8-e77e63506727','540fda97-9bb5-45a3-8677-e5494a35f98d','8db21bed-0a56-4384-b989-46c85bf60a4a','b64fe46a-25b2-4780-b910-8897bab331d1','04b0026e-ed12-4e5e-85e2-1ed905581184','c4b26668-789f-4117-b9af-34719df71955','06cf74d1-3ae5-4aee-8048-5fab3132f2ba','5ce4a39b-7e40-4486-b5d7-7f910cb36590','b23b7eaa-6c87-413b-b144-42b7afafd4df','f033f831-0ad6-4654-b9cc-9ad6f8c92e8c','af282aaf-606b-4d5f-9ef8-070dc205befb','24c1e762-e92d-485c-ab51-7bd8574e8cb1','2d68eaae-a710-43ae-b278-b376f0865788','21fdd8fe-78d5-4ce1-ae83-7df1ebfc6f56','23922b05-5fbd-49fd-8f6e-3847cabd2503','5c53b1b4-f8e2-4bd1-a376-d983f799cf4b')
[2026-04-16 02:08:22.344] local.info: [8.833ms] [rows:1] SELECT count(*) FROM "document_templates" WHERE company_id = '00000000-0000-0000-0000-000000000001'
[2026-04-16 02:08:22.344] local.info: [9.152ms] [rows:5] SELECT * FROM "document_types" ORDER BY sort_order asc, created_at desc LIMIT 20
[2026-04-16 02:08:22.351] local.info: [16.830ms] [rows:45] SELECT * FROM "permissions" WHERE id IN ('ab6da9f5-8b11-4644-9aaa-009b3b28a4ec','5daf3519-8949-4d26-b4bc-00c8b03f04fe','91166846-7ec1-42de-b134-ce141c3a9d7d','28c919a4-3744-4931-805a-a219892adbe3','789e0c77-5a0c-4ea7-a2e1-606803a6e2bd','6cd9d7a8-34ac-4740-9bc1-aa386ae6de38','8d2454fc-6567-46f9-8527-5843c7142e3c','cf81b7d4-096a-435a-b515-ad3f779199b8','82188518-37d9-45c0-9bca-b0d202cc9449','c01ff63f-6e93-4a78-8e50-87af96ab4a89','a14b8e8b-3f32-475f-8a47-5d33dab3042e','653cb315-36f1-4697-90e4-329900532da2','217d2f9d-5606-432f-99aa-bd6fb720b45f','328bd207-61d6-40ab-9d1d-bbe31ba63a3e','9b3cb586-a24f-4353-8c5a-6a860eba7357','a9280ee9-eb73-4cfb-8092-80f4c2cc5529','e225de9e-e14e-4219-a638-44d136be5613','46c78359-bdb4-421e-9182-d1d095921f20','b0aabdc2-3a7f-496c-a902-ee468671cf24','f4e500e8-45dd-4eeb-8b47-c97d832f18b2','00f63f53-4009-405a-9736-eff543475f78','31cb98ec-4d68-460a-8a6b-1566b0356cb5','29033b15-df4d-4afe-b261-d9f9d978215b','770de03c-008e-4352-915b-dbad46394b3e','386b4440-e446-4a4c-bbf2-2df0b3d482e7','764434f1-f401-4cec-b0a5-94c50e4c10bb','f8315a47-3595-4af7-afca-831deb36ae44','16b41fad-47bb-456e-818a-0e17a10696d3','7dba2974-eed0-4a24-8090-13ce49e8ae9c','2107c201-e779-4d54-b9d8-e77e63506727','540fda97-9bb5-45a3-8677-e5494a35f98d','8db21bed-0a56-4384-b989-46c85bf60a4a','b64fe46a-25b2-4780-b910-8897bab331d1','04b0026e-ed12-4e5e-85e2-1ed905581184','c4b26668-789f-4117-b9af-34719df71955','06cf74d1-3ae5-4aee-8048-5fab3132f2ba','5ce4a39b-7e40-4486-b5d7-7f910cb36590','b23b7eaa-6c87-413b-b144-42b7afafd4df','f033f831-0ad6-4654-b9cc-9ad6f8c92e8c','af282aaf-606b-4d5f-9ef8-070dc205befb','24c1e762-e92d-485c-ab51-7bd8574e8cb1','2d68eaae-a710-43ae-b278-b376f0865788','21fdd8fe-78d5-4ce1-ae83-7df1ebfc6f56','23922b05-5fbd-49fd-8f6e-3847cabd2503','5c53b1b4-f8e2-4bd1-a376-d983f799cf4b')
[2026-04-16 02:08:22.351] local.info: [7.697ms] [rows:1] SELECT count(*) FROM "document_categories" WHERE deleted_at IS NULL
[2026-04-16 02:08:22.368] local.info: [16.171ms] [rows:1] SELECT count(*) FROM "companies"
[2026-04-16 02:08:22.368] local.info: [23.361ms] [rows:1] SELECT * FROM "users" WHERE id = '00000000-0000-0000-0000-000000000099' ORDER BY "users"."id" LIMIT 1
[2026-04-16 02:08:22.368] local.info: [16.287ms] [rows:1] SELECT * FROM "document_types" WHERE "document_types"."id" = '7367ca3d-eb1d-43dd-a115-cf3d2ceecdfa'
[2026-04-16 02:08:22.368] local.info: [24.222ms] [rows:1] SELECT * FROM "document_templates" WHERE company_id = '00000000-0000-0000-0000-000000000001' ORDER BY created_at desc LIMIT 20
[2026-04-16 02:08:22.368] local.info: [16.870ms] [rows:1] SELECT * FROM "document_categories" WHERE deleted_at IS NULL ORDER BY sort_order asc, created_at desc LIMIT 20
[2026-04-16 02:08:22.385] local.info: [17.446ms] [rows:1] SELECT * FROM "companies" ORDER BY created_at desc LIMIT 20
[2026-04-16 02:08:22.385] local.info: [10.162ms] [rows:1] SELECT * FROM "users" WHERE id = '00000000-0000-0000-0000-000000000099' ORDER BY "users"."id" LIMIT 1
[2026-04-16 02:08:22.385] local.info: [17.097ms] [rows:1] SELECT * FROM "user_roles" WHERE user_id = '00000000-0000-0000-0000-000000000099'
[2026-04-16 02:08:22.395] local.info: [18.531ms] [rows:1] SELECT * FROM "users" WHERE id = '00000000-0000-0000-0000-000000000099' ORDER BY "users"."id" LIMIT 1
[2026-04-16 02:08:22.395] local.info: [9.968ms] [rows:1] SELECT * FROM "user_roles" WHERE user_id = '00000000-0000-0000-0000-000000000099'
[2026-04-16 02:08:22.395] local.info: [17.563ms] [rows:1] SELECT * FROM "users" WHERE id = '00000000-0000-0000-0000-000000000099' ORDER BY "users"."id" LIMIT 1
[2026-04-16 02:08:22.404] local.info: [17.810ms] [rows:1] SELECT * FROM "users" WHERE id = '00000000-0000-0000-0000-000000000099' ORDER BY "users"."id" LIMIT 1
[2026-04-16 02:08:22.404] local.info: [8.734ms] [rows:1] SELECT * FROM "roles" WHERE id IN ('68c46dfb-a565-4938-99d7-9fdd0acf8a7e')
[2026-04-16 02:08:22.404] local.info: [8.715ms] [rows:1] SELECT * FROM "user_roles" WHERE user_id = '00000000-0000-0000-0000-000000000099'
[2026-04-16 02:08:22.404] local.info: [26.345ms] [rows:1] SELECT * FROM "users" WHERE id = '00000000-0000-0000-0000-000000000099' ORDER BY "users"."id" LIMIT 1
[2026-04-16 02:08:22.404] local.info: [18.722ms] [rows:1] SELECT * FROM "roles" WHERE id IN ('68c46dfb-a565-4938-99d7-9fdd0acf8a7e')
[2026-04-16 02:08:22.412] local.info: [16.504ms] [rows:1] SELECT * FROM "user_roles" WHERE user_id = '00000000-0000-0000-0000-000000000099'
[2026-04-16 02:08:22.412] local.info: [7.691ms] [rows:1] SELECT * FROM "roles" WHERE id IN ('68c46dfb-a565-4938-99d7-9fdd0acf8a7e')
[2026-04-16 02:08:22.412] local.info: [7.867ms] [rows:1] SELECT * FROM "user_roles" WHERE user_id = '00000000-0000-0000-0000-000000000099'
[2026-04-16 02:08:22.412] local.info: [8.200ms] [rows:1] SELECT * FROM "user_roles" WHERE user_id = '00000000-0000-0000-0000-000000000099'
[2026-04-16 02:08:22.421] local.info: [17.322ms] [rows:45] SELECT * FROM "role_permissions" WHERE role_id IN ('68c46dfb-a565-4938-99d7-9fdd0acf8a7e')
[2026-04-16 02:08:22.422] local.info: [9.659ms] [rows:1] SELECT * FROM "roles" WHERE id IN ('68c46dfb-a565-4938-99d7-9fdd0acf8a7e')
[2026-04-16 02:08:22.422] local.info: [9.171ms] [rows:1] SELECT * FROM "roles" WHERE id IN ('68c46dfb-a565-4938-99d7-9fdd0acf8a7e')
[2026-04-16 02:08:22.422] local.info: [9.816ms] [rows:1] SELECT * FROM "roles" WHERE id IN ('68c46dfb-a565-4938-99d7-9fdd0acf8a7e')
[2026-04-16 02:08:22.422] local.info: [17.411ms] [rows:45] SELECT * FROM "role_permissions" WHERE role_id IN ('68c46dfb-a565-4938-99d7-9fdd0acf8a7e')
[2026-04-16 02:08:22.43] local.info: [17.812ms] [rows:45] SELECT * FROM "role_permissions" WHERE role_id IN ('68c46dfb-a565-4938-99d7-9fdd0acf8a7e')
[2026-04-16 02:08:22.43] local.info: [8.381ms] [rows:45] SELECT * FROM "role_permissions" WHERE role_id IN ('68c46dfb-a565-4938-99d7-9fdd0acf8a7e')
[2026-04-16 02:08:22.434] local.info: [12.628ms] [rows:45] SELECT * FROM "role_permissions" WHERE role_id IN ('68c46dfb-a565-4938-99d7-9fdd0acf8a7e')
[2026-04-16 02:08:22.435] local.info: [12.836ms] [rows:45] SELECT * FROM "role_permissions" WHERE role_id IN ('68c46dfb-a565-4938-99d7-9fdd0acf8a7e')
[2026-04-16 02:08:22.437] local.info: [15.793ms] [rows:45] SELECT * FROM "permissions" WHERE id IN ('ab6da9f5-8b11-4644-9aaa-009b3b28a4ec','5daf3519-8949-4d26-b4bc-00c8b03f04fe','91166846-7ec1-42de-b134-ce141c3a9d7d','28c919a4-3744-4931-805a-a219892adbe3','789e0c77-5a0c-4ea7-a2e1-606803a6e2bd','6cd9d7a8-34ac-4740-9bc1-aa386ae6de38','8d2454fc-6567-46f9-8527-5843c7142e3c','cf81b7d4-096a-435a-b515-ad3f779199b8','82188518-37d9-45c0-9bca-b0d202cc9449','c01ff63f-6e93-4a78-8e50-87af96ab4a89','a14b8e8b-3f32-475f-8a47-5d33dab3042e','653cb315-36f1-4697-90e4-329900532da2','217d2f9d-5606-432f-99aa-bd6fb720b45f','328bd207-61d6-40ab-9d1d-bbe31ba63a3e','9b3cb586-a24f-4353-8c5a-6a860eba7357','a9280ee9-eb73-4cfb-8092-80f4c2cc5529','e225de9e-e14e-4219-a638-44d136be5613','46c78359-bdb4-421e-9182-d1d095921f20','b0aabdc2-3a7f-496c-a902-ee468671cf24','f4e500e8-45dd-4eeb-8b47-c97d832f18b2','00f63f53-4009-405a-9736-eff543475f78','31cb98ec-4d68-460a-8a6b-1566b0356cb5','29033b15-df4d-4afe-b261-d9f9d978215b','770de03c-008e-4352-915b-dbad46394b3e','386b4440-e446-4a4c-bbf2-2df0b3d482e7','764434f1-f401-4cec-b0a5-94c50e4c10bb','f8315a47-3595-4af7-afca-831deb36ae44','16b41fad-47bb-456e-818a-0e17a10696d3','7dba2974-eed0-4a24-8090-13ce49e8ae9c','2107c201-e779-4d54-b9d8-e77e63506727','540fda97-9bb5-45a3-8677-e5494a35f98d','8db21bed-0a56-4384-b989-46c85bf60a4a','b64fe46a-25b2-4780-b910-8897bab331d1','04b0026e-ed12-4e5e-85e2-1ed905581184','c4b26668-789f-4117-b9af-34719df71955','06cf74d1-3ae5-4aee-8048-5fab3132f2ba','5ce4a39b-7e40-4486-b5d7-7f910cb36590','b23b7eaa-6c87-413b-b144-42b7afafd4df','f033f831-0ad6-4654-b9cc-9ad6f8c92e8c','af282aaf-606b-4d5f-9ef8-070dc205befb','24c1e762-e92d-485c-ab51-7bd8574e8cb1','2d68eaae-a710-43ae-b278-b376f0865788','21fdd8fe-78d5-4ce1-ae83-7df1ebfc6f56','23922b05-5fbd-49fd-8f6e-3847cabd2503','5c53b1b4-f8e2-4bd1-a376-d983f799cf4b')
[2026-04-16 02:08:22.437] local.info: [15.716ms] [rows:45] SELECT * FROM "permissions" WHERE id IN ('ab6da9f5-8b11-4644-9aaa-009b3b28a4ec','5daf3519-8949-4d26-b4bc-00c8b03f04fe','91166846-7ec1-42de-b134-ce141c3a9d7d','28c919a4-3744-4931-805a-a219892adbe3','789e0c77-5a0c-4ea7-a2e1-606803a6e2bd','6cd9d7a8-34ac-4740-9bc1-aa386ae6de38','8d2454fc-6567-46f9-8527-5843c7142e3c','cf81b7d4-096a-435a-b515-ad3f779199b8','82188518-37d9-45c0-9bca-b0d202cc9449','c01ff63f-6e93-4a78-8e50-87af96ab4a89','a14b8e8b-3f32-475f-8a47-5d33dab3042e','653cb315-36f1-4697-90e4-329900532da2','217d2f9d-5606-432f-99aa-bd6fb720b45f','328bd207-61d6-40ab-9d1d-bbe31ba63a3e','9b3cb586-a24f-4353-8c5a-6a860eba7357','a9280ee9-eb73-4cfb-8092-80f4c2cc5529','e225de9e-e14e-4219-a638-44d136be5613','46c78359-bdb4-421e-9182-d1d095921f20','b0aabdc2-3a7f-496c-a902-ee468671cf24','f4e500e8-45dd-4eeb-8b47-c97d832f18b2','00f63f53-4009-405a-9736-eff543475f78','31cb98ec-4d68-460a-8a6b-1566b0356cb5','29033b15-df4d-4afe-b261-d9f9d978215b','770de03c-008e-4352-915b-dbad46394b3e','386b4440-e446-4a4c-bbf2-2df0b3d482e7','764434f1-f401-4cec-b0a5-94c50e4c10bb','f8315a47-3595-4af7-afca-831deb36ae44','16b41fad-47bb-456e-818a-0e17a10696d3','7dba2974-eed0-4a24-8090-13ce49e8ae9c','2107c201-e779-4d54-b9d8-e77e63506727','540fda97-9bb5-45a3-8677-e5494a35f98d','8db21bed-0a56-4384-b989-46c85bf60a4a','b64fe46a-25b2-4780-b910-8897bab331d1','04b0026e-ed12-4e5e-85e2-1ed905581184','c4b26668-789f-4117-b9af-34719df71955','06cf74d1-3ae5-4aee-8048-5fab3132f2ba','5ce4a39b-7e40-4486-b5d7-7f910cb36590','b23b7eaa-6c87-413b-b144-42b7afafd4df','f033f831-0ad6-4654-b9cc-9ad6f8c92e8c','af282aaf-606b-4d5f-9ef8-070dc205befb','24c1e762-e92d-485c-ab51-7bd8574e8cb1','2d68eaae-a710-43ae-b278-b376f0865788','21fdd8fe-78d5-4ce1-ae83-7df1ebfc6f56','23922b05-5fbd-49fd-8f6e-3847cabd2503','5c53b1b4-f8e2-4bd1-a376-d983f799cf4b')
[2026-04-16 02:08:22.439] local.info: [8.949ms] [rows:45] SELECT * FROM "permissions" WHERE id IN ('ab6da9f5-8b11-4644-9aaa-009b3b28a4ec','5daf3519-8949-4d26-b4bc-00c8b03f04fe','91166846-7ec1-42de-b134-ce141c3a9d7d','28c919a4-3744-4931-805a-a219892adbe3','789e0c77-5a0c-4ea7-a2e1-606803a6e2bd','6cd9d7a8-34ac-4740-9bc1-aa386ae6de38','8d2454fc-6567-46f9-8527-5843c7142e3c','cf81b7d4-096a-435a-b515-ad3f779199b8','82188518-37d9-45c0-9bca-b0d202cc9449','c01ff63f-6e93-4a78-8e50-87af96ab4a89','a14b8e8b-3f32-475f-8a47-5d33dab3042e','653cb315-36f1-4697-90e4-329900532da2','217d2f9d-5606-432f-99aa-bd6fb720b45f','328bd207-61d6-40ab-9d1d-bbe31ba63a3e','9b3cb586-a24f-4353-8c5a-6a860eba7357','a9280ee9-eb73-4cfb-8092-80f4c2cc5529','e225de9e-e14e-4219-a638-44d136be5613','46c78359-bdb4-421e-9182-d1d095921f20','b0aabdc2-3a7f-496c-a902-ee468671cf24','f4e500e8-45dd-4eeb-8b47-c97d832f18b2','00f63f53-4009-405a-9736-eff543475f78','31cb98ec-4d68-460a-8a6b-1566b0356cb5','29033b15-df4d-4afe-b261-d9f9d978215b','770de03c-008e-4352-915b-dbad46394b3e','386b4440-e446-4a4c-bbf2-2df0b3d482e7','764434f1-f401-4cec-b0a5-94c50e4c10bb','f8315a47-3595-4af7-afca-831deb36ae44','16b41fad-47bb-456e-818a-0e17a10696d3','7dba2974-eed0-4a24-8090-13ce49e8ae9c','2107c201-e779-4d54-b9d8-e77e63506727','540fda97-9bb5-45a3-8677-e5494a35f98d','8db21bed-0a56-4384-b989-46c85bf60a4a','b64fe46a-25b2-4780-b910-8897bab331d1','04b0026e-ed12-4e5e-85e2-1ed905581184','c4b26668-789f-4117-b9af-34719df71955','06cf74d1-3ae5-4aee-8048-5fab3132f2ba','5ce4a39b-7e40-4486-b5d7-7f910cb36590','b23b7eaa-6c87-413b-b144-42b7afafd4df','f033f831-0ad6-4654-b9cc-9ad6f8c92e8c','af282aaf-606b-4d5f-9ef8-070dc205befb','24c1e762-e92d-485c-ab51-7bd8574e8cb1','2d68eaae-a710-43ae-b278-b376f0865788','21fdd8fe-78d5-4ce1-ae83-7df1ebfc6f56','23922b05-5fbd-49fd-8f6e-3847cabd2503','5c53b1b4-f8e2-4bd1-a376-d983f799cf4b')
[2026-04-16 02:08:22.442] local.info: [11.798ms] [rows:45] SELECT * FROM "permissions" WHERE id IN ('ab6da9f5-8b11-4644-9aaa-009b3b28a4ec','5daf3519-8949-4d26-b4bc-00c8b03f04fe','91166846-7ec1-42de-b134-ce141c3a9d7d','28c919a4-3744-4931-805a-a219892adbe3','789e0c77-5a0c-4ea7-a2e1-606803a6e2bd','6cd9d7a8-34ac-4740-9bc1-aa386ae6de38','8d2454fc-6567-46f9-8527-5843c7142e3c','cf81b7d4-096a-435a-b515-ad3f779199b8','82188518-37d9-45c0-9bca-b0d202cc9449','c01ff63f-6e93-4a78-8e50-87af96ab4a89','a14b8e8b-3f32-475f-8a47-5d33dab3042e','653cb315-36f1-4697-90e4-329900532da2','217d2f9d-5606-432f-99aa-bd6fb720b45f','328bd207-61d6-40ab-9d1d-bbe31ba63a3e','9b3cb586-a24f-4353-8c5a-6a860eba7357','a9280ee9-eb73-4cfb-8092-80f4c2cc5529','e225de9e-e14e-4219-a638-44d136be5613','46c78359-bdb4-421e-9182-d1d095921f20','b0aabdc2-3a7f-496c-a902-ee468671cf24','f4e500e8-45dd-4eeb-8b47-c97d832f18b2','00f63f53-4009-405a-9736-eff543475f78','31cb98ec-4d68-460a-8a6b-1566b0356cb5','29033b15-df4d-4afe-b261-d9f9d978215b','770de03c-008e-4352-915b-dbad46394b3e','386b4440-e446-4a4c-bbf2-2df0b3d482e7','764434f1-f401-4cec-b0a5-94c50e4c10bb','f8315a47-3595-4af7-afca-831deb36ae44','16b41fad-47bb-456e-818a-0e17a10696d3','7dba2974-eed0-4a24-8090-13ce49e8ae9c','2107c201-e779-4d54-b9d8-e77e63506727','540fda97-9bb5-45a3-8677-e5494a35f98d','8db21bed-0a56-4384-b989-46c85bf60a4a','b64fe46a-25b2-4780-b910-8897bab331d1','04b0026e-ed12-4e5e-85e2-1ed905581184','c4b26668-789f-4117-b9af-34719df71955','06cf74d1-3ae5-4aee-8048-5fab3132f2ba','5ce4a39b-7e40-4486-b5d7-7f910cb36590','b23b7eaa-6c87-413b-b144-42b7afafd4df','f033f831-0ad6-4654-b9cc-9ad6f8c92e8c','af282aaf-606b-4d5f-9ef8-070dc205befb','24c1e762-e92d-485c-ab51-7bd8574e8cb1','2d68eaae-a710-43ae-b278-b376f0865788','21fdd8fe-78d5-4ce1-ae83-7df1ebfc6f56','23922b05-5fbd-49fd-8f6e-3847cabd2503','5c53b1b4-f8e2-4bd1-a376-d983f799cf4b')
[2026-04-16 02:08:22.446] local.info: [11.677ms] [rows:45] SELECT * FROM "permissions" WHERE id IN ('ab6da9f5-8b11-4644-9aaa-009b3b28a4ec','5daf3519-8949-4d26-b4bc-00c8b03f04fe','91166846-7ec1-42de-b134-ce141c3a9d7d','28c919a4-3744-4931-805a-a219892adbe3','789e0c77-5a0c-4ea7-a2e1-606803a6e2bd','6cd9d7a8-34ac-4740-9bc1-aa386ae6de38','8d2454fc-6567-46f9-8527-5843c7142e3c','cf81b7d4-096a-435a-b515-ad3f779199b8','82188518-37d9-45c0-9bca-b0d202cc9449','c01ff63f-6e93-4a78-8e50-87af96ab4a89','a14b8e8b-3f32-475f-8a47-5d33dab3042e','653cb315-36f1-4697-90e4-329900532da2','217d2f9d-5606-432f-99aa-bd6fb720b45f','328bd207-61d6-40ab-9d1d-bbe31ba63a3e','9b3cb586-a24f-4353-8c5a-6a860eba7357','a9280ee9-eb73-4cfb-8092-80f4c2cc5529','e225de9e-e14e-4219-a638-44d136be5613','46c78359-bdb4-421e-9182-d1d095921f20','b0aabdc2-3a7f-496c-a902-ee468671cf24','f4e500e8-45dd-4eeb-8b47-c97d832f18b2','00f63f53-4009-405a-9736-eff543475f78','31cb98ec-4d68-460a-8a6b-1566b0356cb5','29033b15-df4d-4afe-b261-d9f9d978215b','770de03c-008e-4352-915b-dbad46394b3e','386b4440-e446-4a4c-bbf2-2df0b3d482e7','764434f1-f401-4cec-b0a5-94c50e4c10bb','f8315a47-3595-4af7-afca-831deb36ae44','16b41fad-47bb-456e-818a-0e17a10696d3','7dba2974-eed0-4a24-8090-13ce49e8ae9c','2107c201-e779-4d54-b9d8-e77e63506727','540fda97-9bb5-45a3-8677-e5494a35f98d','8db21bed-0a56-4384-b989-46c85bf60a4a','b64fe46a-25b2-4780-b910-8897bab331d1','04b0026e-ed12-4e5e-85e2-1ed905581184','c4b26668-789f-4117-b9af-34719df71955','06cf74d1-3ae5-4aee-8048-5fab3132f2ba','5ce4a39b-7e40-4486-b5d7-7f910cb36590','b23b7eaa-6c87-413b-b144-42b7afafd4df','f033f831-0ad6-4654-b9cc-9ad6f8c92e8c','af282aaf-606b-4d5f-9ef8-070dc205befb','24c1e762-e92d-485c-ab51-7bd8574e8cb1','2d68eaae-a710-43ae-b278-b376f0865788','21fdd8fe-78d5-4ce1-ae83-7df1ebfc6f56','23922b05-5fbd-49fd-8f6e-3847cabd2503','5c53b1b4-f8e2-4bd1-a376-d983f799cf4b')
[2026-04-16 02:08:22.446] local.info: [8.915ms] [rows:1] SELECT count(*) FROM "notifications" WHERE user_id = '00000000-0000-0000-0000-000000000099' AND is_read = false
[2026-04-16 02:08:22.446] local.info: [8.802ms] [rows:1] SELECT count(*) FROM "document_types"
[2026-04-16 02:08:22.446] local.info: [11.937ms] [rows:45] SELECT * FROM "permissions" WHERE id IN ('ab6da9f5-8b11-4644-9aaa-009b3b28a4ec','5daf3519-8949-4d26-b4bc-00c8b03f04fe','91166846-7ec1-42de-b134-ce141c3a9d7d','28c919a4-3744-4931-805a-a219892adbe3','789e0c77-5a0c-4ea7-a2e1-606803a6e2bd','6cd9d7a8-34ac-4740-9bc1-aa386ae6de38','8d2454fc-6567-46f9-8527-5843c7142e3c','cf81b7d4-096a-435a-b515-ad3f779199b8','82188518-37d9-45c0-9bca-b0d202cc9449','c01ff63f-6e93-4a78-8e50-87af96ab4a89','a14b8e8b-3f32-475f-8a47-5d33dab3042e','653cb315-36f1-4697-90e4-329900532da2','217d2f9d-5606-432f-99aa-bd6fb720b45f','328bd207-61d6-40ab-9d1d-bbe31ba63a3e','9b3cb586-a24f-4353-8c5a-6a860eba7357','a9280ee9-eb73-4cfb-8092-80f4c2cc5529','e225de9e-e14e-4219-a638-44d136be5613','46c78359-bdb4-421e-9182-d1d095921f20','b0aabdc2-3a7f-496c-a902-ee468671cf24','f4e500e8-45dd-4eeb-8b47-c97d832f18b2','00f63f53-4009-405a-9736-eff543475f78','31cb98ec-4d68-460a-8a6b-1566b0356cb5','29033b15-df4d-4afe-b261-d9f9d978215b','770de03c-008e-4352-915b-dbad46394b3e','386b4440-e446-4a4c-bbf2-2df0b3d482e7','764434f1-f401-4cec-b0a5-94c50e4c10bb','f8315a47-3595-4af7-afca-831deb36ae44','16b41fad-47bb-456e-818a-0e17a10696d3','7dba2974-eed0-4a24-8090-13ce49e8ae9c','2107c201-e779-4d54-b9d8-e77e63506727','540fda97-9bb5-45a3-8677-e5494a35f98d','8db21bed-0a56-4384-b989-46c85bf60a4a','b64fe46a-25b2-4780-b910-8897bab331d1','04b0026e-ed12-4e5e-85e2-1ed905581184','c4b26668-789f-4117-b9af-34719df71955','06cf74d1-3ae5-4aee-8048-5fab3132f2ba','5ce4a39b-7e40-4486-b5d7-7f910cb36590','b23b7eaa-6c87-413b-b144-42b7afafd4df','f033f831-0ad6-4654-b9cc-9ad6f8c92e8c','af282aaf-606b-4d5f-9ef8-070dc205befb','24c1e762-e92d-485c-ab51-7bd8574e8cb1','2d68eaae-a710-43ae-b278-b376f0865788','21fdd8fe-78d5-4ce1-ae83-7df1ebfc6f56','23922b05-5fbd-49fd-8f6e-3847cabd2503','5c53b1b4-f8e2-4bd1-a376-d983f799cf4b')
[2026-04-16 02:08:22.455] local.info: [15.920ms] [rows:1] SELECT count(*) FROM "document_types"
[2026-04-16 02:08:22.455] local.info: [9.072ms] [rows:0] SELECT * FROM "workflow_instances" WHERE document_id = '1cb5293d-d875-4bab-865b-85e18ccee4aa' AND status = 'active' ORDER BY "workflow_instances"."id" LIMIT 1
[2026-04-16 02:08:22.455] local.info: [8.906ms] [rows:1] SELECT * FROM "documents" WHERE id = '1cb5293d-d875-4bab-865b-85e18ccee4aa' AND deleted_at IS NULL ORDER BY "documents"."id" LIMIT 1
[2026-04-16 02:08:22.464] local.info: [16.289ms] [rows:1] SELECT * FROM "users" WHERE id = '00000000-0000-0000-0000-000000000099' ORDER BY "users"."id" LIMIT 1
[2026-04-16 02:08:22.464] local.info: [17.152ms] [rows:5] SELECT * FROM "document_types" ORDER BY sort_order asc, created_at desc LIMIT 20
[2026-04-16 02:08:22.464] local.error: [8.107ms] [rows:0] SELECT * FROM "document_comments" WHERE (document_id = '1cb5293d-d875-4bab-865b-85e18ccee4aa' AND deleted_at IS NULL) AND parent_id IS NULL ORDER BY created_at desc	ERROR: column "parent_id" does not exist (SQLSTATE 42703)
[Trace] /Users/arivin29macmini/go/pkg/mod/github.com/goravel/framework@v1.17.2/log/writer.go:202 [log.(*Writer).withStackTrace]
/Users/arivin29macmini/go/pkg/mod/github.com/goravel/framework@v1.17.2/log/writer.go:65 [log.(*Writer).Errorf]
/Users/arivin29macmini/go/pkg/mod/github.com/goravel/framework@v1.17.2/database/db/logger.go:79 [db.(*Logger).Errorf]
/Users/arivin29macmini/go/pkg/mod/github.com/goravel/framework@v1.17.2/database/db/logger.go:102 [db.(*Logger).Trace]
/Users/arivin29macmini/go/pkg/mod/github.com/goravel/framework@v1.17.2/database/db/logger.go:153 [db.(*Gorm).Trace]
/Users/arivin29macmini/go/pkg/mod/gorm.io/gorm@v1.31.1/callbacks.go:140 [gorm.(*processor).Execute]
/Users/arivin29macmini/go/pkg/mod/gorm.io/gorm@v1.31.1/finisher_api.go:172 [gorm.(*DB).Find]
/Users/arivin29macmini/go/pkg/mod/github.com/goravel/framework@v1.17.2/database/gorm/query.go:270 [gorm.(*Query).Find]
/Users/arivin29macmini/go/pkg/mod/github.com/goravel/framework@v1.17.2/database/gorm/query.go:417 [gorm.(*Query).Get]
/Users/arivin29macmini/Documents/DEVETEK/BMS/dms/app/repositories/comment_repository.go:83 [repositories.(*commentRepository).List]
/Users/arivin29macmini/Documents/DEVETEK/BMS/dms/app/services/comment_service.go:73 [services.(*CommentService).List]
/Users/arivin29macmini/Documents/DEVETEK/BMS/dms/app/http/controllers/comment_controller.go:29 [controllers.(*CommentController).Index]
/Users/arivin29macmini/go/pkg/mod/github.com/goravel/gin@v1.17.0/utils.go:37 [gin.(*Group).Get.handlerToGinHandler.func1]
/Users/arivin29macmini/go/pkg/mod/github.com/gin-gonic/gin@v1.11.0/context.go:192 [gin.(*Context).Next]
/Users/arivin29macmini/go/pkg/mod/github.com/goravel/gin@v1.17.0/context_request.go:230 [gin.(*ContextRequest).Next]
/Users/arivin29macmini/go/pkg/mod/github.com/goravel/gin@v1.17.0/context_response.go:157 [gin.(*Route).init.ResponseMiddleware.func2]
/Users/arivin29macmini/go/pkg/mod/github.com/goravel/gin@v1.17.0/utils.go:54 [gin.(*Group).WithMiddlewares.middlewaresToGinHandlers.middlewareToGinHandler.func1]
/Users/arivin29macmini/go/pkg/mod/github.com/gin-gonic/gin@v1.11.0/context.go:192 [gin.(*Context).Next]
/Users/arivin29macmini/go/pkg/mod/github.com/goravel/gin@v1.17.0/context_request.go:230 [gin.(*ContextRequest).Next]
/Users/arivin29macmini/Documents/DEVETEK/BMS/dms/app/http/middleware/rbac.go:30 [routes.Api.func2.2.RequirePermission.85]
/Users/arivin29macmini/go/pkg/mod/github.com/goravel/gin@v1.17.0/utils.go:54 [gin.(*Group).WithMiddlewares.middlewaresToGinHandlers.middlewareToGinHandler.func1]
/Users/arivin29macmini/go/pkg/mod/github.com/gin-gonic/gin@v1.11.0/context.go:192 [gin.(*Context).Next]
/Users/arivin29macmini/go/pkg/mod/github.com/goravel/gin@v1.17.0/context_request.go:230 [gin.(*ContextRequest).Next]
/Users/arivin29macmini/Documents/DEVETEK/BMS/dms/app/http/middleware/scope.go:63 [routes.Api.func2.DataScope.5]
/Users/arivin29macmini/go/pkg/mod/github.com/goravel/gin@v1.17.0/utils.go:54 [gin.(*Group).WithMiddlewares.middlewaresToGinHandlers.middlewareToGinHandler.func1]
/Users/arivin29macmini/go/pkg/mod/github.com/gin-gonic/gin@v1.11.0/context.go:192 [gin.(*Context).Next]
/Users/arivin29macmini/go/pkg/mod/github.com/goravel/gin@v1.17.0/context_request.go:230 [gin.(*ContextRequest).Next]
/Users/arivin29macmini/Documents/DEVETEK/BMS/dms/app/http/middleware/auth.go:50 [routes.Api.func2.Auth.4]
/Users/arivin29macmini/go/pkg/mod/github.com/goravel/gin@v1.17.0/utils.go:54 [gin.(*Group).WithMiddlewares.middlewaresToGinHandlers.middlewareToGinHandler.func1]
/Users/arivin29macmini/go/pkg/mod/github.com/gin-gonic/gin@v1.11.0/context.go:192 [gin.(*Context).Next]
/Users/arivin29macmini/go/pkg/mod/github.com/goravel/gin@v1.17.0/context_request.go:230 [gin.(*ContextRequest).Next]
/Users/arivin29macmini/Documents/DEVETEK/BMS/dms/app/http/middleware/cors.go:27 [routes.Api.Cors.func5]
/Users/arivin29macmini/go/pkg/mod/github.com/goravel/gin@v1.17.0/utils.go:54 [gin.(*Group).WithMiddlewares.middlewaresToGinHandlers.middlewareToGinHandler.func1]
/Users/arivin29macmini/go/pkg/mod/github.com/gin-gonic/gin@v1.11.0/context.go:192 [gin.(*Context).Next]
/Users/arivin29macmini/go/pkg/mod/github.com/goravel/gin@v1.17.0/context_request.go:230 [gin.(*ContextRequest).Next]
/Users/arivin29macmini/go/pkg/mod/github.com/goravel/gin@v1.17.0/middleware_tls.go:18 [gin.NewRoute.Tls.func3]
/Users/arivin29macmini/go/pkg/mod/github.com/goravel/gin@v1.17.0/utils.go:54 [gin.(*Route).init.middlewaresToGinHandlers.middlewareToGinHandler.func3]
/Users/arivin29macmini/go/pkg/mod/github.com/gin-gonic/gin@v1.11.0/context.go:192 [gin.(*Context).Next]
/Users/arivin29macmini/go/pkg/mod/github.com/goravel/gin@v1.17.0/context_request.go:230 [gin.(*ContextRequest).Next]
/Users/arivin29macmini/go/pkg/mod/github.com/goravel/gin@v1.17.0/middleware_cors.go:63 [gin.NewRoute.Cors.func2]
/Users/arivin29macmini/go/pkg/mod/github.com/goravel/gin@v1.17.0/utils.go:54 [gin.(*Route).init.middlewaresToGinHandlers.middlewareToGinHandler.func3]
/Users/arivin29macmini/go/pkg/mod/github.com/gin-gonic/gin@v1.11.0/context.go:192 [gin.(*Context).Next]
/Users/arivin29macmini/go/pkg/mod/github.com/goravel/gin@v1.17.0/context_request.go:230 [gin.(*ContextRequest).Next]
[2026-04-16 02:08:22.476] local.info: [20.588ms] [rows:5] SELECT * FROM "document_types" ORDER BY sort_order asc, created_at desc LIMIT 20
[2026-04-16 02:08:22.476] local.info: [12.411ms] [rows:1] SELECT * FROM "user_roles" WHERE user_id = '00000000-0000-0000-0000-000000000099'
[2026-04-16 02:08:22.476] local.info: [20.684ms] [rows:1] SELECT * FROM "document_categories" WHERE "document_categories"."id" = '1de6dcb1-c46b-466f-af65-bc4b8d75de05'
[2026-04-16 02:08:22.497] local.info: [21.228ms] [rows:1] SELECT * FROM "roles" WHERE id IN ('68c46dfb-a565-4938-99d7-9fdd0acf8a7e')
[2026-04-16 02:08:22.498] local.info: [21.354ms] [rows:1] SELECT * FROM "companies" WHERE "companies"."id" = '00000000-0000-0000-0000-000000000001'
[2026-04-16 02:08:22.516] local.info: [18.635ms] [rows:45] SELECT * FROM "role_permissions" WHERE role_id IN ('68c46dfb-a565-4938-99d7-9fdd0acf8a7e')
[2026-04-16 02:08:22.516] local.info: [18.817ms] [rows:1] SELECT * FROM "users" WHERE "users"."id" = '00000000-0000-0000-0000-000000000099'
[2026-04-16 02:08:22.524] local.info: [7.741ms] [rows:45] SELECT * FROM "permissions" WHERE id IN ('ab6da9f5-8b11-4644-9aaa-009b3b28a4ec','5daf3519-8949-4d26-b4bc-00c8b03f04fe','91166846-7ec1-42de-b134-ce141c3a9d7d','28c919a4-3744-4931-805a-a219892adbe3','789e0c77-5a0c-4ea7-a2e1-606803a6e2bd','6cd9d7a8-34ac-4740-9bc1-aa386ae6de38','8d2454fc-6567-46f9-8527-5843c7142e3c','cf81b7d4-096a-435a-b515-ad3f779199b8','82188518-37d9-45c0-9bca-b0d202cc9449','c01ff63f-6e93-4a78-8e50-87af96ab4a89','a14b8e8b-3f32-475f-8a47-5d33dab3042e','653cb315-36f1-4697-90e4-329900532da2','217d2f9d-5606-432f-99aa-bd6fb720b45f','328bd207-61d6-40ab-9d1d-bbe31ba63a3e','9b3cb586-a24f-4353-8c5a-6a860eba7357','a9280ee9-eb73-4cfb-8092-80f4c2cc5529','e225de9e-e14e-4219-a638-44d136be5613','46c78359-bdb4-421e-9182-d1d095921f20','b0aabdc2-3a7f-496c-a902-ee468671cf24','f4e500e8-45dd-4eeb-8b47-c97d832f18b2','00f63f53-4009-405a-9736-eff543475f78','31cb98ec-4d68-460a-8a6b-1566b0356cb5','29033b15-df4d-4afe-b261-d9f9d978215b','770de03c-008e-4352-915b-dbad46394b3e','386b4440-e446-4a4c-bbf2-2df0b3d482e7','764434f1-f401-4cec-b0a5-94c50e4c10bb','f8315a47-3595-4af7-afca-831deb36ae44','16b41fad-47bb-456e-818a-0e17a10696d3','7dba2974-eed0-4a24-8090-13ce49e8ae9c','2107c201-e779-4d54-b9d8-e77e63506727','540fda97-9bb5-45a3-8677-e5494a35f98d','8db21bed-0a56-4384-b989-46c85bf60a4a','b64fe46a-25b2-4780-b910-8897bab331d1','04b0026e-ed12-4e5e-85e2-1ed905581184','c4b26668-789f-4117-b9af-34719df71955','06cf74d1-3ae5-4aee-8048-5fab3132f2ba','5ce4a39b-7e40-4486-b5d7-7f910cb36590','b23b7eaa-6c87-413b-b144-42b7afafd4df','f033f831-0ad6-4654-b9cc-9ad6f8c92e8c','af282aaf-606b-4d5f-9ef8-070dc205befb','24c1e762-e92d-485c-ab51-7bd8574e8cb1','2d68eaae-a710-43ae-b278-b376f0865788','21fdd8fe-78d5-4ce1-ae83-7df1ebfc6f56','23922b05-5fbd-49fd-8f6e-3847cabd2503','5c53b1b4-f8e2-4bd1-a376-d983f799cf4b')
[2026-04-16 02:08:22.536] local.info: [19.502ms] [rows:1] SELECT * FROM "departments" WHERE "departments"."id" = '00000000-0000-0000-0000-000000000003'
[2026-04-16 02:08:22.536] local.info: [12.210ms] [rows:1] SELECT * FROM "documents" WHERE id = '1cb5293d-d875-4bab-865b-85e18ccee4aa' AND deleted_at IS NULL ORDER BY "documents"."id" LIMIT 1
[2026-04-16 02:08:22.556] local.info: [19.864ms] [rows:1] SELECT * FROM "document_types" WHERE "document_types"."id" = '7367ca3d-eb1d-43dd-a115-cf3d2ceecdfa'
[2026-04-16 02:08:22.576] local.info: [20.122ms] [rows:1] SELECT * FROM "users" WHERE "users"."id" = '00000000-0000-0000-0000-000000000099'
[2026-04-16 02:08:22.576] local.info: [40.138ms] [rows:3] SELECT * FROM "document_versions" WHERE document_id = '1cb5293d-d875-4bab-865b-85e18ccee4aa' ORDER BY version_number desc
[2026-04-16 02:08:22.576] local.info: [20.259ms] [rows:1] SELECT * FROM "offices" WHERE "offices"."id" = '00000000-0000-0000-0000-000000000002'
[2026-04-16 02:08:22.596] local.info: [19.144ms] [rows:1] SELECT * FROM "document_templates" WHERE "document_templates"."id" = 'ef6ad65a-07d2-444b-951d-d197ee14c8a0'
[2026-04-16 02:08:22.596] local.info: [154.299ms] [rows:1] SELECT * FROM "documents" WHERE id = '1cb5293d-d875-4bab-865b-85e18ccee4aa' AND deleted_at IS NULL ORDER BY "documents"."id" LIMIT 1
[2026-04-16 02:08:27.736] local.info: [45.202ms] [rows:1] SELECT * FROM "users" WHERE id = '00000000-0000-0000-0000-000000000099' ORDER BY "users"."id" LIMIT 1
[2026-04-16 02:08:27.756] local.info: [20.178ms] [rows:1] SELECT * FROM "user_roles" WHERE user_id = '00000000-0000-0000-0000-000000000099'
[2026-04-16 02:08:27.776] local.info: [19.685ms] [rows:1] SELECT * FROM "roles" WHERE id IN ('68c46dfb-a565-4938-99d7-9fdd0acf8a7e')
[2026-04-16 02:08:27.796] local.info: [20.078ms] [rows:45] SELECT * FROM "role_permissions" WHERE role_id IN ('68c46dfb-a565-4938-99d7-9fdd0acf8a7e')
[2026-04-16 02:08:27.817] local.info: [20.586ms] [rows:45] SELECT * FROM "permissions" WHERE id IN ('ab6da9f5-8b11-4644-9aaa-009b3b28a4ec','5daf3519-8949-4d26-b4bc-00c8b03f04fe','91166846-7ec1-42de-b134-ce141c3a9d7d','28c919a4-3744-4931-805a-a219892adbe3','789e0c77-5a0c-4ea7-a2e1-606803a6e2bd','6cd9d7a8-34ac-4740-9bc1-aa386ae6de38','8d2454fc-6567-46f9-8527-5843c7142e3c','cf81b7d4-096a-435a-b515-ad3f779199b8','82188518-37d9-45c0-9bca-b0d202cc9449','c01ff63f-6e93-4a78-8e50-87af96ab4a89','a14b8e8b-3f32-475f-8a47-5d33dab3042e','653cb315-36f1-4697-90e4-329900532da2','217d2f9d-5606-432f-99aa-bd6fb720b45f','328bd207-61d6-40ab-9d1d-bbe31ba63a3e','9b3cb586-a24f-4353-8c5a-6a860eba7357','a9280ee9-eb73-4cfb-8092-80f4c2cc5529','e225de9e-e14e-4219-a638-44d136be5613','46c78359-bdb4-421e-9182-d1d095921f20','b0aabdc2-3a7f-496c-a902-ee468671cf24','f4e500e8-45dd-4eeb-8b47-c97d832f18b2','00f63f53-4009-405a-9736-eff543475f78','31cb98ec-4d68-460a-8a6b-1566b0356cb5','29033b15-df4d-4afe-b261-d9f9d978215b','770de03c-008e-4352-915b-dbad46394b3e','386b4440-e446-4a4c-bbf2-2df0b3d482e7','764434f1-f401-4cec-b0a5-94c50e4c10bb','f8315a47-3595-4af7-afca-831deb36ae44','16b41fad-47bb-456e-818a-0e17a10696d3','7dba2974-eed0-4a24-8090-13ce49e8ae9c','2107c201-e779-4d54-b9d8-e77e63506727','540fda97-9bb5-45a3-8677-e5494a35f98d','8db21bed-0a56-4384-b989-46c85bf60a4a','b64fe46a-25b2-4780-b910-8897bab331d1','04b0026e-ed12-4e5e-85e2-1ed905581184','c4b26668-789f-4117-b9af-34719df71955','06cf74d1-3ae5-4aee-8048-5fab3132f2ba','5ce4a39b-7e40-4486-b5d7-7f910cb36590','b23b7eaa-6c87-413b-b144-42b7afafd4df','f033f831-0ad6-4654-b9cc-9ad6f8c92e8c','af282aaf-606b-4d5f-9ef8-070dc205befb','24c1e762-e92d-485c-ab51-7bd8574e8cb1','2d68eaae-a710-43ae-b278-b376f0865788','21fdd8fe-78d5-4ce1-ae83-7df1ebfc6f56','23922b05-5fbd-49fd-8f6e-3847cabd2503','5c53b1b4-f8e2-4bd1-a376-d983f799cf4b')
[2026-04-16 02:08:27.846] local.info: [29.087ms] [rows:1] SELECT * FROM "documents" WHERE id = '1cb5293d-d875-4bab-865b-85e18ccee4aa' AND deleted_at IS NULL ORDER BY "documents"."id" LIMIT 1
[2026-04-16 02:08:27.876] local.info: [29.714ms] [rows:1] SELECT count(*) FROM "document_distributions" WHERE document_id = '1cb5293d-d875-4bab-865b-85e18ccee4aa'
[2026-04-16 02:08:27.896] local.info: [20.029ms] [rows:0] SELECT * FROM "document_distributions" WHERE document_id = '1cb5293d-d875-4bab-865b-85e18ccee4aa' ORDER BY created_at desc LIMIT 20
[2026-04-16 02:08:52.406] local.info: [37.362ms] [rows:1] SELECT * FROM "users" WHERE id = '00000000-0000-0000-0000-000000000099' ORDER BY "users"."id" LIMIT 1
[2026-04-16 02:08:52.425] local.info: [19.174ms] [rows:1] SELECT * FROM "user_roles" WHERE user_id = '00000000-0000-0000-0000-000000000099'
[2026-04-16 02:08:52.475] local.info: [49.782ms] [rows:1] SELECT * FROM "roles" WHERE id IN ('68c46dfb-a565-4938-99d7-9fdd0acf8a7e')
[2026-04-16 02:08:52.495] local.info: [20.074ms] [rows:45] SELECT * FROM "role_permissions" WHERE role_id IN ('68c46dfb-a565-4938-99d7-9fdd0acf8a7e')
[2026-04-16 02:08:52.516] local.info: [20.135ms] [rows:45] SELECT * FROM "permissions" WHERE id IN ('ab6da9f5-8b11-4644-9aaa-009b3b28a4ec','5daf3519-8949-4d26-b4bc-00c8b03f04fe','91166846-7ec1-42de-b134-ce141c3a9d7d','28c919a4-3744-4931-805a-a219892adbe3','789e0c77-5a0c-4ea7-a2e1-606803a6e2bd','6cd9d7a8-34ac-4740-9bc1-aa386ae6de38','8d2454fc-6567-46f9-8527-5843c7142e3c','cf81b7d4-096a-435a-b515-ad3f779199b8','82188518-37d9-45c0-9bca-b0d202cc9449','c01ff63f-6e93-4a78-8e50-87af96ab4a89','a14b8e8b-3f32-475f-8a47-5d33dab3042e','653cb315-36f1-4697-90e4-329900532da2','217d2f9d-5606-432f-99aa-bd6fb720b45f','328bd207-61d6-40ab-9d1d-bbe31ba63a3e','9b3cb586-a24f-4353-8c5a-6a860eba7357','a9280ee9-eb73-4cfb-8092-80f4c2cc5529','e225de9e-e14e-4219-a638-44d136be5613','46c78359-bdb4-421e-9182-d1d095921f20','b0aabdc2-3a7f-496c-a902-ee468671cf24','f4e500e8-45dd-4eeb-8b47-c97d832f18b2','00f63f53-4009-405a-9736-eff543475f78','31cb98ec-4d68-460a-8a6b-1566b0356cb5','29033b15-df4d-4afe-b261-d9f9d978215b','770de03c-008e-4352-915b-dbad46394b3e','386b4440-e446-4a4c-bbf2-2df0b3d482e7','764434f1-f401-4cec-b0a5-94c50e4c10bb','f8315a47-3595-4af7-afca-831deb36ae44','16b41fad-47bb-456e-818a-0e17a10696d3','7dba2974-eed0-4a24-8090-13ce49e8ae9c','2107c201-e779-4d54-b9d8-e77e63506727','540fda97-9bb5-45a3-8677-e5494a35f98d','8db21bed-0a56-4384-b989-46c85bf60a4a','b64fe46a-25b2-4780-b910-8897bab331d1','04b0026e-ed12-4e5e-85e2-1ed905581184','c4b26668-789f-4117-b9af-34719df71955','06cf74d1-3ae5-4aee-8048-5fab3132f2ba','5ce4a39b-7e40-4486-b5d7-7f910cb36590','b23b7eaa-6c87-413b-b144-42b7afafd4df','f033f831-0ad6-4654-b9cc-9ad6f8c92e8c','af282aaf-606b-4d5f-9ef8-070dc205befb','24c1e762-e92d-485c-ab51-7bd8574e8cb1','2d68eaae-a710-43ae-b278-b376f0865788','21fdd8fe-78d5-4ce1-ae83-7df1ebfc6f56','23922b05-5fbd-49fd-8f6e-3847cabd2503','5c53b1b4-f8e2-4bd1-a376-d983f799cf4b')
[2026-04-16 02:08:52.535] local.info: [19.734ms] [rows:1] SELECT count(*) FROM "notifications" WHERE user_id = '00000000-0000-0000-0000-000000000099' AND is_read = false
[2026-04-16 02:08:52.86] local.info: [23.357ms] [rows:1] SELECT * FROM "users" WHERE id = '00000000-0000-0000-0000-000000000099' ORDER BY "users"."id" LIMIT 1
[2026-04-16 02:08:52.886] local.info: [25.790ms] [rows:1] SELECT * FROM "user_roles" WHERE user_id = '00000000-0000-0000-0000-000000000099'
[2026-04-16 02:08:52.906] local.info: [19.852ms] [rows:1] SELECT * FROM "roles" WHERE id IN ('68c46dfb-a565-4938-99d7-9fdd0acf8a7e')
[2026-04-16 02:08:52.936] local.info: [29.993ms] [rows:45] SELECT * FROM "role_permissions" WHERE role_id IN ('68c46dfb-a565-4938-99d7-9fdd0acf8a7e')
[2026-04-16 02:08:52.986] local.info: [49.997ms] [rows:45] SELECT * FROM "permissions" WHERE id IN ('ab6da9f5-8b11-4644-9aaa-009b3b28a4ec','5daf3519-8949-4d26-b4bc-00c8b03f04fe','91166846-7ec1-42de-b134-ce141c3a9d7d','28c919a4-3744-4931-805a-a219892adbe3','789e0c77-5a0c-4ea7-a2e1-606803a6e2bd','6cd9d7a8-34ac-4740-9bc1-aa386ae6de38','8d2454fc-6567-46f9-8527-5843c7142e3c','cf81b7d4-096a-435a-b515-ad3f779199b8','82188518-37d9-45c0-9bca-b0d202cc9449','c01ff63f-6e93-4a78-8e50-87af96ab4a89','a14b8e8b-3f32-475f-8a47-5d33dab3042e','653cb315-36f1-4697-90e4-329900532da2','217d2f9d-5606-432f-99aa-bd6fb720b45f','328bd207-61d6-40ab-9d1d-bbe31ba63a3e','9b3cb586-a24f-4353-8c5a-6a860eba7357','a9280ee9-eb73-4cfb-8092-80f4c2cc5529','e225de9e-e14e-4219-a638-44d136be5613','46c78359-bdb4-421e-9182-d1d095921f20','b0aabdc2-3a7f-496c-a902-ee468671cf24','f4e500e8-45dd-4eeb-8b47-c97d832f18b2','00f63f53-4009-405a-9736-eff543475f78','31cb98ec-4d68-460a-8a6b-1566b0356cb5','29033b15-df4d-4afe-b261-d9f9d978215b','770de03c-008e-4352-915b-dbad46394b3e','386b4440-e446-4a4c-bbf2-2df0b3d482e7','764434f1-f401-4cec-b0a5-94c50e4c10bb','f8315a47-3595-4af7-afca-831deb36ae44','16b41fad-47bb-456e-818a-0e17a10696d3','7dba2974-eed0-4a24-8090-13ce49e8ae9c','2107c201-e779-4d54-b9d8-e77e63506727','540fda97-9bb5-45a3-8677-e5494a35f98d','8db21bed-0a56-4384-b989-46c85bf60a4a','b64fe46a-25b2-4780-b910-8897bab331d1','04b0026e-ed12-4e5e-85e2-1ed905581184','c4b26668-789f-4117-b9af-34719df71955','06cf74d1-3ae5-4aee-8048-5fab3132f2ba','5ce4a39b-7e40-4486-b5d7-7f910cb36590','b23b7eaa-6c87-413b-b144-42b7afafd4df','f033f831-0ad6-4654-b9cc-9ad6f8c92e8c','af282aaf-606b-4d5f-9ef8-070dc205befb','24c1e762-e92d-485c-ab51-7bd8574e8cb1','2d68eaae-a710-43ae-b278-b376f0865788','21fdd8fe-78d5-4ce1-ae83-7df1ebfc6f56','23922b05-5fbd-49fd-8f6e-3847cabd2503','5c53b1b4-f8e2-4bd1-a376-d983f799cf4b')
[2026-04-16 02:08:53.007] local.info: [21.127ms] [rows:1] SELECT count(*) FROM "notifications" WHERE user_id = '00000000-0000-0000-0000-000000000099' AND is_read = false
[2026-04-16 02:09:22.405] local.info: [29.997ms] [rows:1] SELECT * FROM "users" WHERE id = '00000000-0000-0000-0000-000000000099' ORDER BY "users"."id" LIMIT 1
[2026-04-16 02:09:22.425] local.info: [19.862ms] [rows:1] SELECT * FROM "user_roles" WHERE user_id = '00000000-0000-0000-0000-000000000099'
[2026-04-16 02:09:22.445] local.info: [19.829ms] [rows:1] SELECT * FROM "roles" WHERE id IN ('68c46dfb-a565-4938-99d7-9fdd0acf8a7e')
[2026-04-16 02:09:22.465] local.info: [20.089ms] [rows:45] SELECT * FROM "role_permissions" WHERE role_id IN ('68c46dfb-a565-4938-99d7-9fdd0acf8a7e')
[2026-04-16 02:09:22.485] local.info: [19.581ms] [rows:45] SELECT * FROM "permissions" WHERE id IN ('ab6da9f5-8b11-4644-9aaa-009b3b28a4ec','5daf3519-8949-4d26-b4bc-00c8b03f04fe','91166846-7ec1-42de-b134-ce141c3a9d7d','28c919a4-3744-4931-805a-a219892adbe3','789e0c77-5a0c-4ea7-a2e1-606803a6e2bd','6cd9d7a8-34ac-4740-9bc1-aa386ae6de38','8d2454fc-6567-46f9-8527-5843c7142e3c','cf81b7d4-096a-435a-b515-ad3f779199b8','82188518-37d9-45c0-9bca-b0d202cc9449','c01ff63f-6e93-4a78-8e50-87af96ab4a89','a14b8e8b-3f32-475f-8a47-5d33dab3042e','653cb315-36f1-4697-90e4-329900532da2','217d2f9d-5606-432f-99aa-bd6fb720b45f','328bd207-61d6-40ab-9d1d-bbe31ba63a3e','9b3cb586-a24f-4353-8c5a-6a860eba7357','a9280ee9-eb73-4cfb-8092-80f4c2cc5529','e225de9e-e14e-4219-a638-44d136be5613','46c78359-bdb4-421e-9182-d1d095921f20','b0aabdc2-3a7f-496c-a902-ee468671cf24','f4e500e8-45dd-4eeb-8b47-c97d832f18b2','00f63f53-4009-405a-9736-eff543475f78','31cb98ec-4d68-460a-8a6b-1566b0356cb5','29033b15-df4d-4afe-b261-d9f9d978215b','770de03c-008e-4352-915b-dbad46394b3e','386b4440-e446-4a4c-bbf2-2df0b3d482e7','764434f1-f401-4cec-b0a5-94c50e4c10bb','f8315a47-3595-4af7-afca-831deb36ae44','16b41fad-47bb-456e-818a-0e17a10696d3','7dba2974-eed0-4a24-8090-13ce49e8ae9c','2107c201-e779-4d54-b9d8-e77e63506727','540fda97-9bb5-45a3-8677-e5494a35f98d','8db21bed-0a56-4384-b989-46c85bf60a4a','b64fe46a-25b2-4780-b910-8897bab331d1','04b0026e-ed12-4e5e-85e2-1ed905581184','c4b26668-789f-4117-b9af-34719df71955','06cf74d1-3ae5-4aee-8048-5fab3132f2ba','5ce4a39b-7e40-4486-b5d7-7f910cb36590','b23b7eaa-6c87-413b-b144-42b7afafd4df','f033f831-0ad6-4654-b9cc-9ad6f8c92e8c','af282aaf-606b-4d5f-9ef8-070dc205befb','24c1e762-e92d-485c-ab51-7bd8574e8cb1','2d68eaae-a710-43ae-b278-b376f0865788','21fdd8fe-78d5-4ce1-ae83-7df1ebfc6f56','23922b05-5fbd-49fd-8f6e-3847cabd2503','5c53b1b4-f8e2-4bd1-a376-d983f799cf4b')
[2026-04-16 02:09:22.505] local.info: [19.422ms] [rows:1] SELECT count(*) FROM "notifications" WHERE user_id = '00000000-0000-0000-0000-000000000099' AND is_read = false
[2026-04-16 02:09:22.855] local.info: [18.160ms] [rows:1] SELECT * FROM "users" WHERE id = '00000000-0000-0000-0000-000000000099' ORDER BY "users"."id" LIMIT 1
[2026-04-16 02:09:22.875] local.info: [19.291ms] [rows:1] SELECT * FROM "user_roles" WHERE user_id = '00000000-0000-0000-0000-000000000099'
[2026-04-16 02:09:22.895] local.info: [19.914ms] [rows:1] SELECT * FROM "roles" WHERE id IN ('68c46dfb-a565-4938-99d7-9fdd0acf8a7e')
[2026-04-16 02:09:22.915] local.info: [19.479ms] [rows:45] SELECT * FROM "role_permissions" WHERE role_id IN ('68c46dfb-a565-4938-99d7-9fdd0acf8a7e')
[2026-04-16 02:09:22.936] local.info: [20.395ms] [rows:45] SELECT * FROM "permissions" WHERE id IN ('ab6da9f5-8b11-4644-9aaa-009b3b28a4ec','5daf3519-8949-4d26-b4bc-00c8b03f04fe','91166846-7ec1-42de-b134-ce141c3a9d7d','28c919a4-3744-4931-805a-a219892adbe3','789e0c77-5a0c-4ea7-a2e1-606803a6e2bd','6cd9d7a8-34ac-4740-9bc1-aa386ae6de38','8d2454fc-6567-46f9-8527-5843c7142e3c','cf81b7d4-096a-435a-b515-ad3f779199b8','82188518-37d9-45c0-9bca-b0d202cc9449','c01ff63f-6e93-4a78-8e50-87af96ab4a89','a14b8e8b-3f32-475f-8a47-5d33dab3042e','653cb315-36f1-4697-90e4-329900532da2','217d2f9d-5606-432f-99aa-bd6fb720b45f','328bd207-61d6-40ab-9d1d-bbe31ba63a3e','9b3cb586-a24f-4353-8c5a-6a860eba7357','a9280ee9-eb73-4cfb-8092-80f4c2cc5529','e225de9e-e14e-4219-a638-44d136be5613','46c78359-bdb4-421e-9182-d1d095921f20','b0aabdc2-3a7f-496c-a902-ee468671cf24','f4e500e8-45dd-4eeb-8b47-c97d832f18b2','00f63f53-4009-405a-9736-eff543475f78','31cb98ec-4d68-460a-8a6b-1566b0356cb5','29033b15-df4d-4afe-b261-d9f9d978215b','770de03c-008e-4352-915b-dbad46394b3e','386b4440-e446-4a4c-bbf2-2df0b3d482e7','764434f1-f401-4cec-b0a5-94c50e4c10bb','f8315a47-3595-4af7-afca-831deb36ae44','16b41fad-47bb-456e-818a-0e17a10696d3','7dba2974-eed0-4a24-8090-13ce49e8ae9c','2107c201-e779-4d54-b9d8-e77e63506727','540fda97-9bb5-45a3-8677-e5494a35f98d','8db21bed-0a56-4384-b989-46c85bf60a4a','b64fe46a-25b2-4780-b910-8897bab331d1','04b0026e-ed12-4e5e-85e2-1ed905581184','c4b26668-789f-4117-b9af-34719df71955','06cf74d1-3ae5-4aee-8048-5fab3132f2ba','5ce4a39b-7e40-4486-b5d7-7f910cb36590','b23b7eaa-6c87-413b-b144-42b7afafd4df','f033f831-0ad6-4654-b9cc-9ad6f8c92e8c','af282aaf-606b-4d5f-9ef8-070dc205befb','24c1e762-e92d-485c-ab51-7bd8574e8cb1','2d68eaae-a710-43ae-b278-b376f0865788','21fdd8fe-78d5-4ce1-ae83-7df1ebfc6f56','23922b05-5fbd-49fd-8f6e-3847cabd2503','5c53b1b4-f8e2-4bd1-a376-d983f799cf4b')
[2026-04-16 02:09:22.955] local.info: [19.086ms] [rows:1] SELECT count(*) FROM "notifications" WHERE user_id = '00000000-0000-0000-0000-000000000099' AND is_read = false
[2026-04-16 02:09:52.425] local.info: [47.442ms] [rows:1] SELECT * FROM "users" WHERE id = '00000000-0000-0000-0000-000000000099' ORDER BY "users"."id" LIMIT 1
[2026-04-16 02:09:52.444] local.info: [19.564ms] [rows:1] SELECT * FROM "user_roles" WHERE user_id = '00000000-0000-0000-0000-000000000099'
[2026-04-16 02:09:52.465] local.info: [19.982ms] [rows:1] SELECT * FROM "roles" WHERE id IN ('68c46dfb-a565-4938-99d7-9fdd0acf8a7e')
[2026-04-16 02:09:52.485] local.info: [20.305ms] [rows:45] SELECT * FROM "role_permissions" WHERE role_id IN ('68c46dfb-a565-4938-99d7-9fdd0acf8a7e')
[2026-04-16 02:09:52.515] local.info: [29.361ms] [rows:45] SELECT * FROM "permissions" WHERE id IN ('ab6da9f5-8b11-4644-9aaa-009b3b28a4ec','5daf3519-8949-4d26-b4bc-00c8b03f04fe','91166846-7ec1-42de-b134-ce141c3a9d7d','28c919a4-3744-4931-805a-a219892adbe3','789e0c77-5a0c-4ea7-a2e1-606803a6e2bd','6cd9d7a8-34ac-4740-9bc1-aa386ae6de38','8d2454fc-6567-46f9-8527-5843c7142e3c','cf81b7d4-096a-435a-b515-ad3f779199b8','82188518-37d9-45c0-9bca-b0d202cc9449','c01ff63f-6e93-4a78-8e50-87af96ab4a89','a14b8e8b-3f32-475f-8a47-5d33dab3042e','653cb315-36f1-4697-90e4-329900532da2','217d2f9d-5606-432f-99aa-bd6fb720b45f','328bd207-61d6-40ab-9d1d-bbe31ba63a3e','9b3cb586-a24f-4353-8c5a-6a860eba7357','a9280ee9-eb73-4cfb-8092-80f4c2cc5529','e225de9e-e14e-4219-a638-44d136be5613','46c78359-bdb4-421e-9182-d1d095921f20','b0aabdc2-3a7f-496c-a902-ee468671cf24','f4e500e8-45dd-4eeb-8b47-c97d832f18b2','00f63f53-4009-405a-9736-eff543475f78','31cb98ec-4d68-460a-8a6b-1566b0356cb5','29033b15-df4d-4afe-b261-d9f9d978215b','770de03c-008e-4352-915b-dbad46394b3e','386b4440-e446-4a4c-bbf2-2df0b3d482e7','764434f1-f401-4cec-b0a5-94c50e4c10bb','f8315a47-3595-4af7-afca-831deb36ae44','16b41fad-47bb-456e-818a-0e17a10696d3','7dba2974-eed0-4a24-8090-13ce49e8ae9c','2107c201-e779-4d54-b9d8-e77e63506727','540fda97-9bb5-45a3-8677-e5494a35f98d','8db21bed-0a56-4384-b989-46c85bf60a4a','b64fe46a-25b2-4780-b910-8897bab331d1','04b0026e-ed12-4e5e-85e2-1ed905581184','c4b26668-789f-4117-b9af-34719df71955','06cf74d1-3ae5-4aee-8048-5fab3132f2ba','5ce4a39b-7e40-4486-b5d7-7f910cb36590','b23b7eaa-6c87-413b-b144-42b7afafd4df','f033f831-0ad6-4654-b9cc-9ad6f8c92e8c','af282aaf-606b-4d5f-9ef8-070dc205befb','24c1e762-e92d-485c-ab51-7bd8574e8cb1','2d68eaae-a710-43ae-b278-b376f0865788','21fdd8fe-78d5-4ce1-ae83-7df1ebfc6f56','23922b05-5fbd-49fd-8f6e-3847cabd2503','5c53b1b4-f8e2-4bd1-a376-d983f799cf4b')
[2026-04-16 02:09:52.535] local.info: [19.780ms] [rows:1] SELECT count(*) FROM "notifications" WHERE user_id = '00000000-0000-0000-0000-000000000099' AND is_read = false
[2026-04-16 02:09:52.866] local.info: [29.329ms] [rows:1] SELECT * FROM "users" WHERE id = '00000000-0000-0000-0000-000000000099' ORDER BY "users"."id" LIMIT 1
[2026-04-16 02:09:52.885] local.info: [18.146ms] [rows:1] SELECT * FROM "user_roles" WHERE user_id = '00000000-0000-0000-0000-000000000099'
[2026-04-16 02:09:52.905] local.info: [19.679ms] [rows:1] SELECT * FROM "roles" WHERE id IN ('68c46dfb-a565-4938-99d7-9fdd0acf8a7e')
[2026-04-16 02:09:52.925] local.info: [19.837ms] [rows:45] SELECT * FROM "role_permissions" WHERE role_id IN ('68c46dfb-a565-4938-99d7-9fdd0acf8a7e')
[2026-04-16 02:09:52.945] local.info: [19.880ms] [rows:45] SELECT * FROM "permissions" WHERE id IN ('ab6da9f5-8b11-4644-9aaa-009b3b28a4ec','5daf3519-8949-4d26-b4bc-00c8b03f04fe','91166846-7ec1-42de-b134-ce141c3a9d7d','28c919a4-3744-4931-805a-a219892adbe3','789e0c77-5a0c-4ea7-a2e1-606803a6e2bd','6cd9d7a8-34ac-4740-9bc1-aa386ae6de38','8d2454fc-6567-46f9-8527-5843c7142e3c','cf81b7d4-096a-435a-b515-ad3f779199b8','82188518-37d9-45c0-9bca-b0d202cc9449','c01ff63f-6e93-4a78-8e50-87af96ab4a89','a14b8e8b-3f32-475f-8a47-5d33dab3042e','653cb315-36f1-4697-90e4-329900532da2','217d2f9d-5606-432f-99aa-bd6fb720b45f','328bd207-61d6-40ab-9d1d-bbe31ba63a3e','9b3cb586-a24f-4353-8c5a-6a860eba7357','a9280ee9-eb73-4cfb-8092-80f4c2cc5529','e225de9e-e14e-4219-a638-44d136be5613','46c78359-bdb4-421e-9182-d1d095921f20','b0aabdc2-3a7f-496c-a902-ee468671cf24','f4e500e8-45dd-4eeb-8b47-c97d832f18b2','00f63f53-4009-405a-9736-eff543475f78','31cb98ec-4d68-460a-8a6b-1566b0356cb5','29033b15-df4d-4afe-b261-d9f9d978215b','770de03c-008e-4352-915b-dbad46394b3e','386b4440-e446-4a4c-bbf2-2df0b3d482e7','764434f1-f401-4cec-b0a5-94c50e4c10bb','f8315a47-3595-4af7-afca-831deb36ae44','16b41fad-47bb-456e-818a-0e17a10696d3','7dba2974-eed0-4a24-8090-13ce49e8ae9c','2107c201-e779-4d54-b9d8-e77e63506727','540fda97-9bb5-45a3-8677-e5494a35f98d','8db21bed-0a56-4384-b989-46c85bf60a4a','b64fe46a-25b2-4780-b910-8897bab331d1','04b0026e-ed12-4e5e-85e2-1ed905581184','c4b26668-789f-4117-b9af-34719df71955','06cf74d1-3ae5-4aee-8048-5fab3132f2ba','5ce4a39b-7e40-4486-b5d7-7f910cb36590','b23b7eaa-6c87-413b-b144-42b7afafd4df','f033f831-0ad6-4654-b9cc-9ad6f8c92e8c','af282aaf-606b-4d5f-9ef8-070dc205befb','24c1e762-e92d-485c-ab51-7bd8574e8cb1','2d68eaae-a710-43ae-b278-b376f0865788','21fdd8fe-78d5-4ce1-ae83-7df1ebfc6f56','23922b05-5fbd-49fd-8f6e-3847cabd2503','5c53b1b4-f8e2-4bd1-a376-d983f799cf4b')
[2026-04-16 02:09:52.965] local.info: [19.420ms] [rows:1] SELECT count(*) FROM "notifications" WHERE user_id = '00000000-0000-0000-0000-000000000099' AND is_read = false
[2026-04-16 02:10:22.434] local.info: [58.919ms] [rows:1] SELECT * FROM "users" WHERE id = '00000000-0000-0000-0000-000000000099' ORDER BY "users"."id" LIMIT 1
[2026-04-16 02:10:22.454] local.info: [19.631ms] [rows:1] SELECT * FROM "user_roles" WHERE user_id = '00000000-0000-0000-0000-000000000099'
[2026-04-16 02:10:22.484] local.info: [29.938ms] [rows:1] SELECT * FROM "roles" WHERE id IN ('68c46dfb-a565-4938-99d7-9fdd0acf8a7e')
[2026-04-16 02:10:22.508] local.info: [23.723ms] [rows:45] SELECT * FROM "role_permissions" WHERE role_id IN ('68c46dfb-a565-4938-99d7-9fdd0acf8a7e')
[2026-04-16 02:10:22.535] local.info: [27.220ms] [rows:45] SELECT * FROM "permissions" WHERE id IN ('ab6da9f5-8b11-4644-9aaa-009b3b28a4ec','5daf3519-8949-4d26-b4bc-00c8b03f04fe','91166846-7ec1-42de-b134-ce141c3a9d7d','28c919a4-3744-4931-805a-a219892adbe3','789e0c77-5a0c-4ea7-a2e1-606803a6e2bd','6cd9d7a8-34ac-4740-9bc1-aa386ae6de38','8d2454fc-6567-46f9-8527-5843c7142e3c','cf81b7d4-096a-435a-b515-ad3f779199b8','82188518-37d9-45c0-9bca-b0d202cc9449','c01ff63f-6e93-4a78-8e50-87af96ab4a89','a14b8e8b-3f32-475f-8a47-5d33dab3042e','653cb315-36f1-4697-90e4-329900532da2','217d2f9d-5606-432f-99aa-bd6fb720b45f','328bd207-61d6-40ab-9d1d-bbe31ba63a3e','9b3cb586-a24f-4353-8c5a-6a860eba7357','a9280ee9-eb73-4cfb-8092-80f4c2cc5529','e225de9e-e14e-4219-a638-44d136be5613','46c78359-bdb4-421e-9182-d1d095921f20','b0aabdc2-3a7f-496c-a902-ee468671cf24','f4e500e8-45dd-4eeb-8b47-c97d832f18b2','00f63f53-4009-405a-9736-eff543475f78','31cb98ec-4d68-460a-8a6b-1566b0356cb5','29033b15-df4d-4afe-b261-d9f9d978215b','770de03c-008e-4352-915b-dbad46394b3e','386b4440-e446-4a4c-bbf2-2df0b3d482e7','764434f1-f401-4cec-b0a5-94c50e4c10bb','f8315a47-3595-4af7-afca-831deb36ae44','16b41fad-47bb-456e-818a-0e17a10696d3','7dba2974-eed0-4a24-8090-13ce49e8ae9c','2107c201-e779-4d54-b9d8-e77e63506727','540fda97-9bb5-45a3-8677-e5494a35f98d','8db21bed-0a56-4384-b989-46c85bf60a4a','b64fe46a-25b2-4780-b910-8897bab331d1','04b0026e-ed12-4e5e-85e2-1ed905581184','c4b26668-789f-4117-b9af-34719df71955','06cf74d1-3ae5-4aee-8048-5fab3132f2ba','5ce4a39b-7e40-4486-b5d7-7f910cb36590','b23b7eaa-6c87-413b-b144-42b7afafd4df','f033f831-0ad6-4654-b9cc-9ad6f8c92e8c','af282aaf-606b-4d5f-9ef8-070dc205befb','24c1e762-e92d-485c-ab51-7bd8574e8cb1','2d68eaae-a710-43ae-b278-b376f0865788','21fdd8fe-78d5-4ce1-ae83-7df1ebfc6f56','23922b05-5fbd-49fd-8f6e-3847cabd2503','5c53b1b4-f8e2-4bd1-a376-d983f799cf4b')
[2026-04-16 02:10:22.554] local.info: [18.651ms] [rows:1] SELECT count(*) FROM "notifications" WHERE user_id = '00000000-0000-0000-0000-000000000099' AND is_read = false
[2026-04-16 02:10:22.864] local.info: [28.807ms] [rows:1] SELECT * FROM "users" WHERE id = '00000000-0000-0000-0000-000000000099' ORDER BY "users"."id" LIMIT 1
[2026-04-16 02:10:22.884] local.info: [19.615ms] [rows:1] SELECT * FROM "user_roles" WHERE user_id = '00000000-0000-0000-0000-000000000099'
[2026-04-16 02:10:22.904] local.info: [20.272ms] [rows:1] SELECT * FROM "roles" WHERE id IN ('68c46dfb-a565-4938-99d7-9fdd0acf8a7e')
[2026-04-16 02:10:22.924] local.info: [19.910ms] [rows:45] SELECT * FROM "role_permissions" WHERE role_id IN ('68c46dfb-a565-4938-99d7-9fdd0acf8a7e')
[2026-04-16 02:10:22.944] local.info: [20.059ms] [rows:45] SELECT * FROM "permissions" WHERE id IN ('ab6da9f5-8b11-4644-9aaa-009b3b28a4ec','5daf3519-8949-4d26-b4bc-00c8b03f04fe','91166846-7ec1-42de-b134-ce141c3a9d7d','28c919a4-3744-4931-805a-a219892adbe3','789e0c77-5a0c-4ea7-a2e1-606803a6e2bd','6cd9d7a8-34ac-4740-9bc1-aa386ae6de38','8d2454fc-6567-46f9-8527-5843c7142e3c','cf81b7d4-096a-435a-b515-ad3f779199b8','82188518-37d9-45c0-9bca-b0d202cc9449','c01ff63f-6e93-4a78-8e50-87af96ab4a89','a14b8e8b-3f32-475f-8a47-5d33dab3042e','653cb315-36f1-4697-90e4-329900532da2','217d2f9d-5606-432f-99aa-bd6fb720b45f','328bd207-61d6-40ab-9d1d-bbe31ba63a3e','9b3cb586-a24f-4353-8c5a-6a860eba7357','a9280ee9-eb73-4cfb-8092-80f4c2cc5529','e225de9e-e14e-4219-a638-44d136be5613','46c78359-bdb4-421e-9182-d1d095921f20','b0aabdc2-3a7f-496c-a902-ee468671cf24','f4e500e8-45dd-4eeb-8b47-c97d832f18b2','00f63f53-4009-405a-9736-eff543475f78','31cb98ec-4d68-460a-8a6b-1566b0356cb5','29033b15-df4d-4afe-b261-d9f9d978215b','770de03c-008e-4352-915b-dbad46394b3e','386b4440-e446-4a4c-bbf2-2df0b3d482e7','764434f1-f401-4cec-b0a5-94c50e4c10bb','f8315a47-3595-4af7-afca-831deb36ae44','16b41fad-47bb-456e-818a-0e17a10696d3','7dba2974-eed0-4a24-8090-13ce49e8ae9c','2107c201-e779-4d54-b9d8-e77e63506727','540fda97-9bb5-45a3-8677-e5494a35f98d','8db21bed-0a56-4384-b989-46c85bf60a4a','b64fe46a-25b2-4780-b910-8897bab331d1','04b0026e-ed12-4e5e-85e2-1ed905581184','c4b26668-789f-4117-b9af-34719df71955','06cf74d1-3ae5-4aee-8048-5fab3132f2ba','5ce4a39b-7e40-4486-b5d7-7f910cb36590','b23b7eaa-6c87-413b-b144-42b7afafd4df','f033f831-0ad6-4654-b9cc-9ad6f8c92e8c','af282aaf-606b-4d5f-9ef8-070dc205befb','24c1e762-e92d-485c-ab51-7bd8574e8cb1','2d68eaae-a710-43ae-b278-b376f0865788','21fdd8fe-78d5-4ce1-ae83-7df1ebfc6f56','23922b05-5fbd-49fd-8f6e-3847cabd2503','5c53b1b4-f8e2-4bd1-a376-d983f799cf4b')
[2026-04-16 02:10:22.964] local.info: [19.489ms] [rows:1] SELECT count(*) FROM "notifications" WHERE user_id = '00000000-0000-0000-0000-000000000099' AND is_read = false
[2026-04-16 02:10:37.522] local.info: [16.986ms] [rows:1] SELECT * FROM "users" WHERE id = '00000000-0000-0000-0000-000000000099' ORDER BY "users"."id" LIMIT 1
[2026-04-16 02:10:37.522] local.info: [17.328ms] [rows:1] SELECT * FROM "users" WHERE id = '00000000-0000-0000-0000-000000000099' ORDER BY "users"."id" LIMIT 1
[2026-04-16 02:10:37.522] local.info: [17.028ms] [rows:1] SELECT * FROM "users" WHERE id = '00000000-0000-0000-0000-000000000099' ORDER BY "users"."id" LIMIT 1
[2026-04-16 02:10:37.533] local.info: [10.560ms] [rows:1] SELECT * FROM "user_roles" WHERE user_id = '00000000-0000-0000-0000-000000000099'
[2026-04-16 02:10:37.533] local.info: [10.487ms] [rows:1] SELECT * FROM "user_roles" WHERE user_id = '00000000-0000-0000-0000-000000000099'
[2026-04-16 02:10:37.533] local.info: [28.194ms] [rows:1] SELECT * FROM "users" WHERE id = '00000000-0000-0000-0000-000000000099' ORDER BY "users"."id" LIMIT 1
[2026-04-16 02:10:37.533] local.info: [28.039ms] [rows:1] SELECT * FROM "users" WHERE id = '00000000-0000-0000-0000-000000000099' ORDER BY "users"."id" LIMIT 1
[2026-04-16 02:10:37.544] local.info: [21.147ms] [rows:1] SELECT * FROM "user_roles" WHERE user_id = '00000000-0000-0000-0000-000000000099'
[2026-04-16 02:10:37.544] local.info: [11.022ms] [rows:1] SELECT * FROM "user_roles" WHERE user_id = '00000000-0000-0000-0000-000000000099'
[2026-04-16 02:10:37.544] local.info: [11.132ms] [rows:1] SELECT * FROM "roles" WHERE id IN ('68c46dfb-a565-4938-99d7-9fdd0acf8a7e')
[2026-04-16 02:10:37.555] local.info: [21.417ms] [rows:1] SELECT * FROM "roles" WHERE id IN ('68c46dfb-a565-4938-99d7-9fdd0acf8a7e')
[2026-04-16 02:10:37.555] local.info: [10.522ms] [rows:1] SELECT * FROM "roles" WHERE id IN ('68c46dfb-a565-4938-99d7-9fdd0acf8a7e')
[2026-04-16 02:10:37.555] local.info: [10.807ms] [rows:1] SELECT * FROM "roles" WHERE id IN ('68c46dfb-a565-4938-99d7-9fdd0acf8a7e')
[2026-04-16 02:10:37.555] local.info: [21.678ms] [rows:1] SELECT * FROM "user_roles" WHERE user_id = '00000000-0000-0000-0000-000000000099'
[2026-04-16 02:10:37.565] local.info: [20.766ms] [rows:45] SELECT * FROM "role_permissions" WHERE role_id IN ('68c46dfb-a565-4938-99d7-9fdd0acf8a7e')
[2026-04-16 02:10:37.567] local.info: [12.334ms] [rows:45] SELECT * FROM "role_permissions" WHERE role_id IN ('68c46dfb-a565-4938-99d7-9fdd0acf8a7e')
[2026-04-16 02:10:37.568] local.info: [12.345ms] [rows:1] SELECT * FROM "roles" WHERE id IN ('68c46dfb-a565-4938-99d7-9fdd0acf8a7e')
[2026-04-16 02:10:37.569] local.info: [13.987ms] [rows:45] SELECT * FROM "role_permissions" WHERE role_id IN ('68c46dfb-a565-4938-99d7-9fdd0acf8a7e')
[2026-04-16 02:10:37.574] local.info: [19.149ms] [rows:45] SELECT * FROM "role_permissions" WHERE role_id IN ('68c46dfb-a565-4938-99d7-9fdd0acf8a7e')
[2026-04-16 02:10:37.576] local.info: [9.435ms] [rows:45] SELECT * FROM "permissions" WHERE id IN ('ab6da9f5-8b11-4644-9aaa-009b3b28a4ec','5daf3519-8949-4d26-b4bc-00c8b03f04fe','91166846-7ec1-42de-b134-ce141c3a9d7d','28c919a4-3744-4931-805a-a219892adbe3','789e0c77-5a0c-4ea7-a2e1-606803a6e2bd','6cd9d7a8-34ac-4740-9bc1-aa386ae6de38','8d2454fc-6567-46f9-8527-5843c7142e3c','cf81b7d4-096a-435a-b515-ad3f779199b8','82188518-37d9-45c0-9bca-b0d202cc9449','c01ff63f-6e93-4a78-8e50-87af96ab4a89','a14b8e8b-3f32-475f-8a47-5d33dab3042e','653cb315-36f1-4697-90e4-329900532da2','217d2f9d-5606-432f-99aa-bd6fb720b45f','328bd207-61d6-40ab-9d1d-bbe31ba63a3e','9b3cb586-a24f-4353-8c5a-6a860eba7357','a9280ee9-eb73-4cfb-8092-80f4c2cc5529','e225de9e-e14e-4219-a638-44d136be5613','46c78359-bdb4-421e-9182-d1d095921f20','b0aabdc2-3a7f-496c-a902-ee468671cf24','f4e500e8-45dd-4eeb-8b47-c97d832f18b2','00f63f53-4009-405a-9736-eff543475f78','31cb98ec-4d68-460a-8a6b-1566b0356cb5','29033b15-df4d-4afe-b261-d9f9d978215b','770de03c-008e-4352-915b-dbad46394b3e','386b4440-e446-4a4c-bbf2-2df0b3d482e7','764434f1-f401-4cec-b0a5-94c50e4c10bb','f8315a47-3595-4af7-afca-831deb36ae44','16b41fad-47bb-456e-818a-0e17a10696d3','7dba2974-eed0-4a24-8090-13ce49e8ae9c','2107c201-e779-4d54-b9d8-e77e63506727','540fda97-9bb5-45a3-8677-e5494a35f98d','8db21bed-0a56-4384-b989-46c85bf60a4a','b64fe46a-25b2-4780-b910-8897bab331d1','04b0026e-ed12-4e5e-85e2-1ed905581184','c4b26668-789f-4117-b9af-34719df71955','06cf74d1-3ae5-4aee-8048-5fab3132f2ba','5ce4a39b-7e40-4486-b5d7-7f910cb36590','b23b7eaa-6c87-413b-b144-42b7afafd4df','f033f831-0ad6-4654-b9cc-9ad6f8c92e8c','af282aaf-606b-4d5f-9ef8-070dc205befb','24c1e762-e92d-485c-ab51-7bd8574e8cb1','2d68eaae-a710-43ae-b278-b376f0865788','21fdd8fe-78d5-4ce1-ae83-7df1ebfc6f56','23922b05-5fbd-49fd-8f6e-3847cabd2503','5c53b1b4-f8e2-4bd1-a376-d983f799cf4b')
[2026-04-16 02:10:37.581] local.info: [13.131ms] [rows:45] SELECT * FROM "permissions" WHERE id IN ('ab6da9f5-8b11-4644-9aaa-009b3b28a4ec','5daf3519-8949-4d26-b4bc-00c8b03f04fe','91166846-7ec1-42de-b134-ce141c3a9d7d','28c919a4-3744-4931-805a-a219892adbe3','789e0c77-5a0c-4ea7-a2e1-606803a6e2bd','6cd9d7a8-34ac-4740-9bc1-aa386ae6de38','8d2454fc-6567-46f9-8527-5843c7142e3c','cf81b7d4-096a-435a-b515-ad3f779199b8','82188518-37d9-45c0-9bca-b0d202cc9449','c01ff63f-6e93-4a78-8e50-87af96ab4a89','a14b8e8b-3f32-475f-8a47-5d33dab3042e','653cb315-36f1-4697-90e4-329900532da2','217d2f9d-5606-432f-99aa-bd6fb720b45f','328bd207-61d6-40ab-9d1d-bbe31ba63a3e','9b3cb586-a24f-4353-8c5a-6a860eba7357','a9280ee9-eb73-4cfb-8092-80f4c2cc5529','e225de9e-e14e-4219-a638-44d136be5613','46c78359-bdb4-421e-9182-d1d095921f20','b0aabdc2-3a7f-496c-a902-ee468671cf24','f4e500e8-45dd-4eeb-8b47-c97d832f18b2','00f63f53-4009-405a-9736-eff543475f78','31cb98ec-4d68-460a-8a6b-1566b0356cb5','29033b15-df4d-4afe-b261-d9f9d978215b','770de03c-008e-4352-915b-dbad46394b3e','386b4440-e446-4a4c-bbf2-2df0b3d482e7','764434f1-f401-4cec-b0a5-94c50e4c10bb','f8315a47-3595-4af7-afca-831deb36ae44','16b41fad-47bb-456e-818a-0e17a10696d3','7dba2974-eed0-4a24-8090-13ce49e8ae9c','2107c201-e779-4d54-b9d8-e77e63506727','540fda97-9bb5-45a3-8677-e5494a35f98d','8db21bed-0a56-4384-b989-46c85bf60a4a','b64fe46a-25b2-4780-b910-8897bab331d1','04b0026e-ed12-4e5e-85e2-1ed905581184','c4b26668-789f-4117-b9af-34719df71955','06cf74d1-3ae5-4aee-8048-5fab3132f2ba','5ce4a39b-7e40-4486-b5d7-7f910cb36590','b23b7eaa-6c87-413b-b144-42b7afafd4df','f033f831-0ad6-4654-b9cc-9ad6f8c92e8c','af282aaf-606b-4d5f-9ef8-070dc205befb','24c1e762-e92d-485c-ab51-7bd8574e8cb1','2d68eaae-a710-43ae-b278-b376f0865788','21fdd8fe-78d5-4ce1-ae83-7df1ebfc6f56','23922b05-5fbd-49fd-8f6e-3847cabd2503','5c53b1b4-f8e2-4bd1-a376-d983f799cf4b')
[2026-04-16 02:10:37.582] local.info: [14.366ms] [rows:45] SELECT * FROM "role_permissions" WHERE role_id IN ('68c46dfb-a565-4938-99d7-9fdd0acf8a7e')
[2026-04-16 02:10:37.584] local.info: [14.723ms] [rows:45] SELECT * FROM "permissions" WHERE id IN ('ab6da9f5-8b11-4644-9aaa-009b3b28a4ec','5daf3519-8949-4d26-b4bc-00c8b03f04fe','91166846-7ec1-42de-b134-ce141c3a9d7d','28c919a4-3744-4931-805a-a219892adbe3','789e0c77-5a0c-4ea7-a2e1-606803a6e2bd','6cd9d7a8-34ac-4740-9bc1-aa386ae6de38','8d2454fc-6567-46f9-8527-5843c7142e3c','cf81b7d4-096a-435a-b515-ad3f779199b8','82188518-37d9-45c0-9bca-b0d202cc9449','c01ff63f-6e93-4a78-8e50-87af96ab4a89','a14b8e8b-3f32-475f-8a47-5d33dab3042e','653cb315-36f1-4697-90e4-329900532da2','217d2f9d-5606-432f-99aa-bd6fb720b45f','328bd207-61d6-40ab-9d1d-bbe31ba63a3e','9b3cb586-a24f-4353-8c5a-6a860eba7357','a9280ee9-eb73-4cfb-8092-80f4c2cc5529','e225de9e-e14e-4219-a638-44d136be5613','46c78359-bdb4-421e-9182-d1d095921f20','b0aabdc2-3a7f-496c-a902-ee468671cf24','f4e500e8-45dd-4eeb-8b47-c97d832f18b2','00f63f53-4009-405a-9736-eff543475f78','31cb98ec-4d68-460a-8a6b-1566b0356cb5','29033b15-df4d-4afe-b261-d9f9d978215b','770de03c-008e-4352-915b-dbad46394b3e','386b4440-e446-4a4c-bbf2-2df0b3d482e7','764434f1-f401-4cec-b0a5-94c50e4c10bb','f8315a47-3595-4af7-afca-831deb36ae44','16b41fad-47bb-456e-818a-0e17a10696d3','7dba2974-eed0-4a24-8090-13ce49e8ae9c','2107c201-e779-4d54-b9d8-e77e63506727','540fda97-9bb5-45a3-8677-e5494a35f98d','8db21bed-0a56-4384-b989-46c85bf60a4a','b64fe46a-25b2-4780-b910-8897bab331d1','04b0026e-ed12-4e5e-85e2-1ed905581184','c4b26668-789f-4117-b9af-34719df71955','06cf74d1-3ae5-4aee-8048-5fab3132f2ba','5ce4a39b-7e40-4486-b5d7-7f910cb36590','b23b7eaa-6c87-413b-b144-42b7afafd4df','f033f831-0ad6-4654-b9cc-9ad6f8c92e8c','af282aaf-606b-4d5f-9ef8-070dc205befb','24c1e762-e92d-485c-ab51-7bd8574e8cb1','2d68eaae-a710-43ae-b278-b376f0865788','21fdd8fe-78d5-4ce1-ae83-7df1ebfc6f56','23922b05-5fbd-49fd-8f6e-3847cabd2503','5c53b1b4-f8e2-4bd1-a376-d983f799cf4b')
[2026-04-16 02:10:37.589] local.info: [12.945ms] [rows:1] SELECT count(*) FROM "companies"
[2026-04-16 02:10:37.589] local.info: [14.521ms] [rows:45] SELECT * FROM "permissions" WHERE id IN ('ab6da9f5-8b11-4644-9aaa-009b3b28a4ec','5daf3519-8949-4d26-b4bc-00c8b03f04fe','91166846-7ec1-42de-b134-ce141c3a9d7d','28c919a4-3744-4931-805a-a219892adbe3','789e0c77-5a0c-4ea7-a2e1-606803a6e2bd','6cd9d7a8-34ac-4740-9bc1-aa386ae6de38','8d2454fc-6567-46f9-8527-5843c7142e3c','cf81b7d4-096a-435a-b515-ad3f779199b8','82188518-37d9-45c0-9bca-b0d202cc9449','c01ff63f-6e93-4a78-8e50-87af96ab4a89','a14b8e8b-3f32-475f-8a47-5d33dab3042e','653cb315-36f1-4697-90e4-329900532da2','217d2f9d-5606-432f-99aa-bd6fb720b45f','328bd207-61d6-40ab-9d1d-bbe31ba63a3e','9b3cb586-a24f-4353-8c5a-6a860eba7357','a9280ee9-eb73-4cfb-8092-80f4c2cc5529','e225de9e-e14e-4219-a638-44d136be5613','46c78359-bdb4-421e-9182-d1d095921f20','b0aabdc2-3a7f-496c-a902-ee468671cf24','f4e500e8-45dd-4eeb-8b47-c97d832f18b2','00f63f53-4009-405a-9736-eff543475f78','31cb98ec-4d68-460a-8a6b-1566b0356cb5','29033b15-df4d-4afe-b261-d9f9d978215b','770de03c-008e-4352-915b-dbad46394b3e','386b4440-e446-4a4c-bbf2-2df0b3d482e7','764434f1-f401-4cec-b0a5-94c50e4c10bb','f8315a47-3595-4af7-afca-831deb36ae44','16b41fad-47bb-456e-818a-0e17a10696d3','7dba2974-eed0-4a24-8090-13ce49e8ae9c','2107c201-e779-4d54-b9d8-e77e63506727','540fda97-9bb5-45a3-8677-e5494a35f98d','8db21bed-0a56-4384-b989-46c85bf60a4a','b64fe46a-25b2-4780-b910-8897bab331d1','04b0026e-ed12-4e5e-85e2-1ed905581184','c4b26668-789f-4117-b9af-34719df71955','06cf74d1-3ae5-4aee-8048-5fab3132f2ba','5ce4a39b-7e40-4486-b5d7-7f910cb36590','b23b7eaa-6c87-413b-b144-42b7afafd4df','f033f831-0ad6-4654-b9cc-9ad6f8c92e8c','af282aaf-606b-4d5f-9ef8-070dc205befb','24c1e762-e92d-485c-ab51-7bd8574e8cb1','2d68eaae-a710-43ae-b278-b376f0865788','21fdd8fe-78d5-4ce1-ae83-7df1ebfc6f56','23922b05-5fbd-49fd-8f6e-3847cabd2503','5c53b1b4-f8e2-4bd1-a376-d983f799cf4b')
[2026-04-16 02:10:37.589] local.info: [7.960ms] [rows:1] SELECT * FROM "document_templates" WHERE id = 'ef6ad65a-07d2-444b-951d-d197ee14c8a0' ORDER BY "document_templates"."id" LIMIT 1
[2026-04-16 02:10:37.597] local.info: [14.253ms] [rows:45] SELECT * FROM "permissions" WHERE id IN ('ab6da9f5-8b11-4644-9aaa-009b3b28a4ec','5daf3519-8949-4d26-b4bc-00c8b03f04fe','91166846-7ec1-42de-b134-ce141c3a9d7d','28c919a4-3744-4931-805a-a219892adbe3','789e0c77-5a0c-4ea7-a2e1-606803a6e2bd','6cd9d7a8-34ac-4740-9bc1-aa386ae6de38','8d2454fc-6567-46f9-8527-5843c7142e3c','cf81b7d4-096a-435a-b515-ad3f779199b8','82188518-37d9-45c0-9bca-b0d202cc9449','c01ff63f-6e93-4a78-8e50-87af96ab4a89','a14b8e8b-3f32-475f-8a47-5d33dab3042e','653cb315-36f1-4697-90e4-329900532da2','217d2f9d-5606-432f-99aa-bd6fb720b45f','328bd207-61d6-40ab-9d1d-bbe31ba63a3e','9b3cb586-a24f-4353-8c5a-6a860eba7357','a9280ee9-eb73-4cfb-8092-80f4c2cc5529','e225de9e-e14e-4219-a638-44d136be5613','46c78359-bdb4-421e-9182-d1d095921f20','b0aabdc2-3a7f-496c-a902-ee468671cf24','f4e500e8-45dd-4eeb-8b47-c97d832f18b2','00f63f53-4009-405a-9736-eff543475f78','31cb98ec-4d68-460a-8a6b-1566b0356cb5','29033b15-df4d-4afe-b261-d9f9d978215b','770de03c-008e-4352-915b-dbad46394b3e','386b4440-e446-4a4c-bbf2-2df0b3d482e7','764434f1-f401-4cec-b0a5-94c50e4c10bb','f8315a47-3595-4af7-afca-831deb36ae44','16b41fad-47bb-456e-818a-0e17a10696d3','7dba2974-eed0-4a24-8090-13ce49e8ae9c','2107c201-e779-4d54-b9d8-e77e63506727','540fda97-9bb5-45a3-8677-e5494a35f98d','8db21bed-0a56-4384-b989-46c85bf60a4a','b64fe46a-25b2-4780-b910-8897bab331d1','04b0026e-ed12-4e5e-85e2-1ed905581184','c4b26668-789f-4117-b9af-34719df71955','06cf74d1-3ae5-4aee-8048-5fab3132f2ba','5ce4a39b-7e40-4486-b5d7-7f910cb36590','b23b7eaa-6c87-413b-b144-42b7afafd4df','f033f831-0ad6-4654-b9cc-9ad6f8c92e8c','af282aaf-606b-4d5f-9ef8-070dc205befb','24c1e762-e92d-485c-ab51-7bd8574e8cb1','2d68eaae-a710-43ae-b278-b376f0865788','21fdd8fe-78d5-4ce1-ae83-7df1ebfc6f56','23922b05-5fbd-49fd-8f6e-3847cabd2503','5c53b1b4-f8e2-4bd1-a376-d983f799cf4b')
[2026-04-16 02:10:37.597] local.info: [12.729ms] [rows:1] SELECT count(*) FROM "document_types"
[2026-04-16 02:10:37.606] local.info: [16.495ms] [rows:1] SELECT count(*) FROM "document_categories" WHERE deleted_at IS NULL
[2026-04-16 02:10:37.606] local.info: [16.324ms] [rows:3] SELECT * FROM "template_tags" WHERE template_id = 'ef6ad65a-07d2-444b-951d-d197ee14c8a0' ORDER BY group_order asc, field_order asc
[2026-04-16 02:10:37.606] local.info: [16.643ms] [rows:1] SELECT * FROM "companies" ORDER BY created_at desc LIMIT 20
[2026-04-16 02:10:37.624] local.info: [18.319ms] [rows:1] SELECT * FROM "document_categories" WHERE deleted_at IS NULL ORDER BY sort_order asc, created_at desc LIMIT 20
[2026-04-16 02:10:37.624] local.info: [27.054ms] [rows:5] SELECT * FROM "document_types" ORDER BY sort_order asc, created_at desc LIMIT 20
[2026-04-16 02:10:37.644] local.info: [19.674ms] [rows:1] SELECT * FROM "document_types" WHERE "document_types"."id" = '7367ca3d-eb1d-43dd-a115-cf3d2ceecdfa'
[2026-04-16 02:10:37.664] local.info: [20.125ms] [rows:3] SELECT * FROM "template_tags" WHERE "template_tags"."template_id" = 'ef6ad65a-07d2-444b-951d-d197ee14c8a0'
[2026-04-16 02:10:37.665] local.info: [68.150ms] [rows:1] SELECT * FROM "document_templates" WHERE id = 'ef6ad65a-07d2-444b-951d-d197ee14c8a0' ORDER BY "document_templates"."id" LIMIT 1
[2026-04-16 02:10:52.285] local.info: [42.557ms] [rows:1] SELECT * FROM "users" WHERE id = '00000000-0000-0000-0000-000000000099' ORDER BY "users"."id" LIMIT 1
[2026-04-16 02:10:52.305] local.info: [20.160ms] [rows:1] SELECT * FROM "user_roles" WHERE user_id = '00000000-0000-0000-0000-000000000099'
[2026-04-16 02:10:52.334] local.info: [28.570ms] [rows:1] SELECT * FROM "roles" WHERE id IN ('68c46dfb-a565-4938-99d7-9fdd0acf8a7e')
[2026-04-16 02:10:52.354] local.info: [19.987ms] [rows:45] SELECT * FROM "role_permissions" WHERE role_id IN ('68c46dfb-a565-4938-99d7-9fdd0acf8a7e')
[2026-04-16 02:10:52.374] local.info: [19.578ms] [rows:45] SELECT * FROM "permissions" WHERE id IN ('ab6da9f5-8b11-4644-9aaa-009b3b28a4ec','5daf3519-8949-4d26-b4bc-00c8b03f04fe','91166846-7ec1-42de-b134-ce141c3a9d7d','28c919a4-3744-4931-805a-a219892adbe3','789e0c77-5a0c-4ea7-a2e1-606803a6e2bd','6cd9d7a8-34ac-4740-9bc1-aa386ae6de38','8d2454fc-6567-46f9-8527-5843c7142e3c','cf81b7d4-096a-435a-b515-ad3f779199b8','82188518-37d9-45c0-9bca-b0d202cc9449','c01ff63f-6e93-4a78-8e50-87af96ab4a89','a14b8e8b-3f32-475f-8a47-5d33dab3042e','653cb315-36f1-4697-90e4-329900532da2','217d2f9d-5606-432f-99aa-bd6fb720b45f','328bd207-61d6-40ab-9d1d-bbe31ba63a3e','9b3cb586-a24f-4353-8c5a-6a860eba7357','a9280ee9-eb73-4cfb-8092-80f4c2cc5529','e225de9e-e14e-4219-a638-44d136be5613','46c78359-bdb4-421e-9182-d1d095921f20','b0aabdc2-3a7f-496c-a902-ee468671cf24','f4e500e8-45dd-4eeb-8b47-c97d832f18b2','00f63f53-4009-405a-9736-eff543475f78','31cb98ec-4d68-460a-8a6b-1566b0356cb5','29033b15-df4d-4afe-b261-d9f9d978215b','770de03c-008e-4352-915b-dbad46394b3e','386b4440-e446-4a4c-bbf2-2df0b3d482e7','764434f1-f401-4cec-b0a5-94c50e4c10bb','f8315a47-3595-4af7-afca-831deb36ae44','16b41fad-47bb-456e-818a-0e17a10696d3','7dba2974-eed0-4a24-8090-13ce49e8ae9c','2107c201-e779-4d54-b9d8-e77e63506727','540fda97-9bb5-45a3-8677-e5494a35f98d','8db21bed-0a56-4384-b989-46c85bf60a4a','b64fe46a-25b2-4780-b910-8897bab331d1','04b0026e-ed12-4e5e-85e2-1ed905581184','c4b26668-789f-4117-b9af-34719df71955','06cf74d1-3ae5-4aee-8048-5fab3132f2ba','5ce4a39b-7e40-4486-b5d7-7f910cb36590','b23b7eaa-6c87-413b-b144-42b7afafd4df','f033f831-0ad6-4654-b9cc-9ad6f8c92e8c','af282aaf-606b-4d5f-9ef8-070dc205befb','24c1e762-e92d-485c-ab51-7bd8574e8cb1','2d68eaae-a710-43ae-b278-b376f0865788','21fdd8fe-78d5-4ce1-ae83-7df1ebfc6f56','23922b05-5fbd-49fd-8f6e-3847cabd2503','5c53b1b4-f8e2-4bd1-a376-d983f799cf4b')
[2026-04-16 02:10:52.394] local.info: [19.122ms] [rows:1] SELECT count(*) FROM "notifications" WHERE user_id = '00000000-0000-0000-0000-000000000099' AND is_read = false
[2026-04-16 02:10:52.864] local.info: [25.215ms] [rows:1] SELECT * FROM "users" WHERE id = '00000000-0000-0000-0000-000000000099' ORDER BY "users"."id" LIMIT 1
[2026-04-16 02:10:52.884] local.info: [19.171ms] [rows:1] SELECT * FROM "user_roles" WHERE user_id = '00000000-0000-0000-0000-000000000099'
[2026-04-16 02:10:52.904] local.info: [19.892ms] [rows:1] SELECT * FROM "roles" WHERE id IN ('68c46dfb-a565-4938-99d7-9fdd0acf8a7e')
[2026-04-16 02:10:52.925] local.info: [20.128ms] [rows:45] SELECT * FROM "role_permissions" WHERE role_id IN ('68c46dfb-a565-4938-99d7-9fdd0acf8a7e')
[2026-04-16 02:10:52.944] local.info: [18.508ms] [rows:45] SELECT * FROM "permissions" WHERE id IN ('ab6da9f5-8b11-4644-9aaa-009b3b28a4ec','5daf3519-8949-4d26-b4bc-00c8b03f04fe','91166846-7ec1-42de-b134-ce141c3a9d7d','28c919a4-3744-4931-805a-a219892adbe3','789e0c77-5a0c-4ea7-a2e1-606803a6e2bd','6cd9d7a8-34ac-4740-9bc1-aa386ae6de38','8d2454fc-6567-46f9-8527-5843c7142e3c','cf81b7d4-096a-435a-b515-ad3f779199b8','82188518-37d9-45c0-9bca-b0d202cc9449','c01ff63f-6e93-4a78-8e50-87af96ab4a89','a14b8e8b-3f32-475f-8a47-5d33dab3042e','653cb315-36f1-4697-90e4-329900532da2','217d2f9d-5606-432f-99aa-bd6fb720b45f','328bd207-61d6-40ab-9d1d-bbe31ba63a3e','9b3cb586-a24f-4353-8c5a-6a860eba7357','a9280ee9-eb73-4cfb-8092-80f4c2cc5529','e225de9e-e14e-4219-a638-44d136be5613','46c78359-bdb4-421e-9182-d1d095921f20','b0aabdc2-3a7f-496c-a902-ee468671cf24','f4e500e8-45dd-4eeb-8b47-c97d832f18b2','00f63f53-4009-405a-9736-eff543475f78','31cb98ec-4d68-460a-8a6b-1566b0356cb5','29033b15-df4d-4afe-b261-d9f9d978215b','770de03c-008e-4352-915b-dbad46394b3e','386b4440-e446-4a4c-bbf2-2df0b3d482e7','764434f1-f401-4cec-b0a5-94c50e4c10bb','f8315a47-3595-4af7-afca-831deb36ae44','16b41fad-47bb-456e-818a-0e17a10696d3','7dba2974-eed0-4a24-8090-13ce49e8ae9c','2107c201-e779-4d54-b9d8-e77e63506727','540fda97-9bb5-45a3-8677-e5494a35f98d','8db21bed-0a56-4384-b989-46c85bf60a4a','b64fe46a-25b2-4780-b910-8897bab331d1','04b0026e-ed12-4e5e-85e2-1ed905581184','c4b26668-789f-4117-b9af-34719df71955','06cf74d1-3ae5-4aee-8048-5fab3132f2ba','5ce4a39b-7e40-4486-b5d7-7f910cb36590','b23b7eaa-6c87-413b-b144-42b7afafd4df','f033f831-0ad6-4654-b9cc-9ad6f8c92e8c','af282aaf-606b-4d5f-9ef8-070dc205befb','24c1e762-e92d-485c-ab51-7bd8574e8cb1','2d68eaae-a710-43ae-b278-b376f0865788','21fdd8fe-78d5-4ce1-ae83-7df1ebfc6f56','23922b05-5fbd-49fd-8f6e-3847cabd2503','5c53b1b4-f8e2-4bd1-a376-d983f799cf4b')
[2026-04-16 02:10:52.964] local.info: [19.199ms] [rows:1] SELECT count(*) FROM "notifications" WHERE user_id = '00000000-0000-0000-0000-000000000099' AND is_read = false
[2026-04-16 02:11:06.093] local.info: [14.593ms] [rows:1] SELECT * FROM "users" WHERE id = '00000000-0000-0000-0000-000000000099' ORDER BY "users"."id" LIMIT 1
[2026-04-16 02:11:06.094] local.info: [15.026ms] [rows:1] SELECT * FROM "users" WHERE id = '00000000-0000-0000-0000-000000000099' ORDER BY "users"."id" LIMIT 1
[2026-04-16 02:11:06.094] local.info: [15.201ms] [rows:1] SELECT * FROM "users" WHERE id = '00000000-0000-0000-0000-000000000099' ORDER BY "users"."id" LIMIT 1
[2026-04-16 02:11:06.102] local.info: [24.224ms] [rows:1] SELECT * FROM "users" WHERE id = '00000000-0000-0000-0000-000000000099' ORDER BY "users"."id" LIMIT 1
[2026-04-16 02:11:06.103] local.info: [8.844ms] [rows:1] SELECT * FROM "user_roles" WHERE user_id = '00000000-0000-0000-0000-000000000099'
[2026-04-16 02:11:06.103] local.info: [9.081ms] [rows:1] SELECT * FROM "user_roles" WHERE user_id = '00000000-0000-0000-0000-000000000099'
[2026-04-16 02:11:06.103] local.info: [23.830ms] [rows:1] SELECT * FROM "users" WHERE id = '00000000-0000-0000-0000-000000000099' ORDER BY "users"."id" LIMIT 1
[2026-04-16 02:11:06.11] local.info: [7.574ms] [rows:1] SELECT * FROM "user_roles" WHERE user_id = '00000000-0000-0000-0000-000000000099'
[2026-04-16 02:11:06.11] local.info: [31.499ms] [rows:1] SELECT * FROM "users" WHERE id = '00000000-0000-0000-0000-000000000099' ORDER BY "users"."id" LIMIT 1
[2026-04-16 02:11:06.11] local.info: [16.475ms] [rows:1] SELECT * FROM "user_roles" WHERE user_id = '00000000-0000-0000-0000-000000000099'
[2026-04-16 02:11:06.119] local.info: [16.207ms] [rows:1] SELECT * FROM "user_roles" WHERE user_id = '00000000-0000-0000-0000-000000000099'
[2026-04-16 02:11:06.119] local.info: [9.059ms] [rows:1] SELECT * FROM "user_roles" WHERE user_id = '00000000-0000-0000-0000-000000000099'
[2026-04-16 02:11:06.119] local.info: [16.550ms] [rows:1] SELECT * FROM "roles" WHERE id IN ('68c46dfb-a565-4938-99d7-9fdd0acf8a7e')
[2026-04-16 02:11:06.119] local.info: [16.613ms] [rows:1] SELECT * FROM "roles" WHERE id IN ('68c46dfb-a565-4938-99d7-9fdd0acf8a7e')
[2026-04-16 02:11:06.119] local.info: [9.027ms] [rows:1] SELECT * FROM "roles" WHERE id IN ('68c46dfb-a565-4938-99d7-9fdd0acf8a7e')
[2026-04-16 02:11:06.126] local.info: [16.020ms] [rows:1] SELECT * FROM "roles" WHERE id IN ('68c46dfb-a565-4938-99d7-9fdd0acf8a7e')
[2026-04-16 02:11:06.129] local.info: [9.935ms] [rows:1] SELECT * FROM "roles" WHERE id IN ('68c46dfb-a565-4938-99d7-9fdd0acf8a7e')
[2026-04-16 02:11:06.131] local.info: [11.259ms] [rows:45] SELECT * FROM "role_permissions" WHERE role_id IN ('68c46dfb-a565-4938-99d7-9fdd0acf8a7e')
[2026-04-16 02:11:06.131] local.info: [11.700ms] [rows:1] SELECT * FROM "roles" WHERE id IN ('68c46dfb-a565-4938-99d7-9fdd0acf8a7e')
[2026-04-16 02:11:06.132] local.info: [13.042ms] [rows:45] SELECT * FROM "role_permissions" WHERE role_id IN ('68c46dfb-a565-4938-99d7-9fdd0acf8a7e')
[2026-04-16 02:11:06.134] local.info: [15.163ms] [rows:45] SELECT * FROM "role_permissions" WHERE role_id IN ('68c46dfb-a565-4938-99d7-9fdd0acf8a7e')
[2026-04-16 02:11:06.14] local.info: [14.121ms] [rows:45] SELECT * FROM "role_permissions" WHERE role_id IN ('68c46dfb-a565-4938-99d7-9fdd0acf8a7e')
[2026-04-16 02:11:06.143] local.info: [11.934ms] [rows:45] SELECT * FROM "role_permissions" WHERE role_id IN ('68c46dfb-a565-4938-99d7-9fdd0acf8a7e')
[2026-04-16 02:11:06.144] local.info: [13.457ms] [rows:45] SELECT * FROM "permissions" WHERE id IN ('ab6da9f5-8b11-4644-9aaa-009b3b28a4ec','5daf3519-8949-4d26-b4bc-00c8b03f04fe','91166846-7ec1-42de-b134-ce141c3a9d7d','28c919a4-3744-4931-805a-a219892adbe3','789e0c77-5a0c-4ea7-a2e1-606803a6e2bd','6cd9d7a8-34ac-4740-9bc1-aa386ae6de38','8d2454fc-6567-46f9-8527-5843c7142e3c','cf81b7d4-096a-435a-b515-ad3f779199b8','82188518-37d9-45c0-9bca-b0d202cc9449','c01ff63f-6e93-4a78-8e50-87af96ab4a89','a14b8e8b-3f32-475f-8a47-5d33dab3042e','653cb315-36f1-4697-90e4-329900532da2','217d2f9d-5606-432f-99aa-bd6fb720b45f','328bd207-61d6-40ab-9d1d-bbe31ba63a3e','9b3cb586-a24f-4353-8c5a-6a860eba7357','a9280ee9-eb73-4cfb-8092-80f4c2cc5529','e225de9e-e14e-4219-a638-44d136be5613','46c78359-bdb4-421e-9182-d1d095921f20','b0aabdc2-3a7f-496c-a902-ee468671cf24','f4e500e8-45dd-4eeb-8b47-c97d832f18b2','00f63f53-4009-405a-9736-eff543475f78','31cb98ec-4d68-460a-8a6b-1566b0356cb5','29033b15-df4d-4afe-b261-d9f9d978215b','770de03c-008e-4352-915b-dbad46394b3e','386b4440-e446-4a4c-bbf2-2df0b3d482e7','764434f1-f401-4cec-b0a5-94c50e4c10bb','f8315a47-3595-4af7-afca-831deb36ae44','16b41fad-47bb-456e-818a-0e17a10696d3','7dba2974-eed0-4a24-8090-13ce49e8ae9c','2107c201-e779-4d54-b9d8-e77e63506727','540fda97-9bb5-45a3-8677-e5494a35f98d','8db21bed-0a56-4384-b989-46c85bf60a4a','b64fe46a-25b2-4780-b910-8897bab331d1','04b0026e-ed12-4e5e-85e2-1ed905581184','c4b26668-789f-4117-b9af-34719df71955','06cf74d1-3ae5-4aee-8048-5fab3132f2ba','5ce4a39b-7e40-4486-b5d7-7f910cb36590','b23b7eaa-6c87-413b-b144-42b7afafd4df','f033f831-0ad6-4654-b9cc-9ad6f8c92e8c','af282aaf-606b-4d5f-9ef8-070dc205befb','24c1e762-e92d-485c-ab51-7bd8574e8cb1','2d68eaae-a710-43ae-b278-b376f0865788','21fdd8fe-78d5-4ce1-ae83-7df1ebfc6f56','23922b05-5fbd-49fd-8f6e-3847cabd2503','5c53b1b4-f8e2-4bd1-a376-d983f799cf4b')
[2026-04-16 02:11:06.144] local.info: [11.605ms] [rows:45] SELECT * FROM "permissions" WHERE id IN ('ab6da9f5-8b11-4644-9aaa-009b3b28a4ec','5daf3519-8949-4d26-b4bc-00c8b03f04fe','91166846-7ec1-42de-b134-ce141c3a9d7d','28c919a4-3744-4931-805a-a219892adbe3','789e0c77-5a0c-4ea7-a2e1-606803a6e2bd','6cd9d7a8-34ac-4740-9bc1-aa386ae6de38','8d2454fc-6567-46f9-8527-5843c7142e3c','cf81b7d4-096a-435a-b515-ad3f779199b8','82188518-37d9-45c0-9bca-b0d202cc9449','c01ff63f-6e93-4a78-8e50-87af96ab4a89','a14b8e8b-3f32-475f-8a47-5d33dab3042e','653cb315-36f1-4697-90e4-329900532da2','217d2f9d-5606-432f-99aa-bd6fb720b45f','328bd207-61d6-40ab-9d1d-bbe31ba63a3e','9b3cb586-a24f-4353-8c5a-6a860eba7357','a9280ee9-eb73-4cfb-8092-80f4c2cc5529','e225de9e-e14e-4219-a638-44d136be5613','46c78359-bdb4-421e-9182-d1d095921f20','b0aabdc2-3a7f-496c-a902-ee468671cf24','f4e500e8-45dd-4eeb-8b47-c97d832f18b2','00f63f53-4009-405a-9736-eff543475f78','31cb98ec-4d68-460a-8a6b-1566b0356cb5','29033b15-df4d-4afe-b261-d9f9d978215b','770de03c-008e-4352-915b-dbad46394b3e','386b4440-e446-4a4c-bbf2-2df0b3d482e7','764434f1-f401-4cec-b0a5-94c50e4c10bb','f8315a47-3595-4af7-afca-831deb36ae44','16b41fad-47bb-456e-818a-0e17a10696d3','7dba2974-eed0-4a24-8090-13ce49e8ae9c','2107c201-e779-4d54-b9d8-e77e63506727','540fda97-9bb5-45a3-8677-e5494a35f98d','8db21bed-0a56-4384-b989-46c85bf60a4a','b64fe46a-25b2-4780-b910-8897bab331d1','04b0026e-ed12-4e5e-85e2-1ed905581184','c4b26668-789f-4117-b9af-34719df71955','06cf74d1-3ae5-4aee-8048-5fab3132f2ba','5ce4a39b-7e40-4486-b5d7-7f910cb36590','b23b7eaa-6c87-413b-b144-42b7afafd4df','f033f831-0ad6-4654-b9cc-9ad6f8c92e8c','af282aaf-606b-4d5f-9ef8-070dc205befb','24c1e762-e92d-485c-ab51-7bd8574e8cb1','2d68eaae-a710-43ae-b278-b376f0865788','21fdd8fe-78d5-4ce1-ae83-7df1ebfc6f56','23922b05-5fbd-49fd-8f6e-3847cabd2503','5c53b1b4-f8e2-4bd1-a376-d983f799cf4b')
[2026-04-16 02:11:06.146] local.info: [16.597ms] [rows:45] SELECT * FROM "role_permissions" WHERE role_id IN ('68c46dfb-a565-4938-99d7-9fdd0acf8a7e')
[2026-04-16 02:11:06.151] local.info: [16.775ms] [rows:45] SELECT * FROM "permissions" WHERE id IN ('ab6da9f5-8b11-4644-9aaa-009b3b28a4ec','5daf3519-8949-4d26-b4bc-00c8b03f04fe','91166846-7ec1-42de-b134-ce141c3a9d7d','28c919a4-3744-4931-805a-a219892adbe3','789e0c77-5a0c-4ea7-a2e1-606803a6e2bd','6cd9d7a8-34ac-4740-9bc1-aa386ae6de38','8d2454fc-6567-46f9-8527-5843c7142e3c','cf81b7d4-096a-435a-b515-ad3f779199b8','82188518-37d9-45c0-9bca-b0d202cc9449','c01ff63f-6e93-4a78-8e50-87af96ab4a89','a14b8e8b-3f32-475f-8a47-5d33dab3042e','653cb315-36f1-4697-90e4-329900532da2','217d2f9d-5606-432f-99aa-bd6fb720b45f','328bd207-61d6-40ab-9d1d-bbe31ba63a3e','9b3cb586-a24f-4353-8c5a-6a860eba7357','a9280ee9-eb73-4cfb-8092-80f4c2cc5529','e225de9e-e14e-4219-a638-44d136be5613','46c78359-bdb4-421e-9182-d1d095921f20','b0aabdc2-3a7f-496c-a902-ee468671cf24','f4e500e8-45dd-4eeb-8b47-c97d832f18b2','00f63f53-4009-405a-9736-eff543475f78','31cb98ec-4d68-460a-8a6b-1566b0356cb5','29033b15-df4d-4afe-b261-d9f9d978215b','770de03c-008e-4352-915b-dbad46394b3e','386b4440-e446-4a4c-bbf2-2df0b3d482e7','764434f1-f401-4cec-b0a5-94c50e4c10bb','f8315a47-3595-4af7-afca-831deb36ae44','16b41fad-47bb-456e-818a-0e17a10696d3','7dba2974-eed0-4a24-8090-13ce49e8ae9c','2107c201-e779-4d54-b9d8-e77e63506727','540fda97-9bb5-45a3-8677-e5494a35f98d','8db21bed-0a56-4384-b989-46c85bf60a4a','b64fe46a-25b2-4780-b910-8897bab331d1','04b0026e-ed12-4e5e-85e2-1ed905581184','c4b26668-789f-4117-b9af-34719df71955','06cf74d1-3ae5-4aee-8048-5fab3132f2ba','5ce4a39b-7e40-4486-b5d7-7f910cb36590','b23b7eaa-6c87-413b-b144-42b7afafd4df','f033f831-0ad6-4654-b9cc-9ad6f8c92e8c','af282aaf-606b-4d5f-9ef8-070dc205befb','24c1e762-e92d-485c-ab51-7bd8574e8cb1','2d68eaae-a710-43ae-b278-b376f0865788','21fdd8fe-78d5-4ce1-ae83-7df1ebfc6f56','23922b05-5fbd-49fd-8f6e-3847cabd2503','5c53b1b4-f8e2-4bd1-a376-d983f799cf4b')
[2026-04-16 02:11:06.154] local.info: [13.138ms] [rows:45] SELECT * FROM "permissions" WHERE id IN ('ab6da9f5-8b11-4644-9aaa-009b3b28a4ec','5daf3519-8949-4d26-b4bc-00c8b03f04fe','91166846-7ec1-42de-b134-ce141c3a9d7d','28c919a4-3744-4931-805a-a219892adbe3','789e0c77-5a0c-4ea7-a2e1-606803a6e2bd','6cd9d7a8-34ac-4740-9bc1-aa386ae6de38','8d2454fc-6567-46f9-8527-5843c7142e3c','cf81b7d4-096a-435a-b515-ad3f779199b8','82188518-37d9-45c0-9bca-b0d202cc9449','c01ff63f-6e93-4a78-8e50-87af96ab4a89','a14b8e8b-3f32-475f-8a47-5d33dab3042e','653cb315-36f1-4697-90e4-329900532da2','217d2f9d-5606-432f-99aa-bd6fb720b45f','328bd207-61d6-40ab-9d1d-bbe31ba63a3e','9b3cb586-a24f-4353-8c5a-6a860eba7357','a9280ee9-eb73-4cfb-8092-80f4c2cc5529','e225de9e-e14e-4219-a638-44d136be5613','46c78359-bdb4-421e-9182-d1d095921f20','b0aabdc2-3a7f-496c-a902-ee468671cf24','f4e500e8-45dd-4eeb-8b47-c97d832f18b2','00f63f53-4009-405a-9736-eff543475f78','31cb98ec-4d68-460a-8a6b-1566b0356cb5','29033b15-df4d-4afe-b261-d9f9d978215b','770de03c-008e-4352-915b-dbad46394b3e','386b4440-e446-4a4c-bbf2-2df0b3d482e7','764434f1-f401-4cec-b0a5-94c50e4c10bb','f8315a47-3595-4af7-afca-831deb36ae44','16b41fad-47bb-456e-818a-0e17a10696d3','7dba2974-eed0-4a24-8090-13ce49e8ae9c','2107c201-e779-4d54-b9d8-e77e63506727','540fda97-9bb5-45a3-8677-e5494a35f98d','8db21bed-0a56-4384-b989-46c85bf60a4a','b64fe46a-25b2-4780-b910-8897bab331d1','04b0026e-ed12-4e5e-85e2-1ed905581184','c4b26668-789f-4117-b9af-34719df71955','06cf74d1-3ae5-4aee-8048-5fab3132f2ba','5ce4a39b-7e40-4486-b5d7-7f910cb36590','b23b7eaa-6c87-413b-b144-42b7afafd4df','f033f831-0ad6-4654-b9cc-9ad6f8c92e8c','af282aaf-606b-4d5f-9ef8-070dc205befb','24c1e762-e92d-485c-ab51-7bd8574e8cb1','2d68eaae-a710-43ae-b278-b376f0865788','21fdd8fe-78d5-4ce1-ae83-7df1ebfc6f56','23922b05-5fbd-49fd-8f6e-3847cabd2503','5c53b1b4-f8e2-4bd1-a376-d983f799cf4b')
[2026-04-16 02:11:06.154] local.info: [9.405ms] [rows:1] SELECT count(*) FROM "companies"
[2026-04-16 02:11:06.156] local.info: [13.519ms] [rows:45] SELECT * FROM "permissions" WHERE id IN ('ab6da9f5-8b11-4644-9aaa-009b3b28a4ec','5daf3519-8949-4d26-b4bc-00c8b03f04fe','91166846-7ec1-42de-b134-ce141c3a9d7d','28c919a4-3744-4931-805a-a219892adbe3','789e0c77-5a0c-4ea7-a2e1-606803a6e2bd','6cd9d7a8-34ac-4740-9bc1-aa386ae6de38','8d2454fc-6567-46f9-8527-5843c7142e3c','cf81b7d4-096a-435a-b515-ad3f779199b8','82188518-37d9-45c0-9bca-b0d202cc9449','c01ff63f-6e93-4a78-8e50-87af96ab4a89','a14b8e8b-3f32-475f-8a47-5d33dab3042e','653cb315-36f1-4697-90e4-329900532da2','217d2f9d-5606-432f-99aa-bd6fb720b45f','328bd207-61d6-40ab-9d1d-bbe31ba63a3e','9b3cb586-a24f-4353-8c5a-6a860eba7357','a9280ee9-eb73-4cfb-8092-80f4c2cc5529','e225de9e-e14e-4219-a638-44d136be5613','46c78359-bdb4-421e-9182-d1d095921f20','b0aabdc2-3a7f-496c-a902-ee468671cf24','f4e500e8-45dd-4eeb-8b47-c97d832f18b2','00f63f53-4009-405a-9736-eff543475f78','31cb98ec-4d68-460a-8a6b-1566b0356cb5','29033b15-df4d-4afe-b261-d9f9d978215b','770de03c-008e-4352-915b-dbad46394b3e','386b4440-e446-4a4c-bbf2-2df0b3d482e7','764434f1-f401-4cec-b0a5-94c50e4c10bb','f8315a47-3595-4af7-afca-831deb36ae44','16b41fad-47bb-456e-818a-0e17a10696d3','7dba2974-eed0-4a24-8090-13ce49e8ae9c','2107c201-e779-4d54-b9d8-e77e63506727','540fda97-9bb5-45a3-8677-e5494a35f98d','8db21bed-0a56-4384-b989-46c85bf60a4a','b64fe46a-25b2-4780-b910-8897bab331d1','04b0026e-ed12-4e5e-85e2-1ed905581184','c4b26668-789f-4117-b9af-34719df71955','06cf74d1-3ae5-4aee-8048-5fab3132f2ba','5ce4a39b-7e40-4486-b5d7-7f910cb36590','b23b7eaa-6c87-413b-b144-42b7afafd4df','f033f831-0ad6-4654-b9cc-9ad6f8c92e8c','af282aaf-606b-4d5f-9ef8-070dc205befb','24c1e762-e92d-485c-ab51-7bd8574e8cb1','2d68eaae-a710-43ae-b278-b376f0865788','21fdd8fe-78d5-4ce1-ae83-7df1ebfc6f56','23922b05-5fbd-49fd-8f6e-3847cabd2503','5c53b1b4-f8e2-4bd1-a376-d983f799cf4b')
[2026-04-16 02:11:06.161] local.info: [15.063ms] [rows:45] SELECT * FROM "permissions" WHERE id IN ('ab6da9f5-8b11-4644-9aaa-009b3b28a4ec','5daf3519-8949-4d26-b4bc-00c8b03f04fe','91166846-7ec1-42de-b134-ce141c3a9d7d','28c919a4-3744-4931-805a-a219892adbe3','789e0c77-5a0c-4ea7-a2e1-606803a6e2bd','6cd9d7a8-34ac-4740-9bc1-aa386ae6de38','8d2454fc-6567-46f9-8527-5843c7142e3c','cf81b7d4-096a-435a-b515-ad3f779199b8','82188518-37d9-45c0-9bca-b0d202cc9449','c01ff63f-6e93-4a78-8e50-87af96ab4a89','a14b8e8b-3f32-475f-8a47-5d33dab3042e','653cb315-36f1-4697-90e4-329900532da2','217d2f9d-5606-432f-99aa-bd6fb720b45f','328bd207-61d6-40ab-9d1d-bbe31ba63a3e','9b3cb586-a24f-4353-8c5a-6a860eba7357','a9280ee9-eb73-4cfb-8092-80f4c2cc5529','e225de9e-e14e-4219-a638-44d136be5613','46c78359-bdb4-421e-9182-d1d095921f20','b0aabdc2-3a7f-496c-a902-ee468671cf24','f4e500e8-45dd-4eeb-8b47-c97d832f18b2','00f63f53-4009-405a-9736-eff543475f78','31cb98ec-4d68-460a-8a6b-1566b0356cb5','29033b15-df4d-4afe-b261-d9f9d978215b','770de03c-008e-4352-915b-dbad46394b3e','386b4440-e446-4a4c-bbf2-2df0b3d482e7','764434f1-f401-4cec-b0a5-94c50e4c10bb','f8315a47-3595-4af7-afca-831deb36ae44','16b41fad-47bb-456e-818a-0e17a10696d3','7dba2974-eed0-4a24-8090-13ce49e8ae9c','2107c201-e779-4d54-b9d8-e77e63506727','540fda97-9bb5-45a3-8677-e5494a35f98d','8db21bed-0a56-4384-b989-46c85bf60a4a','b64fe46a-25b2-4780-b910-8897bab331d1','04b0026e-ed12-4e5e-85e2-1ed905581184','c4b26668-789f-4117-b9af-34719df71955','06cf74d1-3ae5-4aee-8048-5fab3132f2ba','5ce4a39b-7e40-4486-b5d7-7f910cb36590','b23b7eaa-6c87-413b-b144-42b7afafd4df','f033f831-0ad6-4654-b9cc-9ad6f8c92e8c','af282aaf-606b-4d5f-9ef8-070dc205befb','24c1e762-e92d-485c-ab51-7bd8574e8cb1','2d68eaae-a710-43ae-b278-b376f0865788','21fdd8fe-78d5-4ce1-ae83-7df1ebfc6f56','23922b05-5fbd-49fd-8f6e-3847cabd2503','5c53b1b4-f8e2-4bd1-a376-d983f799cf4b')
[2026-04-16 02:11:06.161] local.info: [9.832ms] [rows:1] SELECT count(*) FROM "document_categories" WHERE deleted_at IS NULL
[2026-04-16 02:11:06.17] local.info: [15.840ms] [rows:1] SELECT * FROM "document_types" WHERE "document_types"."id" = '7367ca3d-eb1d-43dd-a115-cf3d2ceecdfa'
[2026-04-16 02:11:06.17] local.info: [13.204ms] [rows:1] SELECT count(*) FROM "notifications" WHERE user_id = '00000000-0000-0000-0000-000000000099' AND is_read = false
[2026-04-16 02:11:06.17] local.info: [16.075ms] [rows:1] SELECT count(*) FROM "document_types"
[2026-04-16 02:11:06.17] local.info: [15.952ms] [rows:1] SELECT * FROM "companies" ORDER BY created_at desc LIMIT 20
[2026-04-16 02:11:06.179] local.info: [17.707ms] [rows:1] SELECT * FROM "document_templates" WHERE id = 'ef6ad65a-07d2-444b-951d-d197ee14c8a0' ORDER BY "document_templates"."id" LIMIT 1
[2026-04-16 02:11:06.179] local.info: [17.639ms] [rows:1] SELECT * FROM "document_categories" WHERE deleted_at IS NULL ORDER BY sort_order asc, created_at desc LIMIT 20
[2026-04-16 02:11:06.179] local.info: [9.482ms] [rows:3] SELECT * FROM "template_tags" WHERE "template_tags"."template_id" = 'ef6ad65a-07d2-444b-951d-d197ee14c8a0'
[2026-04-16 02:11:06.179] local.info: [35.092ms] [rows:1] SELECT * FROM "document_templates" WHERE id = 'ef6ad65a-07d2-444b-951d-d197ee14c8a0' ORDER BY "document_templates"."id" LIMIT 1
[2026-04-16 02:11:06.194] local.info: [24.009ms] [rows:5] SELECT * FROM "document_types" ORDER BY sort_order asc, created_at desc LIMIT 20
[2026-04-16 02:11:06.194] local.info: [15.412ms] [rows:3] SELECT * FROM "template_tags" WHERE template_id = 'ef6ad65a-07d2-444b-951d-d197ee14c8a0' ORDER BY group_order asc, field_order asc
[2026-04-16 02:11:06.214] local.info: [17.693ms] [rows:1] SELECT * FROM "users" WHERE id = '00000000-0000-0000-0000-000000000099' ORDER BY "users"."id" LIMIT 1
[2026-04-16 02:11:06.234] local.info: [20.041ms] [rows:1] SELECT * FROM "user_roles" WHERE user_id = '00000000-0000-0000-0000-000000000099'
[2026-04-16 02:11:06.254] local.info: [19.663ms] [rows:1] SELECT * FROM "roles" WHERE id IN ('68c46dfb-a565-4938-99d7-9fdd0acf8a7e')
[2026-04-16 02:11:06.274] local.info: [19.809ms] [rows:45] SELECT * FROM "role_permissions" WHERE role_id IN ('68c46dfb-a565-4938-99d7-9fdd0acf8a7e')
[2026-04-16 02:11:06.294] local.info: [20.267ms] [rows:45] SELECT * FROM "permissions" WHERE id IN ('ab6da9f5-8b11-4644-9aaa-009b3b28a4ec','5daf3519-8949-4d26-b4bc-00c8b03f04fe','91166846-7ec1-42de-b134-ce141c3a9d7d','28c919a4-3744-4931-805a-a219892adbe3','789e0c77-5a0c-4ea7-a2e1-606803a6e2bd','6cd9d7a8-34ac-4740-9bc1-aa386ae6de38','8d2454fc-6567-46f9-8527-5843c7142e3c','cf81b7d4-096a-435a-b515-ad3f779199b8','82188518-37d9-45c0-9bca-b0d202cc9449','c01ff63f-6e93-4a78-8e50-87af96ab4a89','a14b8e8b-3f32-475f-8a47-5d33dab3042e','653cb315-36f1-4697-90e4-329900532da2','217d2f9d-5606-432f-99aa-bd6fb720b45f','328bd207-61d6-40ab-9d1d-bbe31ba63a3e','9b3cb586-a24f-4353-8c5a-6a860eba7357','a9280ee9-eb73-4cfb-8092-80f4c2cc5529','e225de9e-e14e-4219-a638-44d136be5613','46c78359-bdb4-421e-9182-d1d095921f20','b0aabdc2-3a7f-496c-a902-ee468671cf24','f4e500e8-45dd-4eeb-8b47-c97d832f18b2','00f63f53-4009-405a-9736-eff543475f78','31cb98ec-4d68-460a-8a6b-1566b0356cb5','29033b15-df4d-4afe-b261-d9f9d978215b','770de03c-008e-4352-915b-dbad46394b3e','386b4440-e446-4a4c-bbf2-2df0b3d482e7','764434f1-f401-4cec-b0a5-94c50e4c10bb','f8315a47-3595-4af7-afca-831deb36ae44','16b41fad-47bb-456e-818a-0e17a10696d3','7dba2974-eed0-4a24-8090-13ce49e8ae9c','2107c201-e779-4d54-b9d8-e77e63506727','540fda97-9bb5-45a3-8677-e5494a35f98d','8db21bed-0a56-4384-b989-46c85bf60a4a','b64fe46a-25b2-4780-b910-8897bab331d1','04b0026e-ed12-4e5e-85e2-1ed905581184','c4b26668-789f-4117-b9af-34719df71955','06cf74d1-3ae5-4aee-8048-5fab3132f2ba','5ce4a39b-7e40-4486-b5d7-7f910cb36590','b23b7eaa-6c87-413b-b144-42b7afafd4df','f033f831-0ad6-4654-b9cc-9ad6f8c92e8c','af282aaf-606b-4d5f-9ef8-070dc205befb','24c1e762-e92d-485c-ab51-7bd8574e8cb1','2d68eaae-a710-43ae-b278-b376f0865788','21fdd8fe-78d5-4ce1-ae83-7df1ebfc6f56','23922b05-5fbd-49fd-8f6e-3847cabd2503','5c53b1b4-f8e2-4bd1-a376-d983f799cf4b')
[2026-04-16 02:11:06.313] local.info: [19.216ms] [rows:1] SELECT count(*) FROM "document_types"
[2026-04-16 02:11:06.334] local.info: [20.202ms] [rows:5] SELECT * FROM "document_types" ORDER BY sort_order asc, created_at desc LIMIT 20
[2026-04-16 02:11:06.547] local.info: [21.477ms] [rows:1] SELECT * FROM "users" WHERE id = '00000000-0000-0000-0000-000000000099' ORDER BY "users"."id" LIMIT 1
[2026-04-16 02:11:06.547] local.info: [11.252ms] [rows:1] SELECT * FROM "users" WHERE id = '00000000-0000-0000-0000-000000000099' ORDER BY "users"."id" LIMIT 1
[2026-04-16 02:11:06.553] local.info: [9.704ms] [rows:1] SELECT * FROM "users" WHERE id = '00000000-0000-0000-0000-000000000099' ORDER BY "users"."id" LIMIT 1
[2026-04-16 02:11:06.553] local.info: [9.705ms] [rows:1] SELECT * FROM "users" WHERE id = '00000000-0000-0000-0000-000000000099' ORDER BY "users"."id" LIMIT 1
[2026-04-16 02:11:06.553] local.info: [9.705ms] [rows:1] SELECT * FROM "users" WHERE id = '00000000-0000-0000-0000-000000000099' ORDER BY "users"."id" LIMIT 1
[2026-04-16 02:11:06.56] local.info: [16.497ms] [rows:1] SELECT * FROM "users" WHERE id = '00000000-0000-0000-0000-000000000099' ORDER BY "users"."id" LIMIT 1
[2026-04-16 02:11:06.56] local.info: [13.038ms] [rows:1] SELECT * FROM "user_roles" WHERE user_id = '00000000-0000-0000-0000-000000000099'
[2026-04-16 02:11:06.56] local.info: [13.152ms] [rows:1] SELECT * FROM "user_roles" WHERE user_id = '00000000-0000-0000-0000-000000000099'
[2026-04-16 02:11:06.56] local.info: [7.250ms] [rows:1] SELECT * FROM "user_roles" WHERE user_id = '00000000-0000-0000-0000-000000000099'
[2026-04-16 02:11:06.56] local.info: [7.323ms] [rows:1] SELECT * FROM "user_roles" WHERE user_id = '00000000-0000-0000-0000-000000000099'
[2026-04-16 02:11:06.567] local.info: [14.053ms] [rows:1] SELECT * FROM "user_roles" WHERE user_id = '00000000-0000-0000-0000-000000000099'
[2026-04-16 02:11:06.567] local.info: [7.469ms] [rows:1] SELECT * FROM "user_roles" WHERE user_id = '00000000-0000-0000-0000-000000000099'
[2026-04-16 02:11:06.585] local.info: [25.170ms] [rows:1] SELECT * FROM "roles" WHERE id IN ('68c46dfb-a565-4938-99d7-9fdd0acf8a7e')
[2026-04-16 02:11:06.585] local.info: [25.192ms] [rows:1] SELECT * FROM "roles" WHERE id IN ('68c46dfb-a565-4938-99d7-9fdd0acf8a7e')
[2026-04-16 02:11:06.585] local.info: [24.666ms] [rows:1] SELECT * FROM "roles" WHERE id IN ('68c46dfb-a565-4938-99d7-9fdd0acf8a7e')
[2026-04-16 02:11:06.585] local.info: [24.761ms] [rows:1] SELECT * FROM "roles" WHERE id IN ('68c46dfb-a565-4938-99d7-9fdd0acf8a7e')
[2026-04-16 02:11:06.585] local.info: [17.891ms] [rows:1] SELECT * FROM "roles" WHERE id IN ('68c46dfb-a565-4938-99d7-9fdd0acf8a7e')
[2026-04-16 02:11:06.585] local.info: [17.778ms] [rows:1] SELECT * FROM "roles" WHERE id IN ('68c46dfb-a565-4938-99d7-9fdd0acf8a7e')
[2026-04-16 02:11:06.595] local.info: [9.770ms] [rows:45] SELECT * FROM "role_permissions" WHERE role_id IN ('68c46dfb-a565-4938-99d7-9fdd0acf8a7e')
[2026-04-16 02:11:06.597] local.info: [11.510ms] [rows:45] SELECT * FROM "role_permissions" WHERE role_id IN ('68c46dfb-a565-4938-99d7-9fdd0acf8a7e')
[2026-04-16 02:11:06.597] local.info: [11.555ms] [rows:45] SELECT * FROM "role_permissions" WHERE role_id IN ('68c46dfb-a565-4938-99d7-9fdd0acf8a7e')
[2026-04-16 02:11:06.599] local.info: [13.509ms] [rows:45] SELECT * FROM "role_permissions" WHERE role_id IN ('68c46dfb-a565-4938-99d7-9fdd0acf8a7e')
[2026-04-16 02:11:06.599] local.info: [13.782ms] [rows:45] SELECT * FROM "role_permissions" WHERE role_id IN ('68c46dfb-a565-4938-99d7-9fdd0acf8a7e')
[2026-04-16 02:11:06.604] local.info: [18.717ms] [rows:45] SELECT * FROM "role_permissions" WHERE role_id IN ('68c46dfb-a565-4938-99d7-9fdd0acf8a7e')
[2026-04-16 02:11:06.607] local.info: [10.034ms] [rows:45] SELECT * FROM "permissions" WHERE id IN ('ab6da9f5-8b11-4644-9aaa-009b3b28a4ec','5daf3519-8949-4d26-b4bc-00c8b03f04fe','91166846-7ec1-42de-b134-ce141c3a9d7d','28c919a4-3744-4931-805a-a219892adbe3','789e0c77-5a0c-4ea7-a2e1-606803a6e2bd','6cd9d7a8-34ac-4740-9bc1-aa386ae6de38','8d2454fc-6567-46f9-8527-5843c7142e3c','cf81b7d4-096a-435a-b515-ad3f779199b8','82188518-37d9-45c0-9bca-b0d202cc9449','c01ff63f-6e93-4a78-8e50-87af96ab4a89','a14b8e8b-3f32-475f-8a47-5d33dab3042e','653cb315-36f1-4697-90e4-329900532da2','217d2f9d-5606-432f-99aa-bd6fb720b45f','328bd207-61d6-40ab-9d1d-bbe31ba63a3e','9b3cb586-a24f-4353-8c5a-6a860eba7357','a9280ee9-eb73-4cfb-8092-80f4c2cc5529','e225de9e-e14e-4219-a638-44d136be5613','46c78359-bdb4-421e-9182-d1d095921f20','b0aabdc2-3a7f-496c-a902-ee468671cf24','f4e500e8-45dd-4eeb-8b47-c97d832f18b2','00f63f53-4009-405a-9736-eff543475f78','31cb98ec-4d68-460a-8a6b-1566b0356cb5','29033b15-df4d-4afe-b261-d9f9d978215b','770de03c-008e-4352-915b-dbad46394b3e','386b4440-e446-4a4c-bbf2-2df0b3d482e7','764434f1-f401-4cec-b0a5-94c50e4c10bb','f8315a47-3595-4af7-afca-831deb36ae44','16b41fad-47bb-456e-818a-0e17a10696d3','7dba2974-eed0-4a24-8090-13ce49e8ae9c','2107c201-e779-4d54-b9d8-e77e63506727','540fda97-9bb5-45a3-8677-e5494a35f98d','8db21bed-0a56-4384-b989-46c85bf60a4a','b64fe46a-25b2-4780-b910-8897bab331d1','04b0026e-ed12-4e5e-85e2-1ed905581184','c4b26668-789f-4117-b9af-34719df71955','06cf74d1-3ae5-4aee-8048-5fab3132f2ba','5ce4a39b-7e40-4486-b5d7-7f910cb36590','b23b7eaa-6c87-413b-b144-42b7afafd4df','f033f831-0ad6-4654-b9cc-9ad6f8c92e8c','af282aaf-606b-4d5f-9ef8-070dc205befb','24c1e762-e92d-485c-ab51-7bd8574e8cb1','2d68eaae-a710-43ae-b278-b376f0865788','21fdd8fe-78d5-4ce1-ae83-7df1ebfc6f56','23922b05-5fbd-49fd-8f6e-3847cabd2503','5c53b1b4-f8e2-4bd1-a376-d983f799cf4b')
[2026-04-16 02:11:06.607] local.info: [12.175ms] [rows:45] SELECT * FROM "permissions" WHERE id IN ('ab6da9f5-8b11-4644-9aaa-009b3b28a4ec','5daf3519-8949-4d26-b4bc-00c8b03f04fe','91166846-7ec1-42de-b134-ce141c3a9d7d','28c919a4-3744-4931-805a-a219892adbe3','789e0c77-5a0c-4ea7-a2e1-606803a6e2bd','6cd9d7a8-34ac-4740-9bc1-aa386ae6de38','8d2454fc-6567-46f9-8527-5843c7142e3c','cf81b7d4-096a-435a-b515-ad3f779199b8','82188518-37d9-45c0-9bca-b0d202cc9449','c01ff63f-6e93-4a78-8e50-87af96ab4a89','a14b8e8b-3f32-475f-8a47-5d33dab3042e','653cb315-36f1-4697-90e4-329900532da2','217d2f9d-5606-432f-99aa-bd6fb720b45f','328bd207-61d6-40ab-9d1d-bbe31ba63a3e','9b3cb586-a24f-4353-8c5a-6a860eba7357','a9280ee9-eb73-4cfb-8092-80f4c2cc5529','e225de9e-e14e-4219-a638-44d136be5613','46c78359-bdb4-421e-9182-d1d095921f20','b0aabdc2-3a7f-496c-a902-ee468671cf24','f4e500e8-45dd-4eeb-8b47-c97d832f18b2','00f63f53-4009-405a-9736-eff543475f78','31cb98ec-4d68-460a-8a6b-1566b0356cb5','29033b15-df4d-4afe-b261-d9f9d978215b','770de03c-008e-4352-915b-dbad46394b3e','386b4440-e446-4a4c-bbf2-2df0b3d482e7','764434f1-f401-4cec-b0a5-94c50e4c10bb','f8315a47-3595-4af7-afca-831deb36ae44','16b41fad-47bb-456e-818a-0e17a10696d3','7dba2974-eed0-4a24-8090-13ce49e8ae9c','2107c201-e779-4d54-b9d8-e77e63506727','540fda97-9bb5-45a3-8677-e5494a35f98d','8db21bed-0a56-4384-b989-46c85bf60a4a','b64fe46a-25b2-4780-b910-8897bab331d1','04b0026e-ed12-4e5e-85e2-1ed905581184','c4b26668-789f-4117-b9af-34719df71955','06cf74d1-3ae5-4aee-8048-5fab3132f2ba','5ce4a39b-7e40-4486-b5d7-7f910cb36590','b23b7eaa-6c87-413b-b144-42b7afafd4df','f033f831-0ad6-4654-b9cc-9ad6f8c92e8c','af282aaf-606b-4d5f-9ef8-070dc205befb','24c1e762-e92d-485c-ab51-7bd8574e8cb1','2d68eaae-a710-43ae-b278-b376f0865788','21fdd8fe-78d5-4ce1-ae83-7df1ebfc6f56','23922b05-5fbd-49fd-8f6e-3847cabd2503','5c53b1b4-f8e2-4bd1-a376-d983f799cf4b')
[2026-04-16 02:11:06.609] local.info: [11.651ms] [rows:45] SELECT * FROM "permissions" WHERE id IN ('ab6da9f5-8b11-4644-9aaa-009b3b28a4ec','5daf3519-8949-4d26-b4bc-00c8b03f04fe','91166846-7ec1-42de-b134-ce141c3a9d7d','28c919a4-3744-4931-805a-a219892adbe3','789e0c77-5a0c-4ea7-a2e1-606803a6e2bd','6cd9d7a8-34ac-4740-9bc1-aa386ae6de38','8d2454fc-6567-46f9-8527-5843c7142e3c','cf81b7d4-096a-435a-b515-ad3f779199b8','82188518-37d9-45c0-9bca-b0d202cc9449','c01ff63f-6e93-4a78-8e50-87af96ab4a89','a14b8e8b-3f32-475f-8a47-5d33dab3042e','653cb315-36f1-4697-90e4-329900532da2','217d2f9d-5606-432f-99aa-bd6fb720b45f','328bd207-61d6-40ab-9d1d-bbe31ba63a3e','9b3cb586-a24f-4353-8c5a-6a860eba7357','a9280ee9-eb73-4cfb-8092-80f4c2cc5529','e225de9e-e14e-4219-a638-44d136be5613','46c78359-bdb4-421e-9182-d1d095921f20','b0aabdc2-3a7f-496c-a902-ee468671cf24','f4e500e8-45dd-4eeb-8b47-c97d832f18b2','00f63f53-4009-405a-9736-eff543475f78','31cb98ec-4d68-460a-8a6b-1566b0356cb5','29033b15-df4d-4afe-b261-d9f9d978215b','770de03c-008e-4352-915b-dbad46394b3e','386b4440-e446-4a4c-bbf2-2df0b3d482e7','764434f1-f401-4cec-b0a5-94c50e4c10bb','f8315a47-3595-4af7-afca-831deb36ae44','16b41fad-47bb-456e-818a-0e17a10696d3','7dba2974-eed0-4a24-8090-13ce49e8ae9c','2107c201-e779-4d54-b9d8-e77e63506727','540fda97-9bb5-45a3-8677-e5494a35f98d','8db21bed-0a56-4384-b989-46c85bf60a4a','b64fe46a-25b2-4780-b910-8897bab331d1','04b0026e-ed12-4e5e-85e2-1ed905581184','c4b26668-789f-4117-b9af-34719df71955','06cf74d1-3ae5-4aee-8048-5fab3132f2ba','5ce4a39b-7e40-4486-b5d7-7f910cb36590','b23b7eaa-6c87-413b-b144-42b7afafd4df','f033f831-0ad6-4654-b9cc-9ad6f8c92e8c','af282aaf-606b-4d5f-9ef8-070dc205befb','24c1e762-e92d-485c-ab51-7bd8574e8cb1','2d68eaae-a710-43ae-b278-b376f0865788','21fdd8fe-78d5-4ce1-ae83-7df1ebfc6f56','23922b05-5fbd-49fd-8f6e-3847cabd2503','5c53b1b4-f8e2-4bd1-a376-d983f799cf4b')
[2026-04-16 02:11:06.611] local.info: [12.091ms] [rows:45] SELECT * FROM "permissions" WHERE id IN ('ab6da9f5-8b11-4644-9aaa-009b3b28a4ec','5daf3519-8949-4d26-b4bc-00c8b03f04fe','91166846-7ec1-42de-b134-ce141c3a9d7d','28c919a4-3744-4931-805a-a219892adbe3','789e0c77-5a0c-4ea7-a2e1-606803a6e2bd','6cd9d7a8-34ac-4740-9bc1-aa386ae6de38','8d2454fc-6567-46f9-8527-5843c7142e3c','cf81b7d4-096a-435a-b515-ad3f779199b8','82188518-37d9-45c0-9bca-b0d202cc9449','c01ff63f-6e93-4a78-8e50-87af96ab4a89','a14b8e8b-3f32-475f-8a47-5d33dab3042e','653cb315-36f1-4697-90e4-329900532da2','217d2f9d-5606-432f-99aa-bd6fb720b45f','328bd207-61d6-40ab-9d1d-bbe31ba63a3e','9b3cb586-a24f-4353-8c5a-6a860eba7357','a9280ee9-eb73-4cfb-8092-80f4c2cc5529','e225de9e-e14e-4219-a638-44d136be5613','46c78359-bdb4-421e-9182-d1d095921f20','b0aabdc2-3a7f-496c-a902-ee468671cf24','f4e500e8-45dd-4eeb-8b47-c97d832f18b2','00f63f53-4009-405a-9736-eff543475f78','31cb98ec-4d68-460a-8a6b-1566b0356cb5','29033b15-df4d-4afe-b261-d9f9d978215b','770de03c-008e-4352-915b-dbad46394b3e','386b4440-e446-4a4c-bbf2-2df0b3d482e7','764434f1-f401-4cec-b0a5-94c50e4c10bb','f8315a47-3595-4af7-afca-831deb36ae44','16b41fad-47bb-456e-818a-0e17a10696d3','7dba2974-eed0-4a24-8090-13ce49e8ae9c','2107c201-e779-4d54-b9d8-e77e63506727','540fda97-9bb5-45a3-8677-e5494a35f98d','8db21bed-0a56-4384-b989-46c85bf60a4a','b64fe46a-25b2-4780-b910-8897bab331d1','04b0026e-ed12-4e5e-85e2-1ed905581184','c4b26668-789f-4117-b9af-34719df71955','06cf74d1-3ae5-4aee-8048-5fab3132f2ba','5ce4a39b-7e40-4486-b5d7-7f910cb36590','b23b7eaa-6c87-413b-b144-42b7afafd4df','f033f831-0ad6-4654-b9cc-9ad6f8c92e8c','af282aaf-606b-4d5f-9ef8-070dc205befb','24c1e762-e92d-485c-ab51-7bd8574e8cb1','2d68eaae-a710-43ae-b278-b376f0865788','21fdd8fe-78d5-4ce1-ae83-7df1ebfc6f56','23922b05-5fbd-49fd-8f6e-3847cabd2503','5c53b1b4-f8e2-4bd1-a376-d983f799cf4b')
[2026-04-16 02:11:06.616] local.info: [17.309ms] [rows:45] SELECT * FROM "permissions" WHERE id IN ('ab6da9f5-8b11-4644-9aaa-009b3b28a4ec','5daf3519-8949-4d26-b4bc-00c8b03f04fe','91166846-7ec1-42de-b134-ce141c3a9d7d','28c919a4-3744-4931-805a-a219892adbe3','789e0c77-5a0c-4ea7-a2e1-606803a6e2bd','6cd9d7a8-34ac-4740-9bc1-aa386ae6de38','8d2454fc-6567-46f9-8527-5843c7142e3c','cf81b7d4-096a-435a-b515-ad3f779199b8','82188518-37d9-45c0-9bca-b0d202cc9449','c01ff63f-6e93-4a78-8e50-87af96ab4a89','a14b8e8b-3f32-475f-8a47-5d33dab3042e','653cb315-36f1-4697-90e4-329900532da2','217d2f9d-5606-432f-99aa-bd6fb720b45f','328bd207-61d6-40ab-9d1d-bbe31ba63a3e','9b3cb586-a24f-4353-8c5a-6a860eba7357','a9280ee9-eb73-4cfb-8092-80f4c2cc5529','e225de9e-e14e-4219-a638-44d136be5613','46c78359-bdb4-421e-9182-d1d095921f20','b0aabdc2-3a7f-496c-a902-ee468671cf24','f4e500e8-45dd-4eeb-8b47-c97d832f18b2','00f63f53-4009-405a-9736-eff543475f78','31cb98ec-4d68-460a-8a6b-1566b0356cb5','29033b15-df4d-4afe-b261-d9f9d978215b','770de03c-008e-4352-915b-dbad46394b3e','386b4440-e446-4a4c-bbf2-2df0b3d482e7','764434f1-f401-4cec-b0a5-94c50e4c10bb','f8315a47-3595-4af7-afca-831deb36ae44','16b41fad-47bb-456e-818a-0e17a10696d3','7dba2974-eed0-4a24-8090-13ce49e8ae9c','2107c201-e779-4d54-b9d8-e77e63506727','540fda97-9bb5-45a3-8677-e5494a35f98d','8db21bed-0a56-4384-b989-46c85bf60a4a','b64fe46a-25b2-4780-b910-8897bab331d1','04b0026e-ed12-4e5e-85e2-1ed905581184','c4b26668-789f-4117-b9af-34719df71955','06cf74d1-3ae5-4aee-8048-5fab3132f2ba','5ce4a39b-7e40-4486-b5d7-7f910cb36590','b23b7eaa-6c87-413b-b144-42b7afafd4df','f033f831-0ad6-4654-b9cc-9ad6f8c92e8c','af282aaf-606b-4d5f-9ef8-070dc205befb','24c1e762-e92d-485c-ab51-7bd8574e8cb1','2d68eaae-a710-43ae-b278-b376f0865788','21fdd8fe-78d5-4ce1-ae83-7df1ebfc6f56','23922b05-5fbd-49fd-8f6e-3847cabd2503','5c53b1b4-f8e2-4bd1-a376-d983f799cf4b')
[2026-04-16 02:11:06.618] local.info: [9.855ms] [rows:0] SELECT * FROM "workflow_instances" WHERE document_id = '1cb5293d-d875-4bab-865b-85e18ccee4aa' AND status = 'active' ORDER BY "workflow_instances"."id" LIMIT 1
[2026-04-16 02:11:06.619] local.info: [11.304ms] [rows:1] SELECT count(*) FROM "notifications" WHERE user_id = '00000000-0000-0000-0000-000000000099' AND is_read = false
[2026-04-16 02:11:06.619] local.info: [11.711ms] [rows:1] SELECT * FROM "documents" WHERE id = '1cb5293d-d875-4bab-865b-85e18ccee4aa' AND deleted_at IS NULL ORDER BY "documents"."id" LIMIT 1
[2026-04-16 02:11:06.619] local.info: [15.050ms] [rows:45] SELECT * FROM "permissions" WHERE id IN ('ab6da9f5-8b11-4644-9aaa-009b3b28a4ec','5daf3519-8949-4d26-b4bc-00c8b03f04fe','91166846-7ec1-42de-b134-ce141c3a9d7d','28c919a4-3744-4931-805a-a219892adbe3','789e0c77-5a0c-4ea7-a2e1-606803a6e2bd','6cd9d7a8-34ac-4740-9bc1-aa386ae6de38','8d2454fc-6567-46f9-8527-5843c7142e3c','cf81b7d4-096a-435a-b515-ad3f779199b8','82188518-37d9-45c0-9bca-b0d202cc9449','c01ff63f-6e93-4a78-8e50-87af96ab4a89','a14b8e8b-3f32-475f-8a47-5d33dab3042e','653cb315-36f1-4697-90e4-329900532da2','217d2f9d-5606-432f-99aa-bd6fb720b45f','328bd207-61d6-40ab-9d1d-bbe31ba63a3e','9b3cb586-a24f-4353-8c5a-6a860eba7357','a9280ee9-eb73-4cfb-8092-80f4c2cc5529','e225de9e-e14e-4219-a638-44d136be5613','46c78359-bdb4-421e-9182-d1d095921f20','b0aabdc2-3a7f-496c-a902-ee468671cf24','f4e500e8-45dd-4eeb-8b47-c97d832f18b2','00f63f53-4009-405a-9736-eff543475f78','31cb98ec-4d68-460a-8a6b-1566b0356cb5','29033b15-df4d-4afe-b261-d9f9d978215b','770de03c-008e-4352-915b-dbad46394b3e','386b4440-e446-4a4c-bbf2-2df0b3d482e7','764434f1-f401-4cec-b0a5-94c50e4c10bb','f8315a47-3595-4af7-afca-831deb36ae44','16b41fad-47bb-456e-818a-0e17a10696d3','7dba2974-eed0-4a24-8090-13ce49e8ae9c','2107c201-e779-4d54-b9d8-e77e63506727','540fda97-9bb5-45a3-8677-e5494a35f98d','8db21bed-0a56-4384-b989-46c85bf60a4a','b64fe46a-25b2-4780-b910-8897bab331d1','04b0026e-ed12-4e5e-85e2-1ed905581184','c4b26668-789f-4117-b9af-34719df71955','06cf74d1-3ae5-4aee-8048-5fab3132f2ba','5ce4a39b-7e40-4486-b5d7-7f910cb36590','b23b7eaa-6c87-413b-b144-42b7afafd4df','f033f831-0ad6-4654-b9cc-9ad6f8c92e8c','af282aaf-606b-4d5f-9ef8-070dc205befb','24c1e762-e92d-485c-ab51-7bd8574e8cb1','2d68eaae-a710-43ae-b278-b376f0865788','21fdd8fe-78d5-4ce1-ae83-7df1ebfc6f56','23922b05-5fbd-49fd-8f6e-3847cabd2503','5c53b1b4-f8e2-4bd1-a376-d983f799cf4b')
[2026-04-16 02:11:06.63] local.info: [18.839ms] [rows:1] SELECT * FROM "documents" WHERE id = '1cb5293d-d875-4bab-865b-85e18ccee4aa' AND deleted_at IS NULL ORDER BY "documents"."id" LIMIT 1
[2026-04-16 02:11:06.63] local.info: [13.613ms] [rows:1] SELECT count(*) FROM "document_types"
[2026-04-16 02:11:06.638] local.error: [18.820ms] [rows:0] SELECT * FROM "document_comments" WHERE (document_id = '1cb5293d-d875-4bab-865b-85e18ccee4aa' AND deleted_at IS NULL) AND parent_id IS NULL ORDER BY created_at desc	ERROR: column "parent_id" does not exist (SQLSTATE 42703)
[Trace] /Users/arivin29macmini/go/pkg/mod/github.com/goravel/framework@v1.17.2/log/writer.go:202 [log.(*Writer).withStackTrace]
/Users/arivin29macmini/go/pkg/mod/github.com/goravel/framework@v1.17.2/log/writer.go:65 [log.(*Writer).Errorf]
/Users/arivin29macmini/go/pkg/mod/github.com/goravel/framework@v1.17.2/database/db/logger.go:79 [db.(*Logger).Errorf]
/Users/arivin29macmini/go/pkg/mod/github.com/goravel/framework@v1.17.2/database/db/logger.go:102 [db.(*Logger).Trace]
/Users/arivin29macmini/go/pkg/mod/github.com/goravel/framework@v1.17.2/database/db/logger.go:153 [db.(*Gorm).Trace]
/Users/arivin29macmini/go/pkg/mod/gorm.io/gorm@v1.31.1/callbacks.go:140 [gorm.(*processor).Execute]
/Users/arivin29macmini/go/pkg/mod/gorm.io/gorm@v1.31.1/finisher_api.go:172 [gorm.(*DB).Find]
/Users/arivin29macmini/go/pkg/mod/github.com/goravel/framework@v1.17.2/database/gorm/query.go:270 [gorm.(*Query).Find]
/Users/arivin29macmini/go/pkg/mod/github.com/goravel/framework@v1.17.2/database/gorm/query.go:417 [gorm.(*Query).Get]
/Users/arivin29macmini/Documents/DEVETEK/BMS/dms/app/repositories/comment_repository.go:83 [repositories.(*commentRepository).List]
/Users/arivin29macmini/Documents/DEVETEK/BMS/dms/app/services/comment_service.go:73 [services.(*CommentService).List]
/Users/arivin29macmini/Documents/DEVETEK/BMS/dms/app/http/controllers/comment_controller.go:29 [controllers.(*CommentController).Index]
/Users/arivin29macmini/go/pkg/mod/github.com/goravel/gin@v1.17.0/utils.go:37 [gin.(*Group).Get.handlerToGinHandler.func1]
/Users/arivin29macmini/go/pkg/mod/github.com/gin-gonic/gin@v1.11.0/context.go:192 [gin.(*Context).Next]
/Users/arivin29macmini/go/pkg/mod/github.com/goravel/gin@v1.17.0/context_request.go:230 [gin.(*ContextRequest).Next]
/Users/arivin29macmini/go/pkg/mod/github.com/goravel/gin@v1.17.0/context_response.go:157 [gin.(*Route).init.ResponseMiddleware.func2]
/Users/arivin29macmini/go/pkg/mod/github.com/goravel/gin@v1.17.0/utils.go:54 [gin.(*Group).WithMiddlewares.middlewaresToGinHandlers.middlewareToGinHandler.func1]
/Users/arivin29macmini/go/pkg/mod/github.com/gin-gonic/gin@v1.11.0/context.go:192 [gin.(*Context).Next]
/Users/arivin29macmini/go/pkg/mod/github.com/goravel/gin@v1.17.0/context_request.go:230 [gin.(*ContextRequest).Next]
/Users/arivin29macmini/Documents/DEVETEK/BMS/dms/app/http/middleware/rbac.go:30 [routes.Api.func2.2.RequirePermission.85]
/Users/arivin29macmini/go/pkg/mod/github.com/goravel/gin@v1.17.0/utils.go:54 [gin.(*Group).WithMiddlewares.middlewaresToGinHandlers.middlewareToGinHandler.func1]
/Users/arivin29macmini/go/pkg/mod/github.com/gin-gonic/gin@v1.11.0/context.go:192 [gin.(*Context).Next]
/Users/arivin29macmini/go/pkg/mod/github.com/goravel/gin@v1.17.0/context_request.go:230 [gin.(*ContextRequest).Next]
/Users/arivin29macmini/Documents/DEVETEK/BMS/dms/app/http/middleware/scope.go:63 [routes.Api.func2.DataScope.5]
/Users/arivin29macmini/go/pkg/mod/github.com/goravel/gin@v1.17.0/utils.go:54 [gin.(*Group).WithMiddlewares.middlewaresToGinHandlers.middlewareToGinHandler.func1]
/Users/arivin29macmini/go/pkg/mod/github.com/gin-gonic/gin@v1.11.0/context.go:192 [gin.(*Context).Next]
/Users/arivin29macmini/go/pkg/mod/github.com/goravel/gin@v1.17.0/context_request.go:230 [gin.(*ContextRequest).Next]
/Users/arivin29macmini/Documents/DEVETEK/BMS/dms/app/http/middleware/auth.go:50 [routes.Api.func2.Auth.4]
/Users/arivin29macmini/go/pkg/mod/github.com/goravel/gin@v1.17.0/utils.go:54 [gin.(*Group).WithMiddlewares.middlewaresToGinHandlers.middlewareToGinHandler.func1]
/Users/arivin29macmini/go/pkg/mod/github.com/gin-gonic/gin@v1.11.0/context.go:192 [gin.(*Context).Next]
/Users/arivin29macmini/go/pkg/mod/github.com/goravel/gin@v1.17.0/context_request.go:230 [gin.(*ContextRequest).Next]
/Users/arivin29macmini/Documents/DEVETEK/BMS/dms/app/http/middleware/cors.go:27 [routes.Api.Cors.func5]
/Users/arivin29macmini/go/pkg/mod/github.com/goravel/gin@v1.17.0/utils.go:54 [gin.(*Group).WithMiddlewares.middlewaresToGinHandlers.middlewareToGinHandler.func1]
/Users/arivin29macmini/go/pkg/mod/github.com/gin-gonic/gin@v1.11.0/context.go:192 [gin.(*Context).Next]
/Users/arivin29macmini/go/pkg/mod/github.com/goravel/gin@v1.17.0/context_request.go:230 [gin.(*ContextRequest).Next]
/Users/arivin29macmini/go/pkg/mod/github.com/goravel/gin@v1.17.0/middleware_tls.go:18 [gin.NewRoute.Tls.func3]
/Users/arivin29macmini/go/pkg/mod/github.com/goravel/gin@v1.17.0/utils.go:54 [gin.(*Route).init.middlewaresToGinHandlers.middlewareToGinHandler.func3]
/Users/arivin29macmini/go/pkg/mod/github.com/gin-gonic/gin@v1.11.0/context.go:192 [gin.(*Context).Next]
/Users/arivin29macmini/go/pkg/mod/github.com/goravel/gin@v1.17.0/context_request.go:230 [gin.(*ContextRequest).Next]
/Users/arivin29macmini/go/pkg/mod/github.com/goravel/gin@v1.17.0/middleware_cors.go:63 [gin.NewRoute.Cors.func2]
/Users/arivin29macmini/go/pkg/mod/github.com/goravel/gin@v1.17.0/utils.go:54 [gin.(*Route).init.middlewaresToGinHandlers.middlewareToGinHandler.func3]
/Users/arivin29macmini/go/pkg/mod/github.com/gin-gonic/gin@v1.11.0/context.go:192 [gin.(*Context).Next]
/Users/arivin29macmini/go/pkg/mod/github.com/goravel/gin@v1.17.0/context_request.go:230 [gin.(*ContextRequest).Next]
[2026-04-16 02:11:06.654] local.info: [23.884ms] [rows:5] SELECT * FROM "document_types" ORDER BY sort_order asc, created_at desc LIMIT 20
[2026-04-16 02:11:06.654] local.info: [16.325ms] [rows:1] SELECT * FROM "document_categories" WHERE "document_categories"."id" = '1de6dcb1-c46b-466f-af65-bc4b8d75de05'
[2026-04-16 02:11:06.674] local.info: [19.850ms] [rows:1] SELECT * FROM "users" WHERE "users"."id" = '00000000-0000-0000-0000-000000000099'
[2026-04-16 02:11:06.674] local.info: [19.375ms] [rows:1] SELECT * FROM "companies" WHERE "companies"."id" = '00000000-0000-0000-0000-000000000001'
[2026-04-16 02:11:06.674] local.info: [43.707ms] [rows:3] SELECT * FROM "document_versions" WHERE document_id = '1cb5293d-d875-4bab-865b-85e18ccee4aa' ORDER BY version_number desc
[2026-04-16 02:11:06.694] local.info: [20.361ms] [rows:1] SELECT * FROM "users" WHERE "users"."id" = '00000000-0000-0000-0000-000000000099'
[2026-04-16 02:11:06.713] local.info: [19.203ms] [rows:1] SELECT * FROM "departments" WHERE "departments"."id" = '00000000-0000-0000-0000-000000000003'
[2026-04-16 02:11:06.733] local.info: [19.998ms] [rows:1] SELECT * FROM "document_types" WHERE "document_types"."id" = '7367ca3d-eb1d-43dd-a115-cf3d2ceecdfa'
[2026-04-16 02:11:06.754] local.info: [19.938ms] [rows:1] SELECT * FROM "offices" WHERE "offices"."id" = '00000000-0000-0000-0000-000000000002'
[2026-04-16 02:11:06.774] local.info: [19.979ms] [rows:1] SELECT * FROM "document_templates" WHERE "document_templates"."id" = 'ef6ad65a-07d2-444b-951d-d197ee14c8a0'
[2026-04-16 02:11:06.774] local.info: [154.688ms] [rows:1] SELECT * FROM "documents" WHERE id = '1cb5293d-d875-4bab-865b-85e18ccee4aa' AND deleted_at IS NULL ORDER BY "documents"."id" LIMIT 1
[2026-04-16 02:11:36.594] local.info: [57.041ms] [rows:1] SELECT * FROM "users" WHERE id = '00000000-0000-0000-0000-000000000099' ORDER BY "users"."id" LIMIT 1
[2026-04-16 02:11:36.614] local.info: [18.838ms] [rows:1] SELECT * FROM "user_roles" WHERE user_id = '00000000-0000-0000-0000-000000000099'
[2026-04-16 02:11:36.634] local.info: [20.201ms] [rows:1] SELECT * FROM "roles" WHERE id IN ('68c46dfb-a565-4938-99d7-9fdd0acf8a7e')
[2026-04-16 02:11:36.657] local.info: [23.369ms] [rows:45] SELECT * FROM "role_permissions" WHERE role_id IN ('68c46dfb-a565-4938-99d7-9fdd0acf8a7e')
[2026-04-16 02:11:36.673] local.info: [15.266ms] [rows:45] SELECT * FROM "permissions" WHERE id IN ('ab6da9f5-8b11-4644-9aaa-009b3b28a4ec','5daf3519-8949-4d26-b4bc-00c8b03f04fe','91166846-7ec1-42de-b134-ce141c3a9d7d','28c919a4-3744-4931-805a-a219892adbe3','789e0c77-5a0c-4ea7-a2e1-606803a6e2bd','6cd9d7a8-34ac-4740-9bc1-aa386ae6de38','8d2454fc-6567-46f9-8527-5843c7142e3c','cf81b7d4-096a-435a-b515-ad3f779199b8','82188518-37d9-45c0-9bca-b0d202cc9449','c01ff63f-6e93-4a78-8e50-87af96ab4a89','a14b8e8b-3f32-475f-8a47-5d33dab3042e','653cb315-36f1-4697-90e4-329900532da2','217d2f9d-5606-432f-99aa-bd6fb720b45f','328bd207-61d6-40ab-9d1d-bbe31ba63a3e','9b3cb586-a24f-4353-8c5a-6a860eba7357','a9280ee9-eb73-4cfb-8092-80f4c2cc5529','e225de9e-e14e-4219-a638-44d136be5613','46c78359-bdb4-421e-9182-d1d095921f20','b0aabdc2-3a7f-496c-a902-ee468671cf24','f4e500e8-45dd-4eeb-8b47-c97d832f18b2','00f63f53-4009-405a-9736-eff543475f78','31cb98ec-4d68-460a-8a6b-1566b0356cb5','29033b15-df4d-4afe-b261-d9f9d978215b','770de03c-008e-4352-915b-dbad46394b3e','386b4440-e446-4a4c-bbf2-2df0b3d482e7','764434f1-f401-4cec-b0a5-94c50e4c10bb','f8315a47-3595-4af7-afca-831deb36ae44','16b41fad-47bb-456e-818a-0e17a10696d3','7dba2974-eed0-4a24-8090-13ce49e8ae9c','2107c201-e779-4d54-b9d8-e77e63506727','540fda97-9bb5-45a3-8677-e5494a35f98d','8db21bed-0a56-4384-b989-46c85bf60a4a','b64fe46a-25b2-4780-b910-8897bab331d1','04b0026e-ed12-4e5e-85e2-1ed905581184','c4b26668-789f-4117-b9af-34719df71955','06cf74d1-3ae5-4aee-8048-5fab3132f2ba','5ce4a39b-7e40-4486-b5d7-7f910cb36590','b23b7eaa-6c87-413b-b144-42b7afafd4df','f033f831-0ad6-4654-b9cc-9ad6f8c92e8c','af282aaf-606b-4d5f-9ef8-070dc205befb','24c1e762-e92d-485c-ab51-7bd8574e8cb1','2d68eaae-a710-43ae-b278-b376f0865788','21fdd8fe-78d5-4ce1-ae83-7df1ebfc6f56','23922b05-5fbd-49fd-8f6e-3847cabd2503','5c53b1b4-f8e2-4bd1-a376-d983f799cf4b')
[2026-04-16 02:11:36.683] local.info: [10.230ms] [rows:1] SELECT count(*) FROM "notifications" WHERE user_id = '00000000-0000-0000-0000-000000000099' AND is_read = false
[2026-04-16 02:11:36.855] local.info: [21.224ms] [rows:1] SELECT * FROM "users" WHERE id = '00000000-0000-0000-0000-000000000099' ORDER BY "users"."id" LIMIT 1
[2026-04-16 02:11:36.873] local.info: [17.809ms] [rows:1] SELECT * FROM "user_roles" WHERE user_id = '00000000-0000-0000-0000-000000000099'
[2026-04-16 02:11:36.894] local.info: [20.516ms] [rows:1] SELECT * FROM "roles" WHERE id IN ('68c46dfb-a565-4938-99d7-9fdd0acf8a7e')
[2026-04-16 02:11:36.913] local.info: [18.987ms] [rows:45] SELECT * FROM "role_permissions" WHERE role_id IN ('68c46dfb-a565-4938-99d7-9fdd0acf8a7e')
[2026-04-16 02:11:36.934] local.info: [20.368ms] [rows:45] SELECT * FROM "permissions" WHERE id IN ('ab6da9f5-8b11-4644-9aaa-009b3b28a4ec','5daf3519-8949-4d26-b4bc-00c8b03f04fe','91166846-7ec1-42de-b134-ce141c3a9d7d','28c919a4-3744-4931-805a-a219892adbe3','789e0c77-5a0c-4ea7-a2e1-606803a6e2bd','6cd9d7a8-34ac-4740-9bc1-aa386ae6de38','8d2454fc-6567-46f9-8527-5843c7142e3c','cf81b7d4-096a-435a-b515-ad3f779199b8','82188518-37d9-45c0-9bca-b0d202cc9449','c01ff63f-6e93-4a78-8e50-87af96ab4a89','a14b8e8b-3f32-475f-8a47-5d33dab3042e','653cb315-36f1-4697-90e4-329900532da2','217d2f9d-5606-432f-99aa-bd6fb720b45f','328bd207-61d6-40ab-9d1d-bbe31ba63a3e','9b3cb586-a24f-4353-8c5a-6a860eba7357','a9280ee9-eb73-4cfb-8092-80f4c2cc5529','e225de9e-e14e-4219-a638-44d136be5613','46c78359-bdb4-421e-9182-d1d095921f20','b0aabdc2-3a7f-496c-a902-ee468671cf24','f4e500e8-45dd-4eeb-8b47-c97d832f18b2','00f63f53-4009-405a-9736-eff543475f78','31cb98ec-4d68-460a-8a6b-1566b0356cb5','29033b15-df4d-4afe-b261-d9f9d978215b','770de03c-008e-4352-915b-dbad46394b3e','386b4440-e446-4a4c-bbf2-2df0b3d482e7','764434f1-f401-4cec-b0a5-94c50e4c10bb','f8315a47-3595-4af7-afca-831deb36ae44','16b41fad-47bb-456e-818a-0e17a10696d3','7dba2974-eed0-4a24-8090-13ce49e8ae9c','2107c201-e779-4d54-b9d8-e77e63506727','540fda97-9bb5-45a3-8677-e5494a35f98d','8db21bed-0a56-4384-b989-46c85bf60a4a','b64fe46a-25b2-4780-b910-8897bab331d1','04b0026e-ed12-4e5e-85e2-1ed905581184','c4b26668-789f-4117-b9af-34719df71955','06cf74d1-3ae5-4aee-8048-5fab3132f2ba','5ce4a39b-7e40-4486-b5d7-7f910cb36590','b23b7eaa-6c87-413b-b144-42b7afafd4df','f033f831-0ad6-4654-b9cc-9ad6f8c92e8c','af282aaf-606b-4d5f-9ef8-070dc205befb','24c1e762-e92d-485c-ab51-7bd8574e8cb1','2d68eaae-a710-43ae-b278-b376f0865788','21fdd8fe-78d5-4ce1-ae83-7df1ebfc6f56','23922b05-5fbd-49fd-8f6e-3847cabd2503','5c53b1b4-f8e2-4bd1-a376-d983f799cf4b')
[2026-04-16 02:11:36.953] local.info: [19.153ms] [rows:1] SELECT count(*) FROM "notifications" WHERE user_id = '00000000-0000-0000-0000-000000000099' AND is_read = false
[2026-04-16 02:11:54.974] local.info: [43.780ms] [rows:1] SELECT * FROM "users" WHERE id = '00000000-0000-0000-0000-000000000099' ORDER BY "users"."id" LIMIT 1
[2026-04-16 02:11:55.003] local.info: [28.428ms] [rows:1] SELECT * FROM "user_roles" WHERE user_id = '00000000-0000-0000-0000-000000000099'
[2026-04-16 02:11:55.033] local.info: [29.395ms] [rows:1] SELECT * FROM "roles" WHERE id IN ('68c46dfb-a565-4938-99d7-9fdd0acf8a7e')
[2026-04-16 02:11:55.053] local.info: [19.822ms] [rows:45] SELECT * FROM "role_permissions" WHERE role_id IN ('68c46dfb-a565-4938-99d7-9fdd0acf8a7e')
[2026-04-16 02:11:55.073] local.info: [20.008ms] [rows:45] SELECT * FROM "permissions" WHERE id IN ('ab6da9f5-8b11-4644-9aaa-009b3b28a4ec','5daf3519-8949-4d26-b4bc-00c8b03f04fe','91166846-7ec1-42de-b134-ce141c3a9d7d','28c919a4-3744-4931-805a-a219892adbe3','789e0c77-5a0c-4ea7-a2e1-606803a6e2bd','6cd9d7a8-34ac-4740-9bc1-aa386ae6de38','8d2454fc-6567-46f9-8527-5843c7142e3c','cf81b7d4-096a-435a-b515-ad3f779199b8','82188518-37d9-45c0-9bca-b0d202cc9449','c01ff63f-6e93-4a78-8e50-87af96ab4a89','a14b8e8b-3f32-475f-8a47-5d33dab3042e','653cb315-36f1-4697-90e4-329900532da2','217d2f9d-5606-432f-99aa-bd6fb720b45f','328bd207-61d6-40ab-9d1d-bbe31ba63a3e','9b3cb586-a24f-4353-8c5a-6a860eba7357','a9280ee9-eb73-4cfb-8092-80f4c2cc5529','e225de9e-e14e-4219-a638-44d136be5613','46c78359-bdb4-421e-9182-d1d095921f20','b0aabdc2-3a7f-496c-a902-ee468671cf24','f4e500e8-45dd-4eeb-8b47-c97d832f18b2','00f63f53-4009-405a-9736-eff543475f78','31cb98ec-4d68-460a-8a6b-1566b0356cb5','29033b15-df4d-4afe-b261-d9f9d978215b','770de03c-008e-4352-915b-dbad46394b3e','386b4440-e446-4a4c-bbf2-2df0b3d482e7','764434f1-f401-4cec-b0a5-94c50e4c10bb','f8315a47-3595-4af7-afca-831deb36ae44','16b41fad-47bb-456e-818a-0e17a10696d3','7dba2974-eed0-4a24-8090-13ce49e8ae9c','2107c201-e779-4d54-b9d8-e77e63506727','540fda97-9bb5-45a3-8677-e5494a35f98d','8db21bed-0a56-4384-b989-46c85bf60a4a','b64fe46a-25b2-4780-b910-8897bab331d1','04b0026e-ed12-4e5e-85e2-1ed905581184','c4b26668-789f-4117-b9af-34719df71955','06cf74d1-3ae5-4aee-8048-5fab3132f2ba','5ce4a39b-7e40-4486-b5d7-7f910cb36590','b23b7eaa-6c87-413b-b144-42b7afafd4df','f033f831-0ad6-4654-b9cc-9ad6f8c92e8c','af282aaf-606b-4d5f-9ef8-070dc205befb','24c1e762-e92d-485c-ab51-7bd8574e8cb1','2d68eaae-a710-43ae-b278-b376f0865788','21fdd8fe-78d5-4ce1-ae83-7df1ebfc6f56','23922b05-5fbd-49fd-8f6e-3847cabd2503','5c53b1b4-f8e2-4bd1-a376-d983f799cf4b')
[2026-04-16 02:11:55.093] local.info: [19.301ms] [rows:1] SELECT * FROM "documents" WHERE id = '1cb5293d-d875-4bab-865b-85e18ccee4aa' AND deleted_at IS NULL ORDER BY "documents"."id" LIMIT 1
[2026-04-16 02:11:55.113] local.info: [19.123ms] [rows:1] SELECT count(*) FROM "document_distributions" WHERE document_id = '1cb5293d-d875-4bab-865b-85e18ccee4aa'
[2026-04-16 02:11:55.133] local.info: [19.551ms] [rows:0] SELECT * FROM "document_distributions" WHERE document_id = '1cb5293d-d875-4bab-865b-85e18ccee4aa' ORDER BY created_at desc LIMIT 20
[2026-04-16 02:12:06.583] local.info: [48.735ms] [rows:1] SELECT * FROM "users" WHERE id = '00000000-0000-0000-0000-000000000099' ORDER BY "users"."id" LIMIT 1
[2026-04-16 02:12:06.603] local.info: [19.340ms] [rows:1] SELECT * FROM "user_roles" WHERE user_id = '00000000-0000-0000-0000-000000000099'
[2026-04-16 02:12:06.643] local.info: [39.800ms] [rows:1] SELECT * FROM "roles" WHERE id IN ('68c46dfb-a565-4938-99d7-9fdd0acf8a7e')
[2026-04-16 02:12:06.673] local.info: [29.919ms] [rows:45] SELECT * FROM "role_permissions" WHERE role_id IN ('68c46dfb-a565-4938-99d7-9fdd0acf8a7e')
[2026-04-16 02:12:06.703] local.info: [29.622ms] [rows:45] SELECT * FROM "permissions" WHERE id IN ('ab6da9f5-8b11-4644-9aaa-009b3b28a4ec','5daf3519-8949-4d26-b4bc-00c8b03f04fe','91166846-7ec1-42de-b134-ce141c3a9d7d','28c919a4-3744-4931-805a-a219892adbe3','789e0c77-5a0c-4ea7-a2e1-606803a6e2bd','6cd9d7a8-34ac-4740-9bc1-aa386ae6de38','8d2454fc-6567-46f9-8527-5843c7142e3c','cf81b7d4-096a-435a-b515-ad3f779199b8','82188518-37d9-45c0-9bca-b0d202cc9449','c01ff63f-6e93-4a78-8e50-87af96ab4a89','a14b8e8b-3f32-475f-8a47-5d33dab3042e','653cb315-36f1-4697-90e4-329900532da2','217d2f9d-5606-432f-99aa-bd6fb720b45f','328bd207-61d6-40ab-9d1d-bbe31ba63a3e','9b3cb586-a24f-4353-8c5a-6a860eba7357','a9280ee9-eb73-4cfb-8092-80f4c2cc5529','e225de9e-e14e-4219-a638-44d136be5613','46c78359-bdb4-421e-9182-d1d095921f20','b0aabdc2-3a7f-496c-a902-ee468671cf24','f4e500e8-45dd-4eeb-8b47-c97d832f18b2','00f63f53-4009-405a-9736-eff543475f78','31cb98ec-4d68-460a-8a6b-1566b0356cb5','29033b15-df4d-4afe-b261-d9f9d978215b','770de03c-008e-4352-915b-dbad46394b3e','386b4440-e446-4a4c-bbf2-2df0b3d482e7','764434f1-f401-4cec-b0a5-94c50e4c10bb','f8315a47-3595-4af7-afca-831deb36ae44','16b41fad-47bb-456e-818a-0e17a10696d3','7dba2974-eed0-4a24-8090-13ce49e8ae9c','2107c201-e779-4d54-b9d8-e77e63506727','540fda97-9bb5-45a3-8677-e5494a35f98d','8db21bed-0a56-4384-b989-46c85bf60a4a','b64fe46a-25b2-4780-b910-8897bab331d1','04b0026e-ed12-4e5e-85e2-1ed905581184','c4b26668-789f-4117-b9af-34719df71955','06cf74d1-3ae5-4aee-8048-5fab3132f2ba','5ce4a39b-7e40-4486-b5d7-7f910cb36590','b23b7eaa-6c87-413b-b144-42b7afafd4df','f033f831-0ad6-4654-b9cc-9ad6f8c92e8c','af282aaf-606b-4d5f-9ef8-070dc205befb','24c1e762-e92d-485c-ab51-7bd8574e8cb1','2d68eaae-a710-43ae-b278-b376f0865788','21fdd8fe-78d5-4ce1-ae83-7df1ebfc6f56','23922b05-5fbd-49fd-8f6e-3847cabd2503','5c53b1b4-f8e2-4bd1-a376-d983f799cf4b')
[2026-04-16 02:12:06.723] local.info: [19.406ms] [rows:1] SELECT count(*) FROM "notifications" WHERE user_id = '00000000-0000-0000-0000-000000000099' AND is_read = false
[2026-04-16 02:12:06.853] local.info: [17.730ms] [rows:1] SELECT * FROM "users" WHERE id = '00000000-0000-0000-0000-000000000099' ORDER BY "users"."id" LIMIT 1
[2026-04-16 02:12:06.882] local.info: [29.611ms] [rows:1] SELECT * FROM "user_roles" WHERE user_id = '00000000-0000-0000-0000-000000000099'
[2026-04-16 02:12:06.902] local.info: [19.958ms] [rows:1] SELECT * FROM "roles" WHERE id IN ('68c46dfb-a565-4938-99d7-9fdd0acf8a7e')
[2026-04-16 02:12:06.923] local.info: [19.995ms] [rows:45] SELECT * FROM "role_permissions" WHERE role_id IN ('68c46dfb-a565-4938-99d7-9fdd0acf8a7e')
[2026-04-16 02:12:06.955] local.info: [32.375ms] [rows:45] SELECT * FROM "permissions" WHERE id IN ('ab6da9f5-8b11-4644-9aaa-009b3b28a4ec','5daf3519-8949-4d26-b4bc-00c8b03f04fe','91166846-7ec1-42de-b134-ce141c3a9d7d','28c919a4-3744-4931-805a-a219892adbe3','789e0c77-5a0c-4ea7-a2e1-606803a6e2bd','6cd9d7a8-34ac-4740-9bc1-aa386ae6de38','8d2454fc-6567-46f9-8527-5843c7142e3c','cf81b7d4-096a-435a-b515-ad3f779199b8','82188518-37d9-45c0-9bca-b0d202cc9449','c01ff63f-6e93-4a78-8e50-87af96ab4a89','a14b8e8b-3f32-475f-8a47-5d33dab3042e','653cb315-36f1-4697-90e4-329900532da2','217d2f9d-5606-432f-99aa-bd6fb720b45f','328bd207-61d6-40ab-9d1d-bbe31ba63a3e','9b3cb586-a24f-4353-8c5a-6a860eba7357','a9280ee9-eb73-4cfb-8092-80f4c2cc5529','e225de9e-e14e-4219-a638-44d136be5613','46c78359-bdb4-421e-9182-d1d095921f20','b0aabdc2-3a7f-496c-a902-ee468671cf24','f4e500e8-45dd-4eeb-8b47-c97d832f18b2','00f63f53-4009-405a-9736-eff543475f78','31cb98ec-4d68-460a-8a6b-1566b0356cb5','29033b15-df4d-4afe-b261-d9f9d978215b','770de03c-008e-4352-915b-dbad46394b3e','386b4440-e446-4a4c-bbf2-2df0b3d482e7','764434f1-f401-4cec-b0a5-94c50e4c10bb','f8315a47-3595-4af7-afca-831deb36ae44','16b41fad-47bb-456e-818a-0e17a10696d3','7dba2974-eed0-4a24-8090-13ce49e8ae9c','2107c201-e779-4d54-b9d8-e77e63506727','540fda97-9bb5-45a3-8677-e5494a35f98d','8db21bed-0a56-4384-b989-46c85bf60a4a','b64fe46a-25b2-4780-b910-8897bab331d1','04b0026e-ed12-4e5e-85e2-1ed905581184','c4b26668-789f-4117-b9af-34719df71955','06cf74d1-3ae5-4aee-8048-5fab3132f2ba','5ce4a39b-7e40-4486-b5d7-7f910cb36590','b23b7eaa-6c87-413b-b144-42b7afafd4df','f033f831-0ad6-4654-b9cc-9ad6f8c92e8c','af282aaf-606b-4d5f-9ef8-070dc205befb','24c1e762-e92d-485c-ab51-7bd8574e8cb1','2d68eaae-a710-43ae-b278-b376f0865788','21fdd8fe-78d5-4ce1-ae83-7df1ebfc6f56','23922b05-5fbd-49fd-8f6e-3847cabd2503','5c53b1b4-f8e2-4bd1-a376-d983f799cf4b')
[2026-04-16 02:12:06.983] local.info: [27.438ms] [rows:1] SELECT count(*) FROM "notifications" WHERE user_id = '00000000-0000-0000-0000-000000000099' AND is_read = false
